timestamp,channel,voltage_mv,strain_ue,stress_mpa,raw_value,telemetry_mode,config_sequence,samples
2026-06-06T12:28:18.242285,1,0.0,0.0,0.0,,1,24,387
2026-06-06T12:28:18.242285,5,0.0,0.0,0.0,,1,24,387
2026-06-06T12:28:18.242285,2,-0.001,0.0,0.0,,1,24,388
2026-06-06T12:28:18.242285,6,0.0,0.0,0.0,,1,24,388
2026-06-06T12:28:18.242285,3,0.001,0.0,0.0,,1,24,389
2026-06-06T12:28:18.242285,7,0.0,0.0,0.0,,1,24,389
2026-06-06T12:28:18.302797,0,0.0,0.0,0.0,,1,24,388
2026-06-06T12:28:18.302797,4,0.0,0.0,0.0,,1,24,388
2026-06-06T12:28:18.302797,1,0.0,0.0,0.0,,1,24,388
2026-06-06T12:28:18.302797,5,0.0,0.0,0.0,,1,24,388
2026-06-06T12:28:18.302797,2,-0.001,0.0,0.0,,1,24,389
2026-06-06T12:28:18.302797,6,0.0,0.0,0.0,,1,24,389
2026-06-06T12:28:18.302797,3,0.001,0.0,0.0,,1,24,390
2026-06-06T12:28:18.302797,7,0.0,0.0,0.0,,1,24,390
2026-06-06T12:28:18.302797,0,0.0,0.0,0.0,,1,24,389
2026-06-06T12:28:18.302797,4,0.0,0.0,0.0,,1,24,389
2026-06-06T12:28:18.302797,1,0.0,0.0,0.0,,1,24,389
2026-06-06T12:28:18.302797,5,0.0,0.0,0.0,,1,24,389
2026-06-06T12:28:18.341797,2,-0.001,0.0,0.0,,1,24,390
2026-06-06T12:28:18.341797,6,0.001,0.0,0.0,,1,24,390
2026-06-06T12:28:18.341797,3,0.001,0.0,0.0,,1,24,391
2026-06-06T12:28:18.341797,7,0.0,0.0,0.0,,1,24,391
2026-06-06T12:28:18.341797,0,0.0,0.0,0.0,,1,24,390
2026-06-06T12:28:18.341797,4,0.0,0.0,0.0,,1,24,390
2026-06-06T12:28:18.371801,1,0.0,0.0,0.0,,1,24,390
2026-06-06T12:28:18.371801,5,0.0,0.0,0.0,,1,24,390
2026-06-06T12:28:18.371801,2,-0.001,0.0,0.0,,1,24,391
2026-06-06T12:28:18.371801,6,0.001,0.0,0.0,,1,24,391
2026-06-06T12:28:18.371801,3,0.0,0.0,0.0,,1,24,392
2026-06-06T12:28:18.371801,7,0.0,0.0,0.0,,1,24,392
2026-06-06T12:28:18.371801,0,0.0,0.0,0.0,,1,24,391
2026-06-06T12:28:18.371801,4,0.0,0.0,0.0,,1,24,391
2026-06-06T12:28:18.371801,1,0.0,0.0,0.0,,1,24,391
2026-06-06T12:28:18.371801,5,0.0,0.0,0.0,,1,24,391
2026-06-06T12:28:18.371801,2,-0.001,0.0,0.0,,1,24,392
2026-06-06T12:28:18.371801,6,0.001,0.0,0.0,,1,24,392
2026-06-06T12:28:18.410307,3,0.0,0.0,0.0,,1,24,393
2026-06-06T12:28:18.410307,7,-0.001,0.0,0.0,,1,24,393
2026-06-06T12:28:18.410307,0,0.0,0.0,0.0,,1,24,392
2026-06-06T12:28:18.410307,4,0.0,0.0,0.0,,1,24,392
2026-06-06T12:28:18.410307,1,0.0,0.0,0.0,,1,24,392
2026-06-06T12:28:18.410307,5,0.0,0.0,0.0,,1,24,392
2026-06-06T12:28:18.436308,2,-0.001,0.0,0.0,,1,24,393
2026-06-06T12:28:18.436308,6,0.0,0.0,0.0,,1,24,393
2026-06-06T12:28:18.436308,3,0.0,0.0,0.0,,1,24,394
2026-06-06T12:28:18.436308,7,0.0,0.0,0.0,,1,24,394
2026-06-06T12:28:18.436308,0,0.0,0.0,0.0,,1,24,393
2026-06-06T12:28:18.436308,4,0.0,0.0,0.0,,1,24,393
2026-06-06T12:28:18.476882,1,0.0,0.0,0.0,,1,24,393
2026-06-06T12:28:18.476882,5,0.0,0.0,0.0,,1,24,393
2026-06-06T12:28:18.476882,2,-0.001,0.0,0.0,,1,24,394
2026-06-06T12:28:18.476882,6,0.0,0.0,0.0,,1,24,394
2026-06-06T12:28:18.476882,3,0.0,0.0,0.0,,1,24,395
2026-06-06T12:28:18.476882,7,0.0,0.0,0.0,,1,24,395
2026-06-06T12:28:18.476882,0,0.0,0.0,0.0,,1,24,394
2026-06-06T12:28:18.476882,4,0.0,0.0,0.0,,1,24,394
2026-06-06T12:28:18.476882,1,0.0,0.0,0.0,,1,24,394
2026-06-06T12:28:18.476882,5,0.0,0.0,0.0,,1,24,394
2026-06-06T12:28:18.476882,2,-0.001,0.0,0.0,,1,24,395
2026-06-06T12:28:18.476882,6,0.0,0.0,0.0,,1,24,395
2026-06-06T12:28:18.476882,3,0.0,0.0,0.0,,1,24,396
2026-06-06T12:28:18.476882,7,0.0,0.0,0.0,,1,24,396
2026-06-06T12:28:18.476882,0,0.0,0.0,0.0,,1,24,395
2026-06-06T12:28:18.476882,4,0.0,0.0,0.0,,1,24,395
2026-06-06T12:28:18.476882,1,0.0,0.0,0.0,,1,24,395
2026-06-06T12:28:18.476882,5,0.0,0.0,0.0,,1,24,395
2026-06-06T12:28:18.528393,2,-0.001,0.0,0.0,,1,24,396
2026-06-06T12:28:18.528393,6,0.0,0.0,0.0,,1,24,396
2026-06-06T12:28:18.528393,3,0.0,0.0,0.0,,1,24,397
2026-06-06T12:28:18.528393,7,0.0,0.0,0.0,,1,24,397
2026-06-06T12:28:18.528393,0,0.0,0.0,0.0,,1,24,396
2026-06-06T12:28:18.528393,4,0.0,0.0,0.0,,1,24,396
2026-06-06T12:28:18.561606,1,0.0,0.0,0.0,,1,24,396
2026-06-06T12:28:18.561606,5,0.0,0.0,0.0,,1,24,396
2026-06-06T12:28:18.561606,2,-0.001,0.0,0.0,,1,24,397
2026-06-06T12:28:18.561606,6,0.001,0.0,0.0,,1,24,397
2026-06-06T12:28:18.561606,3,0.0,0.0,0.0,,1,24,398
2026-06-06T12:28:18.561606,7,0.0,0.0,0.0,,1,24,398
2026-06-06T12:28:18.596124,0,0.0,0.0,0.0,,1,24,397
2026-06-06T12:28:18.596124,4,0.0,0.0,0.0,,1,24,397
2026-06-06T12:28:18.596124,1,0.0,0.0,0.0,,1,24,397
2026-06-06T12:28:18.596124,5,0.0,0.0,0.0,,1,24,397
2026-06-06T12:28:18.596124,2,-0.001,0.0,0.0,,1,24,398
2026-06-06T12:28:18.596124,6,0.001,0.0,0.0,,1,24,398
2026-06-06T12:28:18.596124,3,0.0,0.0,0.0,,1,24,399
2026-06-06T12:28:18.596124,7,-0.001,0.0,0.0,,1,24,399
2026-06-06T12:28:18.596124,0,0.0,0.0,0.0,,1,24,398
2026-06-06T12:28:18.596124,4,0.0,0.0,0.0,,1,24,398
2026-06-06T12:28:18.596124,1,0.0,0.0,0.0,,1,24,398
2026-06-06T12:28:18.596124,5,0.0,0.0,0.0,,1,24,398
2026-06-06T12:28:18.647124,2,-0.001,0.0,0.0,,1,24,399
2026-06-06T12:28:18.647124,6,0.0,0.0,0.0,,1,24,399
2026-06-06T12:28:18.647124,3,0.0,0.0,0.0,,1,24,400
2026-06-06T12:28:18.647124,7,-0.001,0.0,0.0,,1,24,400
2026-06-06T12:28:18.647124,0,0.0,0.0,0.0,,1,24,399
2026-06-06T12:28:18.647124,4,0.0,0.0,0.0,,1,24,399
2026-06-06T12:28:18.681355,1,0.0,0.0,0.0,,1,24,399
2026-06-06T12:28:18.681355,5,0.0,0.0,0.0,,1,24,399
2026-06-06T12:28:18.681355,2,-0.001,0.0,0.0,,1,24,400
2026-06-06T12:28:18.681355,6,0.0,0.0,0.0,,1,24,400
2026-06-06T12:28:18.681355,3,0.0,0.0,0.0,,1,24,401
2026-06-06T12:28:18.681355,7,0.0,0.0,0.0,,1,24,401
2026-06-06T12:28:18.715355,0,0.0,0.0,0.0,,1,24,400
2026-06-06T12:28:18.715355,4,0.0,0.0,0.0,,1,24,400
2026-06-06T12:28:18.715355,1,0.0,0.0,0.0,,1,24,400
2026-06-06T12:28:18.715355,5,0.0,0.0,0.0,,1,24,400
2026-06-06T12:28:18.715355,2,-0.001,0.0,0.0,,1,24,401
2026-06-06T12:28:18.715355,6,0.0,0.0,0.0,,1,24,401
2026-06-06T12:28:18.748868,3,0.0,0.0,0.0,,1,24,402
2026-06-06T12:28:18.748868,7,0.0,0.0,0.0,,1,24,402
2026-06-06T12:28:18.748868,0,0.0,0.0,0.0,,1,24,401
2026-06-06T12:28:18.748868,4,0.0,0.0,0.0,,1,24,401
2026-06-06T12:28:18.748868,1,0.0,0.0,0.0,,1,24,401
2026-06-06T12:28:18.748868,5,0.0,0.0,0.0,,1,24,401
2026-06-06T12:28:18.783377,2,-0.001,0.0,0.0,,1,24,402
2026-06-06T12:28:18.783377,6,0.0,0.0,0.0,,1,24,402
2026-06-06T12:28:18.783377,3,0.0,0.0,0.0,,1,24,403
2026-06-06T12:28:18.783377,7,0.0,0.0,0.0,,1,24,403
2026-06-06T12:28:18.783377,0,0.0,0.0,0.0,,1,24,402
2026-06-06T12:28:18.783377,4,0.0,0.0,0.0,,1,24,402
2026-06-06T12:28:18.783377,1,0.0,0.0,0.0,,1,24,402
2026-06-06T12:28:18.783377,5,0.0,0.0,0.0,,1,24,402
2026-06-06T12:28:18.783377,2,-0.001,0.0,0.0,,1,24,403
2026-06-06T12:28:18.783377,6,0.0,0.0,0.0,,1,24,403
2026-06-06T12:28:18.783377,3,0.001,0.0,0.0,,1,24,404
2026-06-06T12:28:18.783377,7,0.0,0.0,0.0,,1,24,404
2026-06-06T12:28:18.834376,0,0.0,0.0,0.0,,1,24,403
2026-06-06T12:28:18.834376,4,0.0,0.0,0.0,,1,24,403
2026-06-06T12:28:18.834376,1,0.0,0.0,0.0,,1,24,403
2026-06-06T12:28:18.834376,5,0.0,0.0,0.0,,1,24,403
2026-06-06T12:28:18.834376,2,-0.001,0.0,0.0,,1,24,404
2026-06-06T12:28:18.834376,6,0.0,0.0,0.0,,1,24,404
2026-06-06T12:28:18.868380,3,0.0,0.0,0.0,,1,24,405
2026-06-06T12:28:18.868380,7,0.0,0.0,0.0,,1,24,405
2026-06-06T12:28:18.868380,0,0.0,0.0,0.0,,1,24,404
2026-06-06T12:28:18.868380,4,0.0,0.0,0.0,,1,24,404
2026-06-06T12:28:18.868380,1,0.0,0.0,0.0,,1,24,404
2026-06-06T12:28:18.868380,5,0.0,0.0,0.0,,1,24,404
2026-06-06T12:28:18.901961,2,-0.001,0.0,0.0,,1,24,405
2026-06-06T12:28:18.901961,6,0.0,0.0,0.0,,1,24,405
2026-06-06T12:28:18.901961,3,0.0,0.0,0.0,,1,24,406
2026-06-06T12:28:18.901961,7,0.0,0.0,0.0,,1,24,406
2026-06-06T12:28:18.901961,0,0.0,0.0,0.0,,1,24,405
2026-06-06T12:28:18.901961,4,0.0,0.0,0.0,,1,24,405
2026-06-06T12:28:18.935975,1,0.0,0.0,0.0,,1,24,405
2026-06-06T12:28:18.935975,5,0.0,0.0,0.0,,1,24,405
2026-06-06T12:28:18.935975,2,-0.001,0.0,0.0,,1,24,406
2026-06-06T12:28:18.935975,6,0.0,0.0,0.0,,1,24,406
2026-06-06T12:28:18.935975,3,0.0,0.0,0.0,,1,24,407
2026-06-06T12:28:18.935975,7,0.0,0.0,0.0,,1,24,407
2026-06-06T12:28:18.935975,0,0.0,0.0,0.0,,1,24,406
2026-06-06T12:28:18.935975,4,0.0,0.0,0.0,,1,24,406
2026-06-06T12:28:18.935975,1,0.0,0.0,0.0,,1,24,406
2026-06-06T12:28:18.935975,5,0.0,0.0,0.0,,1,24,406
2026-06-06T12:28:18.935975,2,-0.001,0.0,0.0,,1,24,407
2026-06-06T12:28:18.935975,6,0.0,0.0,0.0,,1,24,407
2026-06-06T12:28:18.987481,3,0.0,0.0,0.0,,1,24,408
2026-06-06T12:28:18.987481,7,0.0,0.0,0.0,,1,24,408
2026-06-06T12:28:18.987481,0,0.0,0.0,0.0,,1,24,407
2026-06-06T12:28:18.987481,4,0.0,0.0,0.0,,1,24,407
2026-06-06T12:28:18.987481,1,0.0,0.0,0.0,,1,24,407
2026-06-06T12:28:18.987481,5,0.0,0.0,0.0,,1,24,407
2026-06-06T12:28:19.021481,2,-0.001,0.0,0.0,,1,24,408
2026-06-06T12:28:19.021481,6,0.0,0.0,0.0,,1,24,408
2026-06-06T12:28:19.021481,3,0.0,0.0,0.0,,1,24,409
2026-06-06T12:28:19.021481,7,0.0,0.0,0.0,,1,24,409
2026-06-06T12:28:19.021481,0,0.0,0.0,0.0,,1,24,408
2026-06-06T12:28:19.021481,4,0.0,0.0,0.0,,1,24,408
2026-06-06T12:28:19.055482,1,0.0,0.0,0.0,,1,24,408
2026-06-06T12:28:19.055482,5,0.0,0.0,0.0,,1,24,408
2026-06-06T12:28:19.055482,2,-0.001,0.0,0.0,,1,24,409
2026-06-06T12:28:19.055482,6,0.0,0.0,0.0,,1,24,409
2026-06-06T12:28:19.055482,3,0.0,0.0,0.0,,1,24,410
2026-06-06T12:28:19.055482,7,0.0,0.0,0.0,,1,24,410
2026-06-06T12:28:19.088990,0,0.0,0.0,0.0,,1,24,409
2026-06-06T12:28:19.088990,4,0.0,0.0,0.0,,1,24,409
2026-06-06T12:28:19.088990,1,0.0,0.0,0.0,,1,24,409
2026-06-06T12:28:19.088990,5,0.0,0.0,0.0,,1,24,409
2026-06-06T12:28:19.088990,2,-0.001,0.0,0.0,,1,24,410
2026-06-06T12:28:19.088990,6,0.0,0.0,0.0,,1,24,410
2026-06-06T12:28:19.088990,3,0.0,0.0,0.0,,1,24,411
2026-06-06T12:28:19.088990,7,0.0,0.0,0.0,,1,24,411
2026-06-06T12:28:19.088990,0,0.0,0.0,0.0,,1,24,410
2026-06-06T12:28:19.088990,4,0.0,0.0,0.0,,1,24,410
2026-06-06T12:28:19.088990,1,0.0,0.0,0.0,,1,24,410
2026-06-06T12:28:19.088990,5,0.0,0.0,0.0,,1,24,410
2026-06-06T12:28:19.139991,2,-0.001,0.0,0.0,,1,24,411
2026-06-06T12:28:19.139991,6,0.0,0.0,0.0,,1,24,411
2026-06-06T12:28:19.139991,3,0.0,0.0,0.0,,1,24,412
2026-06-06T12:28:19.139991,7,0.0,0.0,0.0,,1,24,412
2026-06-06T12:28:19.139991,0,0.0,0.0,0.0,,1,24,411
2026-06-06T12:28:19.139991,4,0.0,0.0,0.0,,1,24,411
2026-06-06T12:28:19.173996,1,0.0,0.0,0.0,,1,24,411
2026-06-06T12:28:19.173996,5,0.0,0.0,0.0,,1,24,411
2026-06-06T12:28:19.173996,2,-0.001,0.0,0.0,,1,24,412
2026-06-06T12:28:19.173996,6,0.0,0.0,0.0,,1,24,412
2026-06-06T12:28:19.173996,3,0.0,0.0,0.0,,1,24,413
2026-06-06T12:28:19.173996,7,0.0,0.0,0.0,,1,24,413
2026-06-06T12:28:19.208503,0,0.0,0.0,0.0,,1,24,412
2026-06-06T12:28:19.208503,4,0.0,0.0,0.0,,1,24,412
2026-06-06T12:28:19.208503,1,0.0,0.0,0.0,,1,24,412
2026-06-06T12:28:19.208503,5,0.0,0.0,0.0,,1,24,412
2026-06-06T12:28:19.208503,2,-0.001,0.0,0.0,,1,24,413
2026-06-06T12:28:19.208503,6,0.0,0.0,0.0,,1,24,413
2026-06-06T12:28:19.246502,3,0.0,0.0,0.0,,1,24,414
2026-06-06T12:28:19.246502,7,0.0,0.0,0.0,,1,24,414
2026-06-06T12:28:19.246502,0,0.0,0.0,0.0,,1,24,413
2026-06-06T12:28:19.246502,4,0.0,0.0,0.0,,1,24,413
2026-06-06T12:28:19.246502,1,0.0,0.0,0.0,,1,24,413
2026-06-06T12:28:19.246502,5,0.0,0.0,0.0,,1,24,413
2026-06-06T12:28:19.276504,2,-0.001,0.0,0.0,,1,24,414
2026-06-06T12:28:19.276504,6,0.0,0.0,0.0,,1,24,414
2026-06-06T12:28:19.276504,3,0.0,0.0,0.0,,1,24,415
2026-06-06T12:28:19.276504,7,0.0,0.0,0.0,,1,24,415
2026-06-06T12:28:19.276504,0,0.0,0.0,0.0,,1,24,414
2026-06-06T12:28:19.276504,4,0.0,0.0,0.0,,1,24,414
2026-06-06T12:28:19.310013,1,0.0,0.0,0.0,,1,24,414
2026-06-06T12:28:19.310013,5,0.0,0.0,0.0,,1,24,414
2026-06-06T12:28:19.310013,2,-0.001,0.0,0.0,,1,24,415
2026-06-06T12:28:19.310013,6,0.0,0.0,0.0,,1,24,415
2026-06-06T12:28:19.310013,3,0.0,0.0,0.0,,1,24,416
2026-06-06T12:28:19.310013,7,0.0,0.0,0.0,,1,24,416
2026-06-06T12:28:19.339012,0,0.0,0.0,0.0,,1,24,415
2026-06-06T12:28:19.339012,4,0.0,0.0,0.0,,1,24,415
2026-06-06T12:28:19.339012,1,0.0,0.0,0.0,,1,24,415
2026-06-06T12:28:19.339012,5,0.0,0.0,0.0,,1,24,415
2026-06-06T12:28:19.339012,2,-0.001,0.0,0.0,,1,24,416
2026-06-06T12:28:19.339012,6,0.0,0.0,0.0,,1,24,416
2026-06-06T12:28:19.378016,3,0.0,0.0,0.0,,1,24,417
2026-06-06T12:28:19.378016,7,0.0,0.0,0.0,,1,24,417
2026-06-06T12:28:19.378016,0,0.0,0.0,0.0,,1,24,416
2026-06-06T12:28:19.378016,4,0.0,0.0,0.0,,1,24,416
2026-06-06T12:28:19.378016,1,0.0,0.0,0.0,,1,24,416
2026-06-06T12:28:19.378016,5,0.0,0.0,0.0,,1,24,416
2026-06-06T12:28:19.378016,2,-0.001,0.0,0.0,,1,24,417
2026-06-06T12:28:19.378016,6,0.0,0.0,0.0,,1,24,417
2026-06-06T12:28:19.378016,3,0.0,0.0,0.0,,1,24,418
2026-06-06T12:28:19.378016,7,0.0,0.0,0.0,,1,24,418
2026-06-06T12:28:19.378016,0,0.0,0.0,0.0,,1,24,417
2026-06-06T12:28:19.378016,4,0.0,0.0,0.0,,1,24,417
2026-06-06T12:28:19.428524,1,0.0,0.0,0.0,,1,24,417
2026-06-06T12:28:19.428524,5,0.0,0.0,0.0,,1,24,417
2026-06-06T12:28:19.428524,2,-0.001,0.0,0.0,,1,24,418
2026-06-06T12:28:19.428524,6,0.0,0.0,0.0,,1,24,418
2026-06-06T12:28:19.428524,3,0.0,0.0,0.0,,1,24,419
2026-06-06T12:28:19.428524,7,0.0,0.0,0.0,,1,24,419
2026-06-06T12:28:19.428524,0,0.0,0.0,0.0,,1,24,418
2026-06-06T12:28:19.428524,4,0.0,0.0,0.0,,1,24,418
2026-06-06T12:28:19.428524,1,0.0,0.0,0.0,,1,24,418
2026-06-06T12:28:19.428524,5,0.0,0.0,0.0,,1,24,418
2026-06-06T12:28:19.428524,2,-0.001,0.0,0.0,,1,24,419
2026-06-06T12:28:19.428524,6,0.0,0.0,0.0,,1,24,419
2026-06-06T12:28:19.479597,3,0.0,0.0,0.0,,1,24,420
2026-06-06T12:28:19.479597,7,0.0,0.0,0.0,,1,24,420
2026-06-06T12:28:19.479597,0,0.0,0.0,0.0,,1,24,419
2026-06-06T12:28:19.479597,4,0.0,0.0,0.0,,1,24,419
2026-06-06T12:28:19.479597,1,0.0,0.0,0.0,,1,24,419
2026-06-06T12:28:19.479597,5,0.0,0.0,0.0,,1,24,419
2026-06-06T12:28:19.514108,2,-0.001,0.0,0.0,,1,24,420
2026-06-06T12:28:19.514108,6,0.0,0.0,0.0,,1,24,420
2026-06-06T12:28:19.514108,3,0.0,0.0,0.0,,1,24,421
2026-06-06T12:28:19.514108,7,0.0,0.0,0.0,,1,24,421
2026-06-06T12:28:19.514108,0,0.0,0.0,0.0,,1,24,420
2026-06-06T12:28:19.514108,4,0.0,0.0,0.0,,1,24,420
2026-06-06T12:28:19.547686,1,0.0,0.0,0.0,,1,24,420
2026-06-06T12:28:19.547686,5,0.0,0.0,0.0,,1,24,420
2026-06-06T12:28:19.547686,2,-0.001,0.0,0.0,,1,24,421
2026-06-06T12:28:19.547686,6,0.0,0.0,0.0,,1,24,421
2026-06-06T12:28:19.547686,3,0.0,0.0,0.0,,1,24,422
2026-06-06T12:28:19.547686,7,0.0,0.0,0.0,,1,24,422
2026-06-06T12:28:19.575690,0,0.0,0.0,0.0,,1,24,421
2026-06-06T12:28:19.575690,4,0.0,0.0,0.0,,1,24,421
2026-06-06T12:28:19.575690,1,0.0,0.0,0.0,,1,24,421
2026-06-06T12:28:19.575690,5,0.0,0.0,0.0,,1,24,421
2026-06-06T12:28:19.575690,2,-0.001,0.0,0.0,,1,24,422
2026-06-06T12:28:19.575690,6,0.0,0.0,0.0,,1,24,422
2026-06-06T12:28:19.616196,3,0.0,0.0,0.0,,1,24,423
2026-06-06T12:28:19.616196,7,0.0,0.0,0.0,,1,24,423
2026-06-06T12:28:19.616196,0,0.0,0.0,0.0,,1,24,422
2026-06-06T12:28:19.616196,4,0.0,0.0,0.0,,1,24,422
2026-06-06T12:28:19.616196,1,0.0,0.0,0.0,,1,24,422
2026-06-06T12:28:19.616196,5,0.0,0.0,0.0,,1,24,422
2026-06-06T12:28:19.616196,2,0.0,0.0,0.0,,1,24,423
2026-06-06T12:28:19.616196,6,0.0,0.0,0.0,,1,24,423
2026-06-06T12:28:19.616196,3,0.0,0.0,0.0,,1,24,424
2026-06-06T12:28:19.616196,7,0.0,0.0,0.0,,1,24,424
2026-06-06T12:28:19.616196,0,0.0,0.0,0.0,,1,24,423
2026-06-06T12:28:19.616196,4,0.0,0.0,0.0,,1,24,423
2026-06-06T12:28:19.667196,1,0.0,0.0,0.0,,1,24,423
2026-06-06T12:28:19.667196,5,0.0,0.0,0.0,,1,24,423
2026-06-06T12:28:19.667196,2,0.0,0.0,0.0,,1,24,424
2026-06-06T12:28:19.667196,6,0.0,0.0,0.0,,1,24,424
2026-06-06T12:28:19.667196,3,0.0,0.0,0.0,,1,24,425
2026-06-06T12:28:19.667196,7,-0.001,0.0,0.0,,1,24,425
2026-06-06T12:28:19.701331,0,0.0,0.0,0.0,,1,24,424
2026-06-06T12:28:19.701331,4,0.0,0.0,0.0,,1,24,424
2026-06-06T12:28:19.701331,1,0.0,0.0,0.0,,1,24,424
2026-06-06T12:28:19.701331,5,0.0,0.0,0.0,,1,24,424
2026-06-06T12:28:19.701331,2,0.096,9.0,2.0,,1,24,425
2026-06-06T12:28:19.701331,6,0.0,0.0,0.0,,1,24,425
2026-06-06T12:28:19.735332,3,0.0,0.0,0.0,,1,24,426
2026-06-06T12:28:19.735332,7,0.0,0.0,0.0,,1,24,426
2026-06-06T12:28:19.735332,0,0.0,0.0,0.0,,1,24,425
2026-06-06T12:28:19.735332,4,0.0,0.0,0.0,,1,24,425
2026-06-06T12:28:19.735332,1,0.0,0.0,0.0,,1,24,425
2026-06-06T12:28:19.735332,5,0.0,0.0,0.0,,1,24,425
2026-06-06T12:28:19.793370,2,0.188,18.0,3.75,,1,24,426
2026-06-06T12:28:19.793370,6,0.0,0.0,0.0,,1,24,426
2026-06-06T12:28:19.793370,3,0.0,0.0,0.0,,1,24,427
2026-06-06T12:28:19.793370,7,0.0,0.0,0.0,,1,24,427
2026-06-06T12:28:19.793370,0,0.0,0.0,0.0,,1,24,426
2026-06-06T12:28:19.793370,4,0.0,0.0,0.0,,1,24,426
2026-06-06T12:28:19.823370,1,0.0,0.0,0.0,,1,24,426
2026-06-06T12:28:19.823370,5,0.0,0.0,0.0,,1,24,426
2026-06-06T12:28:19.823370,2,0.272,26.0,5.5,,1,24,427
2026-06-06T12:28:19.823370,6,0.0,0.0,0.0,,1,24,427
2026-06-06T12:28:19.823370,3,0.0,0.0,0.0,,1,24,428
2026-06-06T12:28:19.823370,7,0.0,0.0,0.0,,1,24,428
2026-06-06T12:28:19.861370,0,0.0,0.0,0.0,,1,24,427
2026-06-06T12:28:19.861370,4,0.0,0.0,0.0,,1,24,427
2026-06-06T12:28:19.861370,1,0.0,0.0,0.0,,1,24,427
2026-06-06T12:28:19.861370,5,0.0,0.0,0.0,,1,24,427
2026-06-06T12:28:19.861370,2,0.273,26.0,5.5,,1,24,428
2026-06-06T12:28:19.861370,6,0.0,0.0,0.0,,1,24,428
2026-06-06T12:28:19.889880,3,0.0,0.0,0.0,,1,24,429
2026-06-06T12:28:19.889880,7,0.0,0.0,0.0,,1,24,429
2026-06-06T12:28:19.889880,0,0.0,0.0,0.0,,1,24,428
2026-06-06T12:28:19.889880,4,0.0,0.0,0.0,,1,24,428
2026-06-06T12:28:19.889880,1,0.0,0.0,0.0,,1,24,428
2026-06-06T12:28:19.889880,5,0.0,0.0,0.0,,1,24,428
2026-06-06T12:28:19.923879,2,0.274,26.0,5.5,,1,24,429
2026-06-06T12:28:19.923879,6,0.0,0.0,0.0,,1,24,429
2026-06-06T12:28:19.923879,3,0.0,0.0,0.0,,1,24,430
2026-06-06T12:28:19.923879,7,-0.001,0.0,0.0,,1,24,430
2026-06-06T12:28:19.923879,0,0.0,0.0,0.0,,1,24,429
2026-06-06T12:28:19.923879,4,-0.001,0.0,0.0,,1,24,429
2026-06-06T12:28:19.952880,1,0.0,0.0,0.0,,1,24,429
2026-06-06T12:28:19.952880,5,0.0,0.0,0.0,,1,24,429
2026-06-06T12:28:19.952880,2,0.274,26.0,5.5,,1,24,430
2026-06-06T12:28:19.952880,6,0.0,0.0,0.0,,1,24,430
2026-06-06T12:28:19.952880,3,0.0,0.0,0.0,,1,24,431
2026-06-06T12:28:19.952880,7,-0.001,0.0,0.0,,1,24,431
2026-06-06T12:28:19.990389,0,0.0,0.0,0.0,,1,24,430
2026-06-06T12:28:19.990389,4,0.0,0.0,0.0,,1,24,430
2026-06-06T12:28:19.990389,1,0.0,0.0,0.0,,1,24,430
2026-06-06T12:28:19.990389,5,0.0,0.0,0.0,,1,24,430
2026-06-06T12:28:19.990389,2,0.515,49.0,10.25,,1,24,431
2026-06-06T12:28:19.990389,6,0.0,0.0,0.0,,1,24,431
2026-06-06T12:28:19.990389,3,0.0,0.0,0.0,,1,24,432
2026-06-06T12:28:19.990389,7,-0.001,0.0,0.0,,1,24,432
2026-06-06T12:28:19.990389,0,0.0,0.0,0.0,,1,24,431
2026-06-06T12:28:19.990389,4,0.0,0.0,0.0,,1,24,431
2026-06-06T12:28:19.990389,1,0.0,0.0,0.0,,1,24,431
2026-06-06T12:28:19.990389,5,0.0,0.0,0.0,,1,24,431
2026-06-06T12:28:20.041128,2,1.288,122.0,25.75,,1,24,432
2026-06-06T12:28:20.041128,6,0.0,0.0,0.0,,1,24,432
2026-06-06T12:28:20.041128,3,0.0,0.0,0.0,,1,24,433
2026-06-06T12:28:20.041128,7,-0.001,0.0,0.0,,1,24,433
2026-06-06T12:28:20.041128,0,0.0,0.0,0.0,,1,24,432
2026-06-06T12:28:20.041128,4,0.0,0.0,0.0,,1,24,432
2026-06-06T12:28:20.041128,1,0.0,0.0,0.0,,1,24,432
2026-06-06T12:28:20.041128,5,0.0,0.0,0.0,,1,24,432
2026-06-06T12:28:20.041128,2,1.978,187.0,39.25,,1,24,433
2026-06-06T12:28:20.041128,6,0.0,0.0,0.0,,1,24,433
2026-06-06T12:28:20.041128,3,0.0,0.0,0.0,,1,24,434
2026-06-06T12:28:20.041128,7,0.0,0.0,0.0,,1,24,434
2026-06-06T12:28:20.041128,0,0.0,0.0,0.0,,1,24,433
2026-06-06T12:28:20.041128,4,0.0,0.0,0.0,,1,24,433
2026-06-06T12:28:20.041128,1,0.0,0.0,0.0,,1,24,433
2026-06-06T12:28:20.041128,5,0.0,0.0,0.0,,1,24,433
2026-06-06T12:28:20.041128,2,2.935,278.0,58.5,,1,24,434
2026-06-06T12:28:20.041128,6,0.0,0.0,0.0,,1,24,434
2026-06-06T12:28:20.108641,3,0.0,0.0,0.0,,1,24,435
2026-06-06T12:28:20.108641,7,0.0,0.0,0.0,,1,24,435
2026-06-06T12:28:20.108641,0,0.0,0.0,0.0,,1,24,434
2026-06-06T12:28:20.108641,4,0.0,0.0,0.0,,1,24,434
2026-06-06T12:28:20.108641,1,0.0,0.0,0.0,,1,24,434
2026-06-06T12:28:20.108641,5,0.0,0.0,0.0,,1,24,434
2026-06-06T12:28:20.108641,2,3.893,369.0,77.5,,1,24,435
2026-06-06T12:28:20.108641,6,0.0,0.0,0.0,,1,24,435
2026-06-06T12:28:20.108641,3,0.0,0.0,0.0,,1,24,436
2026-06-06T12:28:20.108641,7,-0.001,0.0,0.0,,1,24,436
2026-06-06T12:28:20.108641,0,0.0,0.0,0.0,,1,24,435
2026-06-06T12:28:20.108641,4,-0.001,0.0,0.0,,1,24,435
2026-06-06T12:28:20.160253,1,0.0,0.0,0.0,,1,24,435
2026-06-06T12:28:20.160253,5,0.0,0.0,0.0,,1,24,435
2026-06-06T12:28:20.160253,2,4.87,462.0,97.0,,1,24,436
2026-06-06T12:28:20.160253,6,0.001,0.0,0.0,,1,24,436
2026-06-06T12:28:20.160253,3,0.0,0.0,0.0,,1,24,437
2026-06-06T12:28:20.160253,7,-0.001,0.0,0.0,,1,24,437
2026-06-06T12:28:20.210762,0,0.0,0.0,0.0,,1,24,436
2026-06-06T12:28:20.210762,4,0.0,0.0,0.0,,1,24,436
2026-06-06T12:28:20.210762,1,0.0,0.0,0.0,,1,24,436
2026-06-06T12:28:20.210762,5,0.0,0.0,0.0,,1,24,436
2026-06-06T12:28:20.210762,2,5.849,554.0,116.5,,1,24,437
2026-06-06T12:28:20.210762,6,0.0,0.0,0.0,,1,24,437
2026-06-06T12:28:20.210762,3,0.0,0.0,0.0,,1,24,438
2026-06-06T12:28:20.210762,7,-0.001,0.0,0.0,,1,24,438
2026-06-06T12:28:20.210762,0,0.0,0.0,0.0,,1,24,437
2026-06-06T12:28:20.210762,4,0.0,0.0,0.0,,1,24,437
2026-06-06T12:28:20.210762,1,0.0,0.0,0.0,,1,24,437
2026-06-06T12:28:20.210762,5,0.0,0.0,0.0,,1,24,437
2026-06-06T12:28:20.261762,2,6.803,645.0,135.5,,1,24,438
2026-06-06T12:28:20.261762,6,0.0,0.0,0.0,,1,24,438
2026-06-06T12:28:20.261762,3,0.0,0.0,0.0,,1,24,439
2026-06-06T12:28:20.261762,7,-0.001,0.0,0.0,,1,24,439
2026-06-06T12:28:20.261762,0,0.0,0.0,0.0,,1,24,438
2026-06-06T12:28:20.261762,4,0.0,0.0,0.0,,1,24,438
2026-06-06T12:28:20.261762,1,0.0,0.0,0.0,,1,24,438
2026-06-06T12:28:20.261762,5,0.0,0.0,0.0,,1,24,438
2026-06-06T12:28:20.261762,2,7.664,726.0,152.5,,1,24,439
2026-06-06T12:28:20.261762,6,0.0,0.0,0.0,,1,24,439
2026-06-06T12:28:20.261762,3,0.0,0.0,0.0,,1,24,440
2026-06-06T12:28:20.261762,7,-0.001,0.0,0.0,,1,24,440
2026-06-06T12:28:20.313281,0,0.0,0.0,0.0,,1,24,439
2026-06-06T12:28:20.313281,4,0.0,0.0,0.0,,1,24,439
2026-06-06T12:28:20.313281,1,0.0,0.0,0.0,,1,24,439
2026-06-06T12:28:20.313281,5,0.0,0.0,0.0,,1,24,439
2026-06-06T12:28:20.313281,2,8.442,800.0,168.0,,1,24,440
2026-06-06T12:28:20.313281,6,0.0,0.0,0.0,,1,24,440
2026-06-06T12:28:20.364282,3,0.0,0.0,0.0,,1,24,441
2026-06-06T12:28:20.364282,7,0.0,0.0,0.0,,1,24,441
2026-06-06T12:28:20.364282,0,0.0,0.0,0.0,,1,24,440
2026-06-06T12:28:20.364282,4,0.0,0.0,0.0,,1,24,440
2026-06-06T12:28:20.364282,1,0.0,0.0,0.0,,1,24,440
2026-06-06T12:28:20.364282,5,0.0,0.0,0.0,,1,24,440
2026-06-06T12:28:20.364282,2,8.832,837.0,175.75,,1,24,441
2026-06-06T12:28:20.364282,6,0.001,0.0,0.0,,1,24,441
2026-06-06T12:28:20.364282,3,0.0,0.0,0.0,,1,24,442
2026-06-06T12:28:20.364282,7,-0.001,0.0,0.0,,1,24,442
2026-06-06T12:28:20.364282,0,0.0,0.0,0.0,,1,24,441
2026-06-06T12:28:20.364282,4,0.0,0.0,0.0,,1,24,441
2026-06-06T12:28:20.414791,1,0.0,0.0,0.0,,1,24,441
2026-06-06T12:28:20.414791,5,0.0,0.0,0.0,,1,24,441
2026-06-06T12:28:20.414791,2,9.222,874.0,183.5,,1,24,442
2026-06-06T12:28:20.414791,6,0.001,0.0,0.0,,1,24,442
2026-06-06T12:28:20.414791,3,0.0,0.0,0.0,,1,24,443
2026-06-06T12:28:20.414791,7,-0.001,0.0,0.0,,1,24,443
2026-06-06T12:28:20.414791,0,0.0,0.0,0.0,,1,24,442
2026-06-06T12:28:20.414791,4,0.0,0.0,0.0,,1,24,442
2026-06-06T12:28:20.414791,1,0.0,0.0,0.0,,1,24,442
2026-06-06T12:28:20.414791,5,0.0,0.0,0.0,,1,24,442
2026-06-06T12:28:20.414791,2,9.707,920.0,193.25,,1,24,443
2026-06-06T12:28:20.414791,6,0.001,0.0,0.0,,1,24,443
2026-06-06T12:28:20.485898,3,0.0,0.0,0.0,,1,24,444
2026-06-06T12:28:20.485898,7,-0.001,0.0,0.0,,1,24,444
2026-06-06T12:28:20.485898,0,0.0,0.0,0.0,,1,24,443
2026-06-06T12:28:20.485898,4,0.0,0.0,0.0,,1,24,443
2026-06-06T12:28:20.485898,1,0.0,0.0,0.0,,1,24,443
2026-06-06T12:28:20.485898,5,0.0,0.0,0.0,,1,24,443
2026-06-06T12:28:20.517405,2,10.393,985.0,207.0,,1,24,444
2026-06-06T12:28:20.517405,6,0.0,0.0,0.0,,1,24,444
2026-06-06T12:28:20.517405,3,0.0,0.0,0.0,,1,24,445
2026-06-06T12:28:20.517405,7,-0.001,0.0,0.0,,1,24,445
2026-06-06T12:28:20.517405,0,0.0,0.0,0.0,,1,24,444
2026-06-06T12:28:20.517405,4,0.0,0.0,0.0,,1,24,444
2026-06-06T12:28:20.517405,1,0.0,0.0,0.0,,1,24,444
2026-06-06T12:28:20.517405,5,0.0,0.0,0.0,,1,24,444
2026-06-06T12:28:20.517405,2,11.549,1095.0,230.0,,1,24,445
2026-06-06T12:28:20.517405,6,0.0,0.0,0.0,,1,24,445
2026-06-06T12:28:20.517405,3,0.0,0.0,0.0,,1,24,446
2026-06-06T12:28:20.517405,7,0.0,0.0,0.0,,1,24,446
2026-06-06T12:28:20.567953,0,0.0,0.0,0.0,,1,24,445
2026-06-06T12:28:20.567953,4,0.0,0.0,0.0,,1,24,445
2026-06-06T12:28:20.567953,1,0.0,0.0,0.0,,1,24,445
2026-06-06T12:28:20.567953,5,0.0,0.0,0.0,,1,24,445
2026-06-06T12:28:20.567953,2,31.079,2946.0,618.75,,1,24,446
2026-06-06T12:28:20.567953,6,0.0,0.0,0.0,,1,24,446
2026-06-06T12:28:20.567953,3,0.0,0.0,0.0,,1,24,447
2026-06-06T12:28:20.567953,7,0.0,0.0,0.0,,1,24,447
2026-06-06T12:28:20.567953,0,0.0,0.0,0.0,,1,24,446
2026-06-06T12:28:20.567953,4,0.0,0.0,0.0,,1,24,446
2026-06-06T12:28:20.567953,1,0.0,0.0,0.0,,1,24,446
2026-06-06T12:28:20.567953,5,0.0,0.0,0.0,,1,24,446
2026-06-06T12:28:20.619463,2,50.368,4774.0,1002.5,,1,24,447
2026-06-06T12:28:20.619463,6,0.001,0.0,0.0,,1,24,447
2026-06-06T12:28:20.619463,3,0.004,0.0,0.0,,1,24,448
2026-06-06T12:28:20.619463,7,0.0,0.0,0.0,,1,24,448
2026-06-06T12:28:20.619463,0,0.0,0.0,0.0,,1,24,447
2026-06-06T12:28:20.619463,4,0.0,0.0,0.0,,1,24,447
2026-06-06T12:28:20.670463,1,0.001,0.0,0.0,,1,24,447
2026-06-06T12:28:20.670463,5,0.0,0.0,0.0,,1,24,447
2026-06-06T12:28:20.670463,2,69.125,6552.0,1376.0,,1,24,448
2026-06-06T12:28:20.670463,6,0.001,0.0,0.0,,1,24,448
2026-06-06T12:28:20.670463,3,0.007,1.0,0.25,,1,24,449
2026-06-06T12:28:20.670463,7,0.0,0.0,0.0,,1,24,449
2026-06-06T12:28:20.670463,0,-0.001,0.0,0.0,,1,24,448
2026-06-06T12:28:20.670463,4,0.0,0.0,0.0,,1,24,448
2026-06-06T12:28:20.670463,1,0.001,0.0,0.0,,1,24,448
2026-06-06T12:28:20.670463,5,0.0,0.0,0.0,,1,24,448
2026-06-06T12:28:20.670463,2,71.732,6799.0,1427.75,,1,24,449
2026-06-06T12:28:20.670463,6,0.001,0.0,0.0,,1,24,449
2026-06-06T12:28:20.720975,3,0.007,1.0,0.25,,1,24,450
2026-06-06T12:28:20.720975,7,0.0,0.0,0.0,,1,24,450
2026-06-06T12:28:20.720975,0,-0.001,0.0,0.0,,1,24,449
2026-06-06T12:28:20.720975,4,0.0,0.0,0.0,,1,24,449
2026-06-06T12:28:20.720975,1,0.001,0.0,0.0,,1,24,449
2026-06-06T12:28:20.720975,5,0.0,0.0,0.0,,1,24,449
2026-06-06T12:28:20.754974,2,71.663,6793.0,1426.5,,1,24,450
2026-06-06T12:28:20.754974,6,0.0,0.0,0.0,,1,24,450
2026-06-06T12:28:20.754974,3,0.007,1.0,0.25,,1,24,451
2026-06-06T12:28:20.754974,7,-0.001,0.0,0.0,,1,24,451
2026-06-06T12:28:20.754974,0,-0.001,0.0,0.0,,1,24,450
2026-06-06T12:28:20.754974,4,0.0,0.0,0.0,,1,24,450
2026-06-06T12:28:20.754974,1,0.001,0.0,0.0,,1,24,450
2026-06-06T12:28:20.754974,5,0.0,0.0,0.0,,1,24,450
2026-06-06T12:28:20.754974,2,71.41,6769.0,1421.5,,1,24,451
2026-06-06T12:28:20.754974,6,0.0,0.0,0.0,,1,24,451
2026-06-06T12:28:20.754974,3,0.007,1.0,0.25,,1,24,452
2026-06-06T12:28:20.754974,7,0.0,0.0,0.0,,1,24,452
2026-06-06T12:28:20.805991,0,-0.001,0.0,0.0,,1,24,451
2026-06-06T12:28:20.805991,4,0.0,0.0,0.0,,1,24,451
2026-06-06T12:28:20.805991,1,0.001,0.0,0.0,,1,24,451
2026-06-06T12:28:20.805991,5,0.0,0.0,0.0,,1,24,451
2026-06-06T12:28:20.805991,2,71.097,6739.0,1415.25,,1,24,452
2026-06-06T12:28:20.805991,6,0.0,0.0,0.0,,1,24,452
2026-06-06T12:28:20.856990,3,0.007,1.0,0.25,,1,24,453
2026-06-06T12:28:20.856990,7,0.0,0.0,0.0,,1,24,453
2026-06-06T12:28:20.856990,0,-0.001,0.0,0.0,,1,24,452
2026-06-06T12:28:20.856990,4,0.0,0.0,0.0,,1,24,452
2026-06-06T12:28:20.856990,1,0.001,0.0,0.0,,1,24,452
2026-06-06T12:28:20.856990,5,0.0,0.0,0.0,,1,24,452
2026-06-06T12:28:20.856990,2,70.776,6709.0,1408.75,,1,24,453
2026-06-06T12:28:20.856990,6,0.0,0.0,0.0,,1,24,453
2026-06-06T12:28:20.856990,3,0.007,1.0,0.25,,1,24,454
2026-06-06T12:28:20.856990,7,0.0,0.0,0.0,,1,24,454
2026-06-06T12:28:20.856990,0,-0.001,0.0,0.0,,1,24,453
2026-06-06T12:28:20.856990,4,0.0,0.0,0.0,,1,24,453
2026-06-06T12:28:20.907503,1,0.001,0.0,0.0,,1,24,453
2026-06-06T12:28:20.907503,5,0.0,0.0,0.0,,1,24,453
2026-06-06T12:28:20.907503,2,70.486,6681.0,1403.0,,1,24,454
2026-06-06T12:28:20.907503,6,0.001,0.0,0.0,,1,24,454
2026-06-06T12:28:20.907503,3,0.007,1.0,0.25,,1,24,455
2026-06-06T12:28:20.907503,7,0.0,0.0,0.0,,1,24,455
2026-06-06T12:28:20.907503,0,-0.001,0.0,0.0,,1,24,454
2026-06-06T12:28:20.907503,4,0.0,0.0,0.0,,1,24,454
2026-06-06T12:28:20.907503,1,0.001,0.0,0.0,,1,24,454
2026-06-06T12:28:20.907503,5,0.0,0.0,0.0,,1,24,454
2026-06-06T12:28:20.907503,2,70.288,6662.0,1399.0,,1,24,455
2026-06-06T12:28:20.907503,6,0.001,0.0,0.0,,1,24,455
2026-06-06T12:28:20.958503,3,0.007,1.0,0.25,,1,24,456
2026-06-06T12:28:20.958503,7,0.0,0.0,0.0,,1,24,456
2026-06-06T12:28:20.958503,0,-0.001,0.0,0.0,,1,24,455
2026-06-06T12:28:20.958503,4,0.0,0.0,0.0,,1,24,455
2026-06-06T12:28:20.958503,1,0.001,0.0,0.0,,1,24,455
2026-06-06T12:28:20.958503,5,0.0,0.0,0.0,,1,24,455
2026-06-06T12:28:20.993020,2,70.167,6651.0,1396.75,,1,24,456
2026-06-06T12:28:20.993020,6,0.001,0.0,0.0,,1,24,456
2026-06-06T12:28:20.993020,3,0.007,1.0,0.25,,1,24,457
2026-06-06T12:28:20.993020,7,0.0,0.0,0.0,,1,24,457
2026-06-06T12:28:20.993020,0,-0.001,0.0,0.0,,1,24,456
2026-06-06T12:28:20.993020,4,0.0,0.0,0.0,,1,24,456
2026-06-06T12:28:20.993020,1,0.001,0.0,0.0,,1,24,456
2026-06-06T12:28:20.993020,5,0.0,0.0,0.0,,1,24,456
2026-06-06T12:28:20.993020,2,70.338,6667.0,1400.0,,1,24,457
2026-06-06T12:28:20.993020,6,0.0,0.0,0.0,,1,24,457
2026-06-06T12:28:20.993020,3,0.007,1.0,0.25,,1,24,458
2026-06-06T12:28:20.993020,7,0.0,0.0,0.0,,1,24,458
2026-06-06T12:28:21.044020,0,-0.001,0.0,0.0,,1,24,457
2026-06-06T12:28:21.044020,4,0.0,0.0,0.0,,1,24,457
2026-06-06T12:28:21.044020,1,0.001,0.0,0.0,,1,24,457
2026-06-06T12:28:21.044020,5,0.0,0.0,0.0,,1,24,457
2026-06-06T12:28:21.044020,2,70.513,6684.0,1403.5,,1,24,458
2026-06-06T12:28:21.044020,6,0.0,0.0,0.0,,1,24,458
2026-06-06T12:28:21.094527,3,0.007,1.0,0.25,,1,24,459
2026-06-06T12:28:21.094527,7,0.0,0.0,0.0,,1,24,459
2026-06-06T12:28:21.094527,0,-0.001,0.0,0.0,,1,24,458
2026-06-06T12:28:21.094527,4,0.0,0.0,0.0,,1,24,458
2026-06-06T12:28:21.094527,1,0.001,0.0,0.0,,1,24,458
2026-06-06T12:28:21.094527,5,0.0,0.0,0.0,,1,24,458
2026-06-06T12:28:21.094527,2,70.605,6692.0,1405.5,,1,24,459
2026-06-06T12:28:21.094527,6,0.0,0.0,0.0,,1,24,459
2026-06-06T12:28:21.094527,3,0.007,1.0,0.25,,1,24,460
2026-06-06T12:28:21.094527,7,0.0,0.0,0.0,,1,24,460
2026-06-06T12:28:21.094527,0,-0.001,0.0,0.0,,1,24,459
2026-06-06T12:28:21.094527,4,0.0,0.0,0.0,,1,24,459
2026-06-06T12:28:21.145528,1,0.001,0.0,0.0,,1,24,459
2026-06-06T12:28:21.145528,5,0.0,0.0,0.0,,1,24,459
2026-06-06T12:28:21.145528,2,70.575,6690.0,1404.75,,1,24,460
2026-06-06T12:28:21.145528,6,0.001,0.0,0.0,,1,24,460
2026-06-06T12:28:21.145528,3,0.007,1.0,0.25,,1,24,461
2026-06-06T12:28:21.145528,7,0.0,0.0,0.0,,1,24,461
2026-06-06T12:28:21.179530,0,-0.001,0.0,0.0,,1,24,460
2026-06-06T12:28:21.179530,4,0.0,0.0,0.0,,1,24,460
2026-06-06T12:28:21.179530,1,0.001,0.0,0.0,,1,24,460
2026-06-06T12:28:21.179530,5,0.0,0.0,0.0,,1,24,460
2026-06-06T12:28:21.179530,2,70.088,6643.0,1395.0,,1,24,461
2026-06-06T12:28:21.179530,6,0.001,0.0,0.0,,1,24,461
2026-06-06T12:28:21.217038,3,0.007,1.0,0.25,,1,24,462
2026-06-06T12:28:21.217038,7,0.0,0.0,0.0,,1,24,462
2026-06-06T12:28:21.217038,0,-0.001,0.0,0.0,,1,24,461
2026-06-06T12:28:21.217038,4,0.0,0.0,0.0,,1,24,461
2026-06-06T12:28:21.217038,1,0.001,0.0,0.0,,1,24,461
2026-06-06T12:28:21.217038,5,0.0,0.0,0.0,,1,24,461
2026-06-06T12:28:21.248037,2,51.226,4856.0,1019.75,,1,24,462
2026-06-06T12:28:21.248037,6,0.001,0.0,0.0,,1,24,462
2026-06-06T12:28:21.248037,3,0.006,1.0,0.25,,1,24,463
2026-06-06T12:28:21.248037,7,-0.001,0.0,0.0,,1,24,463
2026-06-06T12:28:21.248037,0,-0.001,0.0,0.0,,1,24,462
2026-06-06T12:28:21.248037,4,0.0,0.0,0.0,,1,24,462
2026-06-06T12:28:21.248037,1,0.001,0.0,0.0,,1,24,462
2026-06-06T12:28:21.248037,5,0.0,0.0,0.0,,1,24,462
2026-06-06T12:28:21.248037,2,32.471,3078.0,646.25,,1,24,463
2026-06-06T12:28:21.248037,6,0.0,0.0,0.0,,1,24,463
2026-06-06T12:28:21.248037,3,0.003,0.0,0.0,,1,24,464
2026-06-06T12:28:21.248037,7,-0.001,0.0,0.0,,1,24,464
2026-06-06T12:28:21.298548,0,0.0,0.0,0.0,,1,24,463
2026-06-06T12:28:21.298548,4,0.0,0.0,0.0,,1,24,463
2026-06-06T12:28:21.298548,1,0.001,0.0,0.0,,1,24,463
2026-06-06T12:28:21.298548,5,0.0,0.0,0.0,,1,24,463
2026-06-06T12:28:21.298548,2,14.213,1347.0,283.0,,1,24,464
2026-06-06T12:28:21.298548,6,0.0,0.0,0.0,,1,24,464
2026-06-06T12:28:21.328547,3,0.0,0.0,0.0,,1,24,465
2026-06-06T12:28:21.328547,7,-0.001,0.0,0.0,,1,24,465
2026-06-06T12:28:21.328547,0,0.0,0.0,0.0,,1,24,464
2026-06-06T12:28:21.328547,4,0.0,0.0,0.0,,1,24,464
2026-06-06T12:28:21.328547,1,0.0,0.0,0.0,,1,24,464
2026-06-06T12:28:21.328547,5,0.0,0.0,0.0,,1,24,464
2026-06-06T12:28:21.366547,2,30.446,2886.0,606.0,,1,24,465
2026-06-06T12:28:21.366547,6,0.0,0.0,0.0,,1,24,465
2026-06-06T12:28:21.366547,3,0.003,0.0,0.0,,1,24,466
2026-06-06T12:28:21.366547,7,0.0,0.0,0.0,,1,24,466
2026-06-06T12:28:21.366547,0,0.0,0.0,0.0,,1,24,465
2026-06-06T12:28:21.366547,4,0.0,0.0,0.0,,1,24,465
2026-06-06T12:28:21.400059,1,0.001,0.0,0.0,,1,24,465
2026-06-06T12:28:21.400059,5,0.0,0.0,0.0,,1,24,465
2026-06-06T12:28:21.400059,2,49.089,4653.0,977.0,,1,24,466
2026-06-06T12:28:21.400059,6,0.001,0.0,0.0,,1,24,466
2026-06-06T12:28:21.400059,3,0.005,0.0,0.0,,1,24,467
2026-06-06T12:28:21.400059,7,0.0,0.0,0.0,,1,24,467
2026-06-06T12:28:21.437746,0,0.0,0.0,0.0,,1,24,466
2026-06-06T12:28:21.437746,4,0.0,0.0,0.0,,1,24,466
2026-06-06T12:28:21.437746,1,0.001,0.0,0.0,,1,24,466
2026-06-06T12:28:21.437746,5,0.0,0.0,0.0,,1,24,466
2026-06-06T12:28:21.437746,2,67.914,6437.0,1351.75,,1,24,467
2026-06-06T12:28:21.437746,6,0.001,0.0,0.0,,1,24,467
2026-06-06T12:28:21.471255,3,0.008,1.0,0.25,,1,24,468
2026-06-06T12:28:21.471255,7,0.0,0.0,0.0,,1,24,468
2026-06-06T12:28:21.471255,0,-0.001,0.0,0.0,,1,24,467
2026-06-06T12:28:21.471255,4,0.0,0.0,0.0,,1,24,467
2026-06-06T12:28:21.471255,1,0.001,0.0,0.0,,1,24,467
2026-06-06T12:28:21.471255,5,0.0,0.0,0.0,,1,24,467
2026-06-06T12:28:21.503300,2,70.553,6688.0,1404.5,,1,24,468
2026-06-06T12:28:21.503300,6,0.001,0.0,0.0,,1,24,468
2026-06-06T12:28:21.503300,3,0.008,1.0,0.25,,1,24,469
2026-06-06T12:28:21.503300,7,-0.001,0.0,0.0,,1,24,469
2026-06-06T12:28:21.503300,0,-0.001,0.0,0.0,,1,24,468
2026-06-06T12:28:21.503300,4,0.0,0.0,0.0,,1,24,468
2026-06-06T12:28:21.536893,1,0.001,0.0,0.0,,1,24,468
2026-06-06T12:28:21.536893,5,0.0,0.0,0.0,,1,24,468
2026-06-06T12:28:21.536893,2,70.644,6696.0,1406.25,,1,24,469
2026-06-06T12:28:21.536893,6,0.001,0.0,0.0,,1,24,469
2026-06-06T12:28:21.536893,3,0.008,1.0,0.25,,1,24,470
2026-06-06T12:28:21.536893,7,-0.001,0.0,0.0,,1,24,470
2026-06-06T12:28:21.572894,0,-0.001,0.0,0.0,,1,24,469
2026-06-06T12:28:21.572894,4,0.0,0.0,0.0,,1,24,469
2026-06-06T12:28:21.572894,1,0.001,0.0,0.0,,1,24,469
2026-06-06T12:28:21.572894,5,0.0,0.0,0.0,,1,24,469
2026-06-06T12:28:21.572894,2,70.73,6704.0,1408.0,,1,24,470
2026-06-06T12:28:21.572894,6,0.0,0.0,0.0,,1,24,470
2026-06-06T12:28:21.603406,3,0.008,1.0,0.25,,1,24,471
2026-06-06T12:28:21.603406,7,-0.001,0.0,0.0,,1,24,471
2026-06-06T12:28:21.603406,0,-0.001,0.0,0.0,,1,24,470
2026-06-06T12:28:21.603406,4,0.0,0.0,0.0,,1,24,470
2026-06-06T12:28:21.603406,1,0.001,0.0,0.0,,1,24,470
2026-06-06T12:28:21.603406,5,0.0,0.0,0.0,,1,24,470
2026-06-06T12:28:21.641406,2,70.7,6701.0,1407.25,,1,24,471
2026-06-06T12:28:21.641406,6,0.0,0.0,0.0,,1,24,471
2026-06-06T12:28:21.641406,3,0.008,1.0,0.25,,1,24,472
2026-06-06T12:28:21.641406,7,0.0,0.0,0.0,,1,24,472
2026-06-06T12:28:21.641406,0,-0.001,0.0,0.0,,1,24,471
2026-06-06T12:28:21.641406,4,0.0,0.0,0.0,,1,24,471
2026-06-06T12:28:21.689934,1,0.001,0.0,0.0,,1,24,471
2026-06-06T12:28:21.689934,5,0.0,0.0,0.0,,1,24,471
2026-06-06T12:28:21.689934,2,70.514,6684.0,1403.5,,1,24,472
2026-06-06T12:28:21.689934,6,0.0,0.0,0.0,,1,24,472
2026-06-06T12:28:21.689934,3,0.008,1.0,0.25,,1,24,473
2026-06-06T12:28:21.689934,7,0.0,0.0,0.0,,1,24,473
2026-06-06T12:28:21.689934,0,-0.001,0.0,0.0,,1,24,472
2026-06-06T12:28:21.689934,4,0.0,0.0,0.0,,1,24,472
2026-06-06T12:28:21.689934,1,0.001,0.0,0.0,,1,24,472
2026-06-06T12:28:21.689934,5,0.0,0.0,0.0,,1,24,472
2026-06-06T12:28:21.689934,2,70.343,6668.0,1400.25,,1,24,473
2026-06-06T12:28:21.689934,6,0.001,0.0,0.0,,1,24,473
2026-06-06T12:28:21.689934,3,0.008,1.0,0.25,,1,24,474
2026-06-06T12:28:21.689934,7,0.0,0.0,0.0,,1,24,474
2026-06-06T12:28:21.689934,0,-0.001,0.0,0.0,,1,24,473
2026-06-06T12:28:21.689934,4,0.0,0.0,0.0,,1,24,473
2026-06-06T12:28:21.689934,1,0.001,0.0,0.0,,1,24,473
2026-06-06T12:28:21.689934,5,0.0,0.0,0.0,,1,24,473
2026-06-06T12:28:21.740570,2,70.281,6662.0,1399.0,,1,24,474
2026-06-06T12:28:21.740570,6,0.001,0.0,0.0,,1,24,474
2026-06-06T12:28:21.740570,3,0.008,1.0,0.25,,1,24,475
2026-06-06T12:28:21.740570,7,0.0,0.0,0.0,,1,24,475
2026-06-06T12:28:21.740570,0,-0.001,0.0,0.0,,1,24,474
2026-06-06T12:28:21.740570,4,0.0,0.0,0.0,,1,24,474
2026-06-06T12:28:21.740570,1,0.001,0.0,0.0,,1,24,474
2026-06-06T12:28:21.740570,5,0.0,0.0,0.0,,1,24,474
2026-06-06T12:28:21.740570,2,70.283,6662.0,1399.0,,1,24,475
2026-06-06T12:28:21.740570,6,0.001,0.0,0.0,,1,24,475
2026-06-06T12:28:21.740570,3,0.008,1.0,0.25,,1,24,476
2026-06-06T12:28:21.740570,7,-0.001,0.0,0.0,,1,24,476
2026-06-06T12:28:21.792086,0,-0.001,0.0,0.0,,1,24,475
2026-06-06T12:28:21.792086,4,0.0,0.0,0.0,,1,24,475
2026-06-06T12:28:21.792086,1,0.001,0.0,0.0,,1,24,475
2026-06-06T12:28:21.792086,5,0.0,0.0,0.0,,1,24,475
2026-06-06T12:28:21.792086,2,70.39,6672.0,1401.25,,1,24,476
2026-06-06T12:28:21.792086,6,0.0,0.0,0.0,,1,24,476
2026-06-06T12:28:21.792086,3,0.008,1.0,0.25,,1,24,477
2026-06-06T12:28:21.792086,7,-0.001,0.0,0.0,,1,24,477
2026-06-06T12:28:21.792086,0,-0.001,0.0,0.0,,1,24,476
2026-06-06T12:28:21.792086,4,0.0,0.0,0.0,,1,24,476
2026-06-06T12:28:21.792086,1,0.001,0.0,0.0,,1,24,476
2026-06-06T12:28:21.792086,5,0.0,0.0,0.0,,1,24,476
2026-06-06T12:28:21.842592,2,70.444,6677.0,1402.25,,1,24,477
2026-06-06T12:28:21.842592,6,0.0,0.0,0.0,,1,24,477
2026-06-06T12:28:21.842592,3,0.008,1.0,0.25,,1,24,478
2026-06-06T12:28:21.842592,7,0.0,0.0,0.0,,1,24,478
2026-06-06T12:28:21.842592,0,-0.001,0.0,0.0,,1,24,477
2026-06-06T12:28:21.842592,4,0.0,0.0,0.0,,1,24,477
2026-06-06T12:28:21.894100,1,0.001,0.0,0.0,,1,24,477
2026-06-06T12:28:21.894100,5,0.0,0.0,0.0,,1,24,477
2026-06-06T12:28:21.894100,2,70.548,6687.0,1404.25,,1,24,478
2026-06-06T12:28:21.894100,6,0.0,0.0,0.0,,1,24,478
2026-06-06T12:28:21.894100,3,0.008,1.0,0.25,,1,24,479
2026-06-06T12:28:21.894100,7,0.0,0.0,0.0,,1,24,479
2026-06-06T12:28:21.894100,0,-0.001,0.0,0.0,,1,24,478
2026-06-06T12:28:21.894100,4,0.0,0.0,0.0,,1,24,478
2026-06-06T12:28:21.894100,1,0.001,0.0,0.0,,1,24,478
2026-06-06T12:28:21.894100,5,0.0,0.0,0.0,,1,24,478
2026-06-06T12:28:21.894100,2,70.677,6699.0,1406.75,,1,24,479
2026-06-06T12:28:21.894100,6,0.0,0.0,0.0,,1,24,479
2026-06-06T12:28:21.945100,3,0.008,1.0,0.25,,1,24,480
2026-06-06T12:28:21.945100,7,0.0,0.0,0.0,,1,24,480
2026-06-06T12:28:21.945100,0,-0.001,0.0,0.0,,1,24,479
2026-06-06T12:28:21.945100,4,0.0,0.0,0.0,,1,24,479
2026-06-06T12:28:21.945100,1,0.001,0.0,0.0,,1,24,479
2026-06-06T12:28:21.945100,5,0.0,0.0,0.0,,1,24,479
2026-06-06T12:28:21.945100,2,88.936,8430.0,1770.25,,1,24,480
2026-06-06T12:28:21.945100,6,0.001,0.0,0.0,,1,24,480
2026-06-06T12:28:21.945100,3,0.012,1.0,0.25,,1,24,481
2026-06-06T12:28:21.945100,7,0.0,0.0,0.0,,1,24,481
2026-06-06T12:28:21.945100,0,-0.001,0.0,0.0,,1,24,480
2026-06-06T12:28:21.945100,4,0.0,0.0,0.0,,1,24,480
2026-06-06T12:28:21.995616,1,0.001,0.0,0.0,,1,24,480
2026-06-06T12:28:21.995616,5,0.0,0.0,0.0,,1,24,480
2026-06-06T12:28:21.995616,2,88.936,8430.0,1770.25,,1,24,481
2026-06-06T12:28:21.995616,6,0.001,0.0,0.0,,1,24,481
2026-06-06T12:28:21.995616,3,0.012,1.0,0.25,,1,24,482
2026-06-06T12:28:21.995616,7,0.0,0.0,0.0,,1,24,482
2026-06-06T12:28:22.046978,0,-0.001,0.0,0.0,,1,24,481
2026-06-06T12:28:22.046978,4,0.0,0.0,0.0,,1,24,481
2026-06-06T12:28:22.046978,1,0.001,0.0,0.0,,1,24,481
2026-06-06T12:28:22.046978,5,0.0,0.0,0.0,,1,24,481
2026-06-06T12:28:22.046978,2,74.454,7057.0,1482.0,,1,24,482
2026-06-06T12:28:22.046978,6,0.0,0.0,0.0,,1,24,482
2026-06-06T12:28:22.046978,3,0.01,1.0,0.25,,1,24,483
2026-06-06T12:28:22.046978,7,-0.001,0.0,0.0,,1,24,483
2026-06-06T12:28:22.046978,0,-0.001,0.0,0.0,,1,24,482
2026-06-06T12:28:22.046978,4,0.0,0.0,0.0,,1,24,482
2026-06-06T12:28:22.046978,1,0.001,0.0,0.0,,1,24,482
2026-06-06T12:28:22.046978,5,0.0,0.0,0.0,,1,24,482
2026-06-06T12:28:22.097998,2,55.801,5289.0,1110.75,,1,24,483
2026-06-06T12:28:22.097998,6,0.0,0.0,0.0,,1,24,483
2026-06-06T12:28:22.097998,3,0.006,1.0,0.25,,1,24,484
2026-06-06T12:28:22.097998,7,-0.001,0.0,0.0,,1,24,484
2026-06-06T12:28:22.097998,0,-0.001,0.0,0.0,,1,24,483
2026-06-06T12:28:22.097998,4,0.0,0.0,0.0,,1,24,483
2026-06-06T12:28:22.097998,1,0.001,0.0,0.0,,1,24,483
2026-06-06T12:28:22.097998,5,0.0,0.0,0.0,,1,24,483
2026-06-06T12:28:22.097998,2,53.312,5053.0,1061.25,,1,24,484
2026-06-06T12:28:22.097998,6,0.0,0.0,0.0,,1,24,484
2026-06-06T12:28:22.097998,3,0.006,1.0,0.25,,1,24,485
2026-06-06T12:28:22.097998,7,0.0,0.0,0.0,,1,24,485
2026-06-06T12:28:22.148998,0,-0.001,0.0,0.0,,1,24,484
2026-06-06T12:28:22.148998,4,0.0,0.0,0.0,,1,24,484
2026-06-06T12:28:22.148998,1,0.001,0.0,0.0,,1,24,484
2026-06-06T12:28:22.148998,5,0.0,0.0,0.0,,1,24,484
2026-06-06T12:28:22.148998,2,53.204,5043.0,1059.0,,1,24,485
2026-06-06T12:28:22.148998,6,0.0,0.0,0.0,,1,24,485
2026-06-06T12:28:22.199508,3,0.006,1.0,0.25,,1,24,486
2026-06-06T12:28:22.199508,7,0.0,0.0,0.0,,1,24,486
2026-06-06T12:28:22.199508,0,-0.001,0.0,0.0,,1,24,485
2026-06-06T12:28:22.199508,4,0.0,0.0,0.0,,1,24,485
2026-06-06T12:28:22.199508,1,0.001,0.0,0.0,,1,24,485
2026-06-06T12:28:22.199508,5,0.0,0.0,0.0,,1,24,485
2026-06-06T12:28:22.199508,2,53.006,5024.0,1055.0,,1,24,486
2026-06-06T12:28:22.199508,6,0.001,0.0,0.0,,1,24,486
2026-06-06T12:28:22.199508,3,0.006,1.0,0.25,,1,24,487
2026-06-06T12:28:22.199508,7,0.0,0.0,0.0,,1,24,487
2026-06-06T12:28:22.199508,0,-0.001,0.0,0.0,,1,24,486
2026-06-06T12:28:22.199508,4,0.0,0.0,0.0,,1,24,486
2026-06-06T12:28:22.250509,1,0.001,0.0,0.0,,1,24,486
2026-06-06T12:28:22.250509,5,0.0,0.0,0.0,,1,24,486
2026-06-06T12:28:22.250509,2,53.377,5059.0,1062.5,,1,24,487
2026-06-06T12:28:22.250509,6,0.001,0.0,0.0,,1,24,487
2026-06-06T12:28:22.250509,3,0.006,1.0,0.25,,1,24,488
2026-06-06T12:28:22.250509,7,-0.001,0.0,0.0,,1,24,488
2026-06-06T12:28:22.302021,0,-0.001,0.0,0.0,,1,24,487
2026-06-06T12:28:22.302021,4,0.0,0.0,0.0,,1,24,487
2026-06-06T12:28:22.302021,1,0.001,0.0,0.0,,1,24,487
2026-06-06T12:28:22.302021,5,0.0,0.0,0.0,,1,24,487
2026-06-06T12:28:22.302021,2,53.344,5056.0,1061.75,,1,24,488
2026-06-06T12:28:22.302021,6,0.001,0.0,0.0,,1,24,488
2026-06-06T12:28:22.302021,3,0.006,1.0,0.0,,1,24,489
2026-06-06T12:28:22.302021,7,-0.001,0.0,0.0,,1,24,489
2026-06-06T12:28:22.302021,0,-0.001,0.0,0.0,,1,24,488
2026-06-06T12:28:22.302021,4,0.0,0.0,0.0,,1,24,488
2026-06-06T12:28:22.302021,1,0.001,0.0,0.0,,1,24,488
2026-06-06T12:28:22.302021,5,0.0,0.0,0.0,,1,24,488
2026-06-06T12:28:22.353020,2,52.86,5010.0,1052.25,,1,24,489
2026-06-06T12:28:22.353020,6,0.0,0.0,0.0,,1,24,489
2026-06-06T12:28:22.353020,3,0.006,1.0,0.0,,1,24,490
2026-06-06T12:28:22.353020,7,-0.001,0.0,0.0,,1,24,490
2026-06-06T12:28:22.353020,0,-0.001,0.0,0.0,,1,24,489
2026-06-06T12:28:22.353020,4,0.0,0.0,0.0,,1,24,489
2026-06-06T12:28:22.353020,1,0.001,0.0,0.0,,1,24,489
2026-06-06T12:28:22.353020,5,0.0,0.0,0.0,,1,24,489
2026-06-06T12:28:22.353020,2,52.267,4954.0,1040.5,,1,24,490
2026-06-06T12:28:22.353020,6,0.0,0.0,0.0,,1,24,490
2026-06-06T12:28:22.353020,3,0.006,1.0,0.0,,1,24,491
2026-06-06T12:28:22.353020,7,-0.001,0.0,0.0,,1,24,491
2026-06-06T12:28:22.403530,0,-0.001,0.0,0.0,,1,24,490
2026-06-06T12:28:22.403530,4,0.0,0.0,0.0,,1,24,490
2026-06-06T12:28:22.403530,1,0.001,0.0,0.0,,1,24,490
2026-06-06T12:28:22.403530,5,0.0,0.0,0.0,,1,24,490
2026-06-06T12:28:22.403530,2,51.605,4891.0,1027.25,,1,24,491
2026-06-06T12:28:22.403530,6,0.0,0.0,0.0,,1,24,491
2026-06-06T12:28:22.442530,3,0.006,1.0,0.25,,1,24,492
2026-06-06T12:28:22.442530,7,0.0,0.0,0.0,,1,24,492
2026-06-06T12:28:22.442530,0,-0.001,0.0,0.0,,1,24,491
2026-06-06T12:28:22.442530,4,0.0,0.0,0.0,,1,24,491
2026-06-06T12:28:22.442530,1,0.001,0.0,0.0,,1,24,491
2026-06-06T12:28:22.442530,5,0.0,0.0,0.0,,1,24,491
2026-06-06T12:28:22.472040,2,50.841,4819.0,1012.0,,1,24,492
2026-06-06T12:28:22.472040,6,0.0,0.0,0.0,,1,24,492
2026-06-06T12:28:22.472040,3,0.006,1.0,0.25,,1,24,493
2026-06-06T12:28:22.472040,7,0.0,0.0,0.0,,1,24,493
2026-06-06T12:28:22.472040,0,-0.001,0.0,0.0,,1,24,492
2026-06-06T12:28:22.472040,4,0.0,0.0,0.0,,1,24,492
2026-06-06T12:28:22.472040,1,0.001,0.0,0.0,,1,24,492
2026-06-06T12:28:22.472040,5,0.0,0.0,0.0,,1,24,492
2026-06-06T12:28:22.472040,2,50.119,4751.0,997.75,,1,24,493
2026-06-06T12:28:22.472040,6,0.001,0.0,0.0,,1,24,493
2026-06-06T12:28:22.472040,3,0.006,1.0,0.25,,1,24,494
2026-06-06T12:28:22.472040,7,0.0,0.0,0.0,,1,24,494
2026-06-06T12:28:22.523078,0,-0.001,0.0,0.0,,1,24,493
2026-06-06T12:28:22.523078,4,0.0,0.0,0.0,,1,24,493
2026-06-06T12:28:22.523078,1,0.001,0.0,0.0,,1,24,493
2026-06-06T12:28:22.523078,5,0.0,0.0,0.0,,1,24,493
2026-06-06T12:28:22.523078,2,49.346,4677.0,982.25,,1,24,494
2026-06-06T12:28:22.523078,6,0.0,0.0,0.0,,1,24,494
2026-06-06T12:28:22.573655,3,0.006,1.0,0.25,,1,24,495
2026-06-06T12:28:22.573655,7,-0.001,0.0,0.0,,1,24,495
2026-06-06T12:28:22.573655,0,-0.001,0.0,0.0,,1,24,494
2026-06-06T12:28:22.573655,4,0.0,0.0,0.0,,1,24,494
2026-06-06T12:28:22.573655,1,0.001,0.0,0.0,,1,24,494
2026-06-06T12:28:22.573655,5,0.0,0.0,0.0,,1,24,494
2026-06-06T12:28:22.573655,2,48.443,4592.0,964.25,,1,24,495
2026-06-06T12:28:22.573655,6,0.0,0.0,0.0,,1,24,495
2026-06-06T12:28:22.573655,3,0.006,1.0,0.25,,1,24,496
2026-06-06T12:28:22.573655,7,-0.001,0.0,0.0,,1,24,496
2026-06-06T12:28:22.573655,0,-0.001,0.0,0.0,,1,24,495
2026-06-06T12:28:22.573655,4,0.0,0.0,0.0,,1,24,495
2026-06-06T12:28:22.625170,1,0.001,0.0,0.0,,1,24,495
2026-06-06T12:28:22.625170,5,0.0,0.0,0.0,,1,24,495
2026-06-06T12:28:22.625170,2,28.913,2741.0,575.5,,1,24,496
2026-06-06T12:28:22.625170,6,0.0,0.0,0.0,,1,24,496
2026-06-06T12:28:22.625170,3,0.003,0.0,0.0,,1,24,497
2026-06-06T12:28:22.625170,7,-0.001,0.0,0.0,,1,24,497
2026-06-06T12:28:22.676169,0,0.0,0.0,0.0,,1,24,496
2026-06-06T12:28:22.676169,4,0.0,0.0,0.0,,1,24,496
2026-06-06T12:28:22.676169,1,0.001,0.0,0.0,,1,24,496
2026-06-06T12:28:22.676169,5,0.0,0.0,0.0,,1,24,496
2026-06-06T12:28:22.676169,2,9.383,889.0,186.75,,1,24,497
2026-06-06T12:28:22.676169,6,0.0,0.0,0.0,,1,24,497
2026-06-06T12:28:22.676169,3,0.0,0.0,0.0,,1,24,498
2026-06-06T12:28:22.676169,7,0.0,0.0,0.0,,1,24,498
2026-06-06T12:28:22.676169,0,0.0,0.0,0.0,,1,24,497
2026-06-06T12:28:22.676169,4,0.0,0.0,0.0,,1,24,497
2026-06-06T12:28:22.676169,1,0.0,0.0,0.0,,1,24,497
2026-06-06T12:28:22.676169,5,0.0,0.0,0.0,,1,24,497
2026-06-06T12:28:22.726684,2,4.335,411.0,86.25,,1,24,498
2026-06-06T12:28:22.726684,6,0.0,0.0,0.0,,1,24,498
2026-06-06T12:28:22.726684,3,0.0,0.0,0.0,,1,24,499
2026-06-06T12:28:22.726684,7,0.0,0.0,0.0,,1,24,499
2026-06-06T12:28:22.726684,0,0.0,0.0,0.0,,1,24,498
2026-06-06T12:28:22.726684,4,0.0,0.0,0.0,,1,24,498
2026-06-06T12:28:22.778367,1,0.0,0.0,0.0,,1,24,498
2026-06-06T12:28:22.778367,5,0.0,0.0,0.0,,1,24,498
2026-06-06T12:28:22.778367,2,3.458,328.0,68.75,,1,24,499
2026-06-06T12:28:22.778367,6,0.0,0.0,0.0,,1,24,499
2026-06-06T12:28:22.778367,3,0.0,0.0,0.0,,1,24,500
2026-06-06T12:28:22.778367,7,0.0,0.0,0.0,,1,24,500
2026-06-06T12:28:22.778367,0,0.0,0.0,0.0,,1,24,499
2026-06-06T12:28:22.778367,4,0.0,0.0,0.0,,1,24,499
2026-06-06T12:28:22.778367,1,0.0,0.0,0.0,,1,24,499
2026-06-06T12:28:22.778367,5,0.0,0.0,0.0,,1,24,499
2026-06-06T12:28:22.778367,2,2.644,251.0,52.75,,1,24,500
2026-06-06T12:28:22.778367,6,0.0,0.0,0.0,,1,24,500
2026-06-06T12:28:22.778367,3,0.0,0.0,0.0,,1,24,501
2026-06-06T12:28:22.778367,7,0.0,0.0,0.0,,1,24,501
2026-06-06T12:28:22.778367,0,0.0,0.0,0.0,,1,24,500
2026-06-06T12:28:22.778367,4,0.0,0.0,0.0,,1,24,500
2026-06-06T12:28:22.778367,1,0.0,0.0,0.0,,1,24,500
2026-06-06T12:28:22.778367,5,0.0,0.0,0.0,,1,24,500
2026-06-06T12:28:22.829385,2,2.003,190.0,39.75,,1,24,501
2026-06-06T12:28:22.829385,6,0.0,0.0,0.0,,1,24,501
2026-06-06T12:28:22.829385,3,0.0,0.0,0.0,,1,24,502
2026-06-06T12:28:22.829385,7,-0.001,0.0,0.0,,1,24,502
2026-06-06T12:28:22.829385,0,0.0,0.0,0.0,,1,24,501
2026-06-06T12:28:22.829385,4,0.0,0.0,0.0,,1,24,501
2026-06-06T12:28:22.880386,1,0.0,0.0,0.0,,1,24,501
2026-06-06T12:28:22.880386,5,0.0,0.0,0.0,,1,24,501
2026-06-06T12:28:22.880386,2,1.45,137.0,28.75,,1,24,502
2026-06-06T12:28:22.880386,6,0.0,0.0,0.0,,1,24,502
2026-06-06T12:28:22.880386,3,0.0,0.0,0.0,,1,24,503
2026-06-06T12:28:22.880386,7,0.0,0.0,0.0,,1,24,503
2026-06-06T12:28:22.880386,0,0.0,0.0,0.0,,1,24,502
2026-06-06T12:28:22.880386,4,0.0,0.0,0.0,,1,24,502
2026-06-06T12:28:22.880386,1,0.0,0.0,0.0,,1,24,502
2026-06-06T12:28:22.880386,5,0.0,0.0,0.0,,1,24,502
2026-06-06T12:28:22.880386,2,0.448,42.0,9.0,,1,24,503
2026-06-06T12:28:22.880386,6,0.0,0.0,0.0,,1,24,503
2026-06-06T12:28:22.930903,3,0.0,0.0,0.0,,1,24,504
2026-06-06T12:28:22.930903,7,0.0,0.0,0.0,,1,24,504
2026-06-06T12:28:22.930903,0,0.0,0.0,0.0,,1,24,503
2026-06-06T12:28:22.930903,4,0.0,0.0,0.0,,1,24,503
2026-06-06T12:28:22.930903,1,0.0,0.0,0.0,,1,24,503
2026-06-06T12:28:22.930903,5,0.0,0.0,0.0,,1,24,503
2026-06-06T12:28:22.930903,2,0.009,1.0,0.25,,1,24,504
2026-06-06T12:28:22.930903,6,0.0,0.0,0.0,,1,24,504
2026-06-06T12:28:22.930903,3,0.0,0.0,0.0,,1,24,505
2026-06-06T12:28:22.930903,7,0.0,0.0,0.0,,1,24,505
2026-06-06T12:28:22.930903,0,0.0,0.0,0.0,,1,24,504
2026-06-06T12:28:22.930903,4,0.0,0.0,0.0,,1,24,504
2026-06-06T12:28:22.981919,1,0.0,0.0,0.0,,1,24,504
2026-06-06T12:28:22.981919,5,0.0,0.0,0.0,,1,24,504
2026-06-06T12:28:22.981919,2,0.007,1.0,0.25,,1,24,505
2026-06-06T12:28:22.981919,6,0.0,0.0,0.0,,1,24,505
2026-06-06T12:28:22.981919,3,0.0,0.0,0.0,,1,24,506
2026-06-06T12:28:22.981919,7,0.0,0.0,0.0,,1,24,506
2026-06-06T12:28:23.033425,0,0.0,0.0,0.0,,1,24,505
2026-06-06T12:28:23.033425,4,0.0,0.0,0.0,,1,24,505
2026-06-06T12:28:23.033425,1,0.0,0.0,0.0,,1,24,505
2026-06-06T12:28:23.033425,5,0.0,0.0,0.0,,1,24,505
2026-06-06T12:28:23.033425,2,0.006,1.0,0.0,,1,24,506
2026-06-06T12:28:23.033425,6,0.0,0.0,0.0,,1,24,506
2026-06-06T12:28:23.033425,3,0.0,0.0,0.0,,1,24,507
2026-06-06T12:28:23.033425,7,0.0,0.0,0.0,,1,24,507
2026-06-06T12:28:23.033425,0,0.0,0.0,0.0,,1,24,506
2026-06-06T12:28:23.033425,4,0.0,0.0,0.0,,1,24,506
2026-06-06T12:28:23.033425,1,0.0,0.0,0.0,,1,24,506
2026-06-06T12:28:23.033425,5,0.0,0.0,0.0,,1,24,506
2026-06-06T12:28:23.084431,2,0.005,0.0,0.0,,1,24,507
2026-06-06T12:28:23.084431,6,0.0,0.0,0.0,,1,24,507
2026-06-06T12:28:23.084431,3,0.0,0.0,0.0,,1,24,508
2026-06-06T12:28:23.084431,7,-0.001,0.0,0.0,,1,24,508
2026-06-06T12:28:23.084431,0,0.0,0.0,0.0,,1,24,507
2026-06-06T12:28:23.084431,4,0.0,0.0,0.0,,1,24,507
2026-06-06T12:28:23.084431,1,0.0,0.0,0.0,,1,24,507
2026-06-06T12:28:23.084431,5,0.0,0.0,0.0,,1,24,507
2026-06-06T12:28:23.084431,2,0.004,0.0,0.0,,1,24,508
2026-06-06T12:28:23.084431,6,0.0,0.0,0.0,,1,24,508
2026-06-06T12:28:23.084431,3,0.0,0.0,0.0,,1,24,509
2026-06-06T12:28:23.084431,7,0.0,0.0,0.0,,1,24,509
2026-06-06T12:28:23.134937,0,0.0,0.0,0.0,,1,24,508
2026-06-06T12:28:23.134937,4,0.0,0.0,0.0,,1,24,508
2026-06-06T12:28:23.134937,1,0.0,0.0,0.0,,1,24,508
2026-06-06T12:28:23.134937,5,0.0,0.0,0.0,,1,24,508
2026-06-06T12:28:23.134937,2,0.004,0.0,0.0,,1,24,509
2026-06-06T12:28:23.134937,6,0.0,0.0,0.0,,1,24,509
2026-06-06T12:28:23.185942,3,0.0,0.0,0.0,,1,24,510
2026-06-06T12:28:23.185942,7,0.0,0.0,0.0,,1,24,510
2026-06-06T12:28:23.185942,0,0.0,0.0,0.0,,1,24,509
2026-06-06T12:28:23.185942,4,0.0,0.0,0.0,,1,24,509
2026-06-06T12:28:23.185942,1,0.0,0.0,0.0,,1,24,509
2026-06-06T12:28:23.185942,5,0.0,0.0,0.0,,1,24,509
2026-06-06T12:28:23.185942,2,0.004,0.0,0.0,,1,24,510
2026-06-06T12:28:23.185942,6,0.0,0.0,0.0,,1,24,510
2026-06-06T12:28:23.185942,3,0.0,0.0,0.0,,1,24,511
2026-06-06T12:28:23.185942,7,0.0,0.0,0.0,,1,24,511
2026-06-06T12:28:23.185942,0,0.0,0.0,0.0,,1,24,510
2026-06-06T12:28:23.185942,4,0.0,0.0,0.0,,1,24,510
2026-06-06T12:28:23.237450,1,0.0,0.0,0.0,,1,24,510
2026-06-06T12:28:23.237450,5,0.0,0.0,0.0,,1,24,510
2026-06-06T12:28:23.237450,2,0.003,0.0,0.0,,1,24,511
2026-06-06T12:28:23.237450,6,0.0,0.0,0.0,,1,24,511
2026-06-06T12:28:23.237450,3,0.0,0.0,0.0,,1,24,512
2026-06-06T12:28:23.237450,7,0.0,0.0,0.0,,1,24,512
2026-06-06T12:28:23.237450,0,0.0,0.0,0.0,,1,24,511
2026-06-06T12:28:23.237450,4,0.0,0.0,0.0,,1,24,511
2026-06-06T12:28:23.237450,1,0.0,0.0,0.0,,1,24,511
2026-06-06T12:28:23.237450,5,0.0,0.0,0.0,,1,24,511
2026-06-06T12:28:23.237450,2,0.003,0.0,0.0,,1,24,512
2026-06-06T12:28:23.237450,6,0.001,0.0,0.0,,1,24,512
2026-06-06T12:28:23.288454,3,0.0,0.0,0.0,,1,24,513
2026-06-06T12:28:23.288454,7,0.0,0.0,0.0,,1,24,513
2026-06-06T12:28:23.288454,0,0.0,0.0,0.0,,1,24,512
2026-06-06T12:28:23.288454,4,0.0,0.0,0.0,,1,24,512
2026-06-06T12:28:23.288454,1,0.0,0.0,0.0,,1,24,512
2026-06-06T12:28:23.288454,5,0.0,0.0,0.0,,1,24,512
2026-06-06T12:28:23.321558,2,0.003,0.0,0.0,,1,24,513
2026-06-06T12:28:23.321558,6,0.0,0.0,0.0,,1,24,513
2026-06-06T12:28:23.321558,3,0.0,0.0,0.0,,1,24,514
2026-06-06T12:28:23.321558,7,0.0,0.0,0.0,,1,24,514
2026-06-06T12:28:23.321558,0,0.0,0.0,0.0,,1,24,513
2026-06-06T12:28:23.321558,4,0.0,0.0,0.0,,1,24,513
2026-06-06T12:28:23.372558,1,0.0,0.0,0.0,,1,24,513
2026-06-06T12:28:23.372558,5,0.0,0.0,0.0,,1,24,513
2026-06-06T12:28:23.372558,2,0.003,0.0,0.0,,1,24,514
2026-06-06T12:28:23.372558,6,0.0,0.0,0.0,,1,24,514
2026-06-06T12:28:23.372558,3,0.0,0.0,0.0,,1,24,515
2026-06-06T12:28:23.372558,7,0.0,0.0,0.0,,1,24,515
2026-06-06T12:28:23.372558,0,0.0,0.0,0.0,,1,24,514
2026-06-06T12:28:23.372558,4,0.0,0.0,0.0,,1,24,514
2026-06-06T12:28:23.372558,1,0.0,0.0,0.0,,1,24,514
2026-06-06T12:28:23.372558,5,0.0,0.0,0.0,,1,24,514
2026-06-06T12:28:23.372558,2,0.003,0.0,0.0,,1,24,515
2026-06-06T12:28:23.372558,6,0.0,0.0,0.0,,1,24,515
2026-06-06T12:28:23.424067,3,0.0,0.0,0.0,,1,24,516
2026-06-06T12:28:23.424067,7,0.0,0.0,0.0,,1,24,516
2026-06-06T12:28:23.424067,0,0.0,0.0,0.0,,1,24,515
2026-06-06T12:28:23.424067,4,0.0,0.0,0.0,,1,24,515
2026-06-06T12:28:23.424067,1,0.0,0.0,0.0,,1,24,515
2026-06-06T12:28:23.424067,5,0.0,0.0,0.0,,1,24,515
2026-06-06T12:28:23.424067,2,0.003,0.0,0.0,,1,24,516
2026-06-06T12:28:23.424067,6,0.0,0.0,0.0,,1,24,516
2026-06-06T12:28:23.424067,3,0.0,0.0,0.0,,1,24,517
2026-06-06T12:28:23.424067,7,0.0,0.0,0.0,,1,24,517
2026-06-06T12:28:23.424067,0,0.0,0.0,0.0,,1,24,516
2026-06-06T12:28:23.424067,4,0.0,0.0,0.0,,1,24,516
2026-06-06T12:28:23.474579,1,0.0,0.0,0.0,,1,24,516
2026-06-06T12:28:23.474579,5,0.0,0.0,0.0,,1,24,516
2026-06-06T12:28:23.474579,2,0.003,0.0,0.0,,1,24,517
2026-06-06T12:28:23.474579,6,0.0,0.0,0.0,,1,24,517
2026-06-06T12:28:23.474579,3,0.0,0.0,0.0,,1,24,518
2026-06-06T12:28:23.474579,7,0.0,0.0,0.0,,1,24,518
2026-06-06T12:28:23.525640,0,0.0,0.0,0.0,,1,24,517
2026-06-06T12:28:23.525640,4,0.0,0.0,0.0,,1,24,517
2026-06-06T12:28:23.525640,1,0.0,0.0,0.0,,1,24,517
2026-06-06T12:28:23.525640,5,0.0,0.0,0.0,,1,24,517
2026-06-06T12:28:23.525640,2,0.003,0.0,0.0,,1,24,518
2026-06-06T12:28:23.525640,6,0.0,0.0,0.0,,1,24,518
2026-06-06T12:28:23.525640,3,0.0,0.0,0.0,,1,24,519
2026-06-06T12:28:23.525640,7,0.0,0.0,0.0,,1,24,519
2026-06-06T12:28:23.525640,0,0.0,0.0,0.0,,1,24,518
2026-06-06T12:28:23.525640,4,0.0,0.0,0.0,,1,24,518
2026-06-06T12:28:23.525640,1,0.0,0.0,0.0,,1,24,518
2026-06-06T12:28:23.525640,5,0.0,0.0,0.0,,1,24,518
2026-06-06T12:28:23.577273,2,0.003,0.0,0.0,,1,24,519
2026-06-06T12:28:23.577273,6,0.0,0.0,0.0,,1,24,519
2026-06-06T12:28:23.577273,3,0.0,0.0,0.0,,1,24,520
2026-06-06T12:28:23.577273,7,0.0,0.0,0.0,,1,24,520
2026-06-06T12:28:23.577273,0,0.0,0.0,0.0,,1,24,519
2026-06-06T12:28:23.577273,4,0.0,0.0,0.0,,1,24,519
2026-06-06T12:28:23.577273,1,0.0,0.0,0.0,,1,24,519
2026-06-06T12:28:23.577273,5,0.0,0.0,0.0,,1,24,519
2026-06-06T12:28:23.577273,2,0.003,0.0,0.0,,1,24,520
2026-06-06T12:28:23.577273,6,0.0,0.0,0.0,,1,24,520
2026-06-06T12:28:23.577273,3,0.0,0.0,0.0,,1,24,521
2026-06-06T12:28:23.577273,7,0.0,0.0,0.0,,1,24,521
2026-06-06T12:28:23.627784,0,0.0,0.0,0.0,,1,24,520
2026-06-06T12:28:23.627784,4,0.0,0.0,0.0,,1,24,520
2026-06-06T12:28:23.627784,1,0.0,0.0,0.0,,1,24,520
2026-06-06T12:28:23.627784,5,0.0,0.0,0.0,,1,24,520
2026-06-06T12:28:23.627784,2,0.002,0.0,0.0,,1,24,521
2026-06-06T12:28:23.627784,6,0.0,0.0,0.0,,1,24,521
2026-06-06T12:28:23.678784,3,0.0,0.0,0.0,,1,24,522
2026-06-06T12:28:23.678784,7,0.0,0.0,0.0,,1,24,522
2026-06-06T12:28:23.678784,0,0.0,0.0,0.0,,1,24,521
2026-06-06T12:28:23.678784,4,0.0,0.0,0.0,,1,24,521
2026-06-06T12:28:23.678784,1,0.0,0.0,0.0,,1,24,521
2026-06-06T12:28:23.678784,5,0.0,0.0,0.0,,1,24,521
2026-06-06T12:28:23.678784,2,0.002,0.0,0.0,,1,24,522
2026-06-06T12:28:23.678784,6,0.0,0.0,0.0,,1,24,522
2026-06-06T12:28:23.678784,3,0.0,0.0,0.0,,1,24,523
2026-06-06T12:28:23.678784,7,0.0,0.0,0.0,,1,24,523
2026-06-06T12:28:23.678784,0,0.0,0.0,0.0,,1,24,522
2026-06-06T12:28:23.678784,4,0.0,0.0,0.0,,1,24,522
2026-06-06T12:28:23.730422,1,0.0,0.0,0.0,,1,24,522
2026-06-06T12:28:23.730422,5,0.0,0.0,0.0,,1,24,522
2026-06-06T12:28:23.730422,2,0.002,0.0,0.0,,1,24,523
2026-06-06T12:28:23.730422,6,0.0,0.0,0.0,,1,24,523
2026-06-06T12:28:23.730422,3,0.0,0.0,0.0,,1,24,524
2026-06-06T12:28:23.730422,7,0.0,0.0,0.0,,1,24,524
2026-06-06T12:28:23.730422,0,0.0,0.0,0.0,,1,24,523
2026-06-06T12:28:23.730422,4,0.0,0.0,0.0,,1,24,523
2026-06-06T12:28:23.730422,1,0.0,0.0,0.0,,1,24,523
2026-06-06T12:28:23.730422,5,0.0,0.0,0.0,,1,24,523
2026-06-06T12:28:23.730422,2,0.002,0.0,0.0,,1,24,524
2026-06-06T12:28:23.730422,6,0.001,0.0,0.0,,1,24,524
2026-06-06T12:28:23.821442,3,0.0,0.0,0.0,,1,24,525
2026-06-06T12:28:23.821442,7,0.0,0.0,0.0,,1,24,525
2026-06-06T12:28:23.821442,0,0.0,0.0,0.0,,1,24,524
2026-06-06T12:28:23.821442,4,0.0,0.0,0.0,,1,24,524
2026-06-06T12:28:23.821442,1,0.0,0.0,0.0,,1,24,524
2026-06-06T12:28:23.821442,5,0.0,0.0,0.0,,1,24,524
2026-06-06T12:28:23.845442,2,0.002,0.0,0.0,,1,24,525
2026-06-06T12:28:23.845442,6,0.001,0.0,0.0,,1,24,525
2026-06-06T12:28:23.845442,3,0.0,0.0,0.0,,1,24,526
2026-06-06T12:28:23.845442,7,0.0,0.0,0.0,,1,24,526
2026-06-06T12:28:23.845442,0,0.0,0.0,0.0,,1,24,525
2026-06-06T12:28:23.845442,4,0.0,0.0,0.0,,1,24,525
2026-06-06T12:28:23.886445,1,0.0,0.0,0.0,,1,24,525
2026-06-06T12:28:23.886445,5,0.0,0.0,0.0,,1,24,525
2026-06-06T12:28:23.886445,2,0.002,0.0,0.0,,1,24,526
2026-06-06T12:28:23.886445,6,0.0,0.0,0.0,,1,24,526
2026-06-06T12:28:23.886445,3,0.0,0.0,0.0,,1,24,527
2026-06-06T12:28:23.886445,7,0.0,0.0,0.0,,1,24,527
2026-06-06T12:28:23.911952,0,0.0,0.0,0.0,,1,24,526
2026-06-06T12:28:23.911952,4,0.0,0.0,0.0,,1,24,526
2026-06-06T12:28:23.911952,1,0.0,0.0,0.0,,1,24,526
2026-06-06T12:28:23.911952,5,0.0,0.0,0.0,,1,24,526
2026-06-06T12:28:23.911952,2,0.001,0.0,0.0,,1,24,527
2026-06-06T12:28:23.911952,6,0.0,0.0,0.0,,1,24,527
2026-06-06T12:28:23.954953,3,0.0,0.0,0.0,,1,24,528
2026-06-06T12:28:23.954953,7,0.0,0.0,0.0,,1,24,528
2026-06-06T12:28:23.954953,0,0.0,0.0,0.0,,1,24,527
2026-06-06T12:28:23.954953,4,0.0,0.0,0.0,,1,24,527
2026-06-06T12:28:23.954953,1,0.0,0.0,0.0,,1,24,527
2026-06-06T12:28:23.954953,5,0.0,0.0,0.0,,1,24,527
2026-06-06T12:28:23.967954,2,0.001,0.0,0.0,,1,24,528
2026-06-06T12:28:23.967954,6,0.0,0.0,0.0,,1,24,528
2026-06-06T12:28:23.967954,3,0.0,0.0,0.0,,1,24,529
2026-06-06T12:28:23.967954,7,0.0,0.0,0.0,,1,24,529
2026-06-06T12:28:23.967954,0,0.0,0.0,0.0,,1,24,528
2026-06-06T12:28:23.967954,4,0.0,0.0,0.0,,1,24,528
2026-06-06T12:28:23.967954,1,0.0,0.0,0.0,,1,24,528
2026-06-06T12:28:23.967954,5,0.0,0.0,0.0,,1,24,528
2026-06-06T12:28:23.967954,2,0.001,0.0,0.0,,1,24,529
2026-06-06T12:28:23.967954,6,0.0,0.0,0.0,,1,24,529
2026-06-06T12:28:23.967954,3,0.0,0.0,0.0,,1,24,530
2026-06-06T12:28:23.967954,7,0.0,0.0,0.0,,1,24,530
2026-06-06T12:28:24.019466,0,0.0,0.0,0.0,,1,24,529
2026-06-06T12:28:24.019466,4,0.0,0.0,0.0,,1,24,529
2026-06-06T12:28:24.019466,1,0.0,0.0,0.0,,1,24,529
2026-06-06T12:28:24.019466,5,0.0,0.0,0.0,,1,24,529
2026-06-06T12:28:24.019466,2,0.001,0.0,0.0,,1,24,530
2026-06-06T12:28:24.019466,6,0.0,0.0,0.0,,1,24,530
2026-06-06T12:28:24.019466,3,0.0,0.0,0.0,,1,24,531
2026-06-06T12:28:24.019466,7,0.0,0.0,0.0,,1,24,531
2026-06-06T12:28:24.019466,0,0.0,0.0,0.0,,1,24,530
2026-06-06T12:28:24.019466,4,0.0,0.0,0.0,,1,24,530
2026-06-06T12:28:24.019466,1,0.0,0.0,0.0,,1,24,530
2026-06-06T12:28:24.019466,5,0.0,0.0,0.0,,1,24,530
2026-06-06T12:28:24.070464,2,0.001,0.0,0.0,,1,24,531
2026-06-06T12:28:24.070464,6,0.001,0.0,0.0,,1,24,531
2026-06-06T12:28:24.070464,3,0.0,0.0,0.0,,1,24,532
2026-06-06T12:28:24.070464,7,0.0,0.0,0.0,,1,24,532
2026-06-06T12:28:24.070464,0,0.0,0.0,0.0,,1,24,531
2026-06-06T12:28:24.070464,4,0.0,0.0,0.0,,1,24,531
2026-06-06T12:28:24.070464,1,0.0,0.0,0.0,,1,24,531
2026-06-06T12:28:24.070464,5,0.0,0.0,0.0,,1,24,531
2026-06-06T12:28:24.070464,2,0.001,0.0,0.0,,1,24,532
2026-06-06T12:28:24.070464,6,0.001,0.0,0.0,,1,24,532
2026-06-06T12:28:24.070464,3,0.0,0.0,0.0,,1,24,533
2026-06-06T12:28:24.070464,7,0.0,0.0,0.0,,1,24,533
2026-06-06T12:28:24.120977,0,0.0,0.0,0.0,,1,24,532
2026-06-06T12:28:24.120977,4,0.0,0.0,0.0,,1,24,532
2026-06-06T12:28:24.120977,1,0.0,0.0,0.0,,1,24,532
2026-06-06T12:28:24.120977,5,0.0,0.0,0.0,,1,24,532
2026-06-06T12:28:24.120977,2,0.001,0.0,0.0,,1,24,533
2026-06-06T12:28:24.120977,6,0.0,0.0,0.0,,1,24,533
2026-06-06T12:28:24.171681,3,0.0,0.0,0.0,,1,24,534
2026-06-06T12:28:24.171681,7,0.0,0.0,0.0,,1,24,534
2026-06-06T12:28:24.171681,0,0.0,0.0,0.0,,1,24,533
2026-06-06T12:28:24.171681,4,0.0,0.0,0.0,,1,24,533
2026-06-06T12:28:24.171681,1,0.0,0.0,0.0,,1,24,533
2026-06-06T12:28:24.171681,5,0.0,0.0,0.0,,1,24,533
2026-06-06T12:28:24.171681,2,0.002,0.0,0.0,,1,24,534
2026-06-06T12:28:24.171681,6,0.0,0.0,0.0,,1,24,534
2026-06-06T12:28:24.171681,3,0.0,0.0,0.0,,1,24,535
2026-06-06T12:28:24.171681,7,0.0,0.0,0.0,,1,24,535
2026-06-06T12:28:24.171681,0,0.0,0.0,0.0,,1,24,534
2026-06-06T12:28:24.171681,4,0.0,0.0,0.0,,1,24,534
2026-06-06T12:28:24.223194,1,0.0,0.0,0.0,,1,24,534
2026-06-06T12:28:24.223194,5,0.0,0.0,0.0,,1,24,534
2026-06-06T12:28:24.223194,2,0.002,0.0,0.0,,1,24,535
2026-06-06T12:28:24.223194,6,0.0,0.0,0.0,,1,24,535
2026-06-06T12:28:24.223194,3,0.0,0.0,0.0,,1,24,536
2026-06-06T12:28:24.223194,7,0.0,0.0,0.0,,1,24,536
2026-06-06T12:28:24.223194,0,0.0,0.0,0.0,,1,24,535
2026-06-06T12:28:24.223194,4,0.0,0.0,0.0,,1,24,535
2026-06-06T12:28:24.223194,1,0.0,0.0,0.0,,1,24,535
2026-06-06T12:28:24.223194,5,0.0,0.0,0.0,,1,24,535
2026-06-06T12:28:24.223194,2,0.002,0.0,0.0,,1,24,536
2026-06-06T12:28:24.223194,6,0.0,0.0,0.0,,1,24,536
2026-06-06T12:28:24.274194,3,0.0,0.0,0.0,,1,24,537
2026-06-06T12:28:24.274194,7,0.0,0.0,0.0,,1,24,537
2026-06-06T12:28:24.274194,0,0.0,0.0,0.0,,1,24,536
2026-06-06T12:28:24.274194,4,0.0,0.0,0.0,,1,24,536
2026-06-06T12:28:24.274194,1,0.0,0.0,0.0,,1,24,536
2026-06-06T12:28:24.274194,5,0.0,0.0,0.0,,1,24,536
2026-06-06T12:28:24.291197,2,0.002,0.0,0.0,,1,24,537
2026-06-06T12:28:24.291197,6,0.0,0.0,0.0,,1,24,537
2026-06-06T12:28:24.291197,3,0.0,0.0,0.0,,1,24,538
2026-06-06T12:28:24.291197,7,0.0,0.0,0.0,,1,24,538
2026-06-06T12:28:24.291197,0,0.0,0.0,0.0,,1,24,537
2026-06-06T12:28:24.291197,4,-0.001,0.0,0.0,,1,24,537
2026-06-06T12:28:24.341704,1,0.0,0.0,0.0,,1,24,537
2026-06-06T12:28:24.341704,5,0.0,0.0,0.0,,1,24,537
2026-06-06T12:28:24.341704,2,0.002,0.0,0.0,,1,24,538
2026-06-06T12:28:24.341704,6,0.0,0.0,0.0,,1,24,538
2026-06-06T12:28:24.341704,3,0.0,0.0,0.0,,1,24,539
2026-06-06T12:28:24.341704,7,0.0,0.0,0.0,,1,24,539
2026-06-06T12:28:24.341704,0,0.0,0.0,0.0,,1,24,538
2026-06-06T12:28:24.341704,4,0.0,0.0,0.0,,1,24,538
2026-06-06T12:28:24.341704,1,0.0,0.0,0.0,,1,24,538
2026-06-06T12:28:24.341704,5,0.0,0.0,0.0,,1,24,538
2026-06-06T12:28:24.341704,2,0.002,0.0,0.0,,1,24,539
2026-06-06T12:28:24.341704,6,0.0,0.0,0.0,,1,24,539
2026-06-06T12:28:24.392710,3,0.0,0.0,0.0,,1,24,540
2026-06-06T12:28:24.392710,7,0.0,0.0,0.0,,1,24,540
2026-06-06T12:28:24.392710,0,0.0,0.0,0.0,,1,24,539
2026-06-06T12:28:24.392710,4,0.0,0.0,0.0,,1,24,539
2026-06-06T12:28:24.392710,1,0.0,0.0,0.0,,1,24,539
2026-06-06T12:28:24.392710,5,0.0,0.0,0.0,,1,24,539
2026-06-06T12:28:24.410215,2,0.003,0.0,0.0,,1,24,540
2026-06-06T12:28:24.410215,6,0.0,0.0,0.0,,1,24,540
2026-06-06T12:28:24.410215,3,0.0,0.0,0.0,,1,24,541
2026-06-06T12:28:24.410215,7,0.0,0.0,0.0,,1,24,541
2026-06-06T12:28:24.410215,0,0.0,0.0,0.0,,1,24,540
2026-06-06T12:28:24.410215,4,0.0,0.0,0.0,,1,24,540
2026-06-06T12:28:24.461220,1,0.0,0.0,0.0,,1,24,540
2026-06-06T12:28:24.461220,5,0.0,0.0,0.0,,1,24,540
2026-06-06T12:28:24.461220,2,0.003,0.0,0.0,,1,24,541
2026-06-06T12:28:24.461220,6,0.0,0.0,0.0,,1,24,541
2026-06-06T12:28:24.461220,3,0.0,0.0,0.0,,1,24,542
2026-06-06T12:28:24.461220,7,0.0,0.0,0.0,,1,24,542
2026-06-06T12:28:24.511863,0,0.0,0.0,0.0,,1,24,541
2026-06-06T12:28:24.511863,4,0.0,0.0,0.0,,1,24,541
2026-06-06T12:28:24.511863,1,0.0,0.0,0.0,,1,24,541
2026-06-06T12:28:24.511863,5,0.0,0.0,0.0,,1,24,541
2026-06-06T12:28:24.511863,2,0.003,0.0,0.0,,1,24,542
2026-06-06T12:28:24.511863,6,0.0,0.0,0.0,,1,24,542
2026-06-06T12:28:24.511863,3,0.0,0.0,0.0,,1,24,543
2026-06-06T12:28:24.511863,7,0.0,0.0,0.0,,1,24,543
2026-06-06T12:28:24.511863,0,0.0,0.0,0.0,,1,24,542
2026-06-06T12:28:24.511863,4,0.0,0.0,0.0,,1,24,542
2026-06-06T12:28:24.511863,1,0.0,0.0,0.0,,1,24,542
2026-06-06T12:28:24.511863,5,0.0,0.0,0.0,,1,24,542
2026-06-06T12:28:24.563408,2,0.003,0.0,0.0,,1,24,543
2026-06-06T12:28:24.563408,6,0.0,0.0,0.0,,1,24,543
2026-06-06T12:28:24.563408,3,0.0,0.0,0.0,,1,24,544
2026-06-06T12:28:24.563408,7,0.0,0.0,0.0,,1,24,544
2026-06-06T12:28:24.563408,0,0.0,0.0,0.0,,1,24,543
2026-06-06T12:28:24.563408,4,-0.001,0.0,0.0,,1,24,543
2026-06-06T12:28:24.563408,1,0.0,0.0,0.0,,1,24,543
2026-06-06T12:28:24.563408,5,0.0,0.0,0.0,,1,24,543
2026-06-06T12:28:24.563408,2,0.003,0.0,0.0,,1,24,544
2026-06-06T12:28:24.563408,6,0.0,0.0,0.0,,1,24,544
2026-06-06T12:28:24.563408,3,0.0,0.0,0.0,,1,24,545
2026-06-06T12:28:24.563408,7,0.0,0.0,0.0,,1,24,545
2026-06-06T12:28:24.614426,0,0.0,0.0,0.0,,1,24,544
2026-06-06T12:28:24.614426,4,-0.001,0.0,0.0,,1,24,544
2026-06-06T12:28:24.614426,1,0.0,0.0,0.0,,1,24,544
2026-06-06T12:28:24.614426,5,0.0,0.0,0.0,,1,24,544
2026-06-06T12:28:24.614426,2,0.003,0.0,0.0,,1,24,545
2026-06-06T12:28:24.614426,6,0.0,0.0,0.0,,1,24,545
2026-06-06T12:28:24.665426,3,0.0,0.0,0.0,,1,24,546
2026-06-06T12:28:24.665426,7,0.0,0.0,0.0,,1,24,546
2026-06-06T12:28:24.665426,0,0.0,0.0,0.0,,1,24,545
2026-06-06T12:28:24.665426,4,0.0,0.0,0.0,,1,24,545
2026-06-06T12:28:24.665426,1,0.0,0.0,0.0,,1,24,545
2026-06-06T12:28:24.665426,5,0.0,0.0,0.0,,1,24,545
2026-06-06T12:28:24.665426,2,0.003,0.0,0.0,,1,24,546
2026-06-06T12:28:24.665426,6,0.0,0.0,0.0,,1,24,546
2026-06-06T12:28:24.665426,3,0.0,0.0,0.0,,1,24,547
2026-06-06T12:28:24.665426,7,0.0,0.0,0.0,,1,24,547
2026-06-06T12:28:24.665426,0,0.0,0.0,0.0,,1,24,546
2026-06-06T12:28:24.665426,4,0.0,0.0,0.0,,1,24,546
2026-06-06T12:28:24.715934,1,0.0,0.0,0.0,,1,24,546
2026-06-06T12:28:24.715934,5,0.0,0.0,0.0,,1,24,546
2026-06-06T12:28:24.715934,2,0.003,0.0,0.0,,1,24,547
2026-06-06T12:28:24.715934,6,0.0,0.0,0.0,,1,24,547
2026-06-06T12:28:24.715934,3,0.0,0.0,0.0,,1,24,548
2026-06-06T12:28:24.715934,7,0.0,0.0,0.0,,1,24,548
2026-06-06T12:28:24.715934,0,0.0,0.0,0.0,,1,24,547
2026-06-06T12:28:24.715934,4,0.0,0.0,0.0,,1,24,547
2026-06-06T12:28:24.715934,1,0.0,0.0,0.0,,1,24,547
2026-06-06T12:28:24.715934,5,0.0,0.0,0.0,,1,24,547
2026-06-06T12:28:24.715934,2,0.003,0.0,0.0,,1,24,548
2026-06-06T12:28:24.715934,6,0.0,0.0,0.0,,1,24,548
2026-06-06T12:28:24.768935,3,0.0,0.0,0.0,,1,24,549
2026-06-06T12:28:24.768935,7,0.0,0.0,0.0,,1,24,549
2026-06-06T12:28:24.768935,0,0.0,0.0,0.0,,1,24,548
2026-06-06T12:28:24.768935,4,0.0,0.0,0.0,,1,24,548
2026-06-06T12:28:24.768935,1,0.0,0.0,0.0,,1,24,548
2026-06-06T12:28:24.768935,5,0.0,0.0,0.0,,1,24,548
2026-06-06T12:28:24.783934,2,0.003,0.0,0.0,,1,24,549
2026-06-06T12:28:24.783934,6,0.0,0.0,0.0,,1,24,549
2026-06-06T12:28:24.783934,3,0.0,0.0,0.0,,1,24,550
2026-06-06T12:28:24.783934,7,0.0,0.0,0.0,,1,24,550
2026-06-06T12:28:24.783934,0,0.0,0.0,0.0,,1,24,549
2026-06-06T12:28:24.783934,4,-0.001,0.0,0.0,,1,24,549
2026-06-06T12:28:24.834958,1,0.0,0.0,0.0,,1,24,549
2026-06-06T12:28:24.834958,5,0.0,0.0,0.0,,1,24,549
2026-06-06T12:28:24.834958,2,0.003,0.0,0.0,,1,24,550
2026-06-06T12:28:24.834958,6,0.001,0.0,0.0,,1,24,550
2026-06-06T12:28:24.834958,3,0.0,0.0,0.0,,1,24,551
2026-06-06T12:28:24.834958,7,0.0,0.0,0.0,,1,24,551
2026-06-06T12:28:24.834958,0,0.0,0.0,0.0,,1,24,550
2026-06-06T12:28:24.834958,4,-0.001,0.0,0.0,,1,24,550
2026-06-06T12:28:24.834958,1,0.0,0.0,0.0,,1,24,550
2026-06-06T12:28:24.834958,5,0.0,0.0,0.0,,1,24,550
2026-06-06T12:28:24.834958,2,0.002,0.0,0.0,,1,24,551
2026-06-06T12:28:24.834958,6,0.001,0.0,0.0,,1,24,551
2026-06-06T12:28:24.885958,3,0.0,0.0,0.0,,1,24,552
2026-06-06T12:28:24.885958,7,0.0,0.0,0.0,,1,24,552
2026-06-06T12:28:24.885958,0,0.0,0.0,0.0,,1,24,551
2026-06-06T12:28:24.885958,4,0.0,0.0,0.0,,1,24,551
2026-06-06T12:28:24.885958,1,0.0,0.0,0.0,,1,24,551
2026-06-06T12:28:24.885958,5,0.0,0.0,0.0,,1,24,551
2026-06-06T12:28:24.903062,2,0.003,0.0,0.0,,1,24,552
2026-06-06T12:28:24.903062,6,0.0,0.0,0.0,,1,24,552
2026-06-06T12:28:24.903062,3,0.0,0.0,0.0,,1,24,553
2026-06-06T12:28:24.903062,7,0.0,0.0,0.0,,1,24,553
2026-06-06T12:28:24.903062,0,0.0,0.0,0.0,,1,24,552
2026-06-06T12:28:24.903062,4,0.0,0.0,0.0,,1,24,552
2026-06-06T12:28:24.954065,1,0.0,0.0,0.0,,1,24,552
2026-06-06T12:28:24.954065,5,0.0,0.0,0.0,,1,24,552
2026-06-06T12:28:24.954065,2,5.245,497.0,104.5,,1,24,553
2026-06-06T12:28:24.954065,6,0.0,0.0,0.0,,1,24,553
2026-06-06T12:28:24.954065,3,0.0,0.0,0.0,,1,24,554
2026-06-06T12:28:24.954065,7,0.0,0.0,0.0,,1,24,554
2026-06-06T12:28:24.994068,0,0.0,0.0,0.0,,1,24,553
2026-06-06T12:28:24.994068,4,0.0,0.0,0.0,,1,24,553
2026-06-06T12:28:24.994068,1,0.0,0.0,0.0,,1,24,553
2026-06-06T12:28:24.994068,5,0.0,0.0,0.0,,1,24,553
2026-06-06T12:28:24.994068,2,24.775,2348.0,493.25,,1,24,554
2026-06-06T12:28:24.994068,6,0.0,0.0,0.0,,1,24,554
2026-06-06T12:28:25.038575,3,0.002,0.0,0.0,,1,24,555
2026-06-06T12:28:25.038575,7,0.0,0.0,0.0,,1,24,555
2026-06-06T12:28:25.038575,0,0.0,0.0,0.0,,1,24,554
2026-06-06T12:28:25.038575,4,0.0,0.0,0.0,,1,24,554
2026-06-06T12:28:25.038575,1,0.0,0.0,0.0,,1,24,554
2026-06-06T12:28:25.038575,5,0.0,0.0,0.0,,1,24,554
2026-06-06T12:28:25.038575,2,44.305,4200.0,882.0,,1,24,555
2026-06-06T12:28:25.038575,6,0.0,0.0,0.0,,1,24,555
2026-06-06T12:28:25.038575,3,0.005,0.0,0.0,,1,24,556
2026-06-06T12:28:25.038575,7,0.0,0.0,0.0,,1,24,556
2026-06-06T12:28:25.038575,0,0.0,0.0,0.0,,1,24,555
2026-06-06T12:28:25.038575,4,0.0,0.0,0.0,,1,24,555
2026-06-06T12:28:25.089578,1,0.001,0.0,0.0,,1,24,555
2026-06-06T12:28:25.089578,5,0.0,0.0,0.0,,1,24,555
2026-06-06T12:28:25.089578,2,56.725,5377.0,1129.0,,1,24,556
2026-06-06T12:28:25.089578,6,0.001,0.0,0.0,,1,24,556
2026-06-06T12:28:25.089578,3,0.005,0.0,0.0,,1,24,557
2026-06-06T12:28:25.089578,7,0.0,0.0,0.0,,1,24,557
2026-06-06T12:28:25.089578,0,0.0,0.0,0.0,,1,24,556
2026-06-06T12:28:25.089578,4,-0.001,0.0,0.0,,1,24,556
2026-06-06T12:28:25.089578,1,0.001,0.0,0.0,,1,24,556
2026-06-06T12:28:25.089578,5,0.0,0.0,0.0,,1,24,556
2026-06-06T12:28:25.089578,2,56.768,5381.0,1130.0,,1,24,557
2026-06-06T12:28:25.089578,6,0.001,0.0,0.0,,1,24,557
2026-06-06T12:28:25.141588,3,0.005,0.0,0.0,,1,24,558
2026-06-06T12:28:25.141588,7,0.0,0.0,0.0,,1,24,558
2026-06-06T12:28:25.141588,0,0.0,0.0,0.0,,1,24,557
2026-06-06T12:28:25.141588,4,0.0,0.0,0.0,,1,24,557
2026-06-06T12:28:25.141588,1,0.001,0.0,0.0,,1,24,557
2026-06-06T12:28:25.141588,5,0.0,0.0,0.0,,1,24,557
2026-06-06T12:28:25.141588,2,56.772,5381.0,1130.0,,1,24,558
2026-06-06T12:28:25.141588,6,0.0,0.0,0.0,,1,24,558
2026-06-06T12:28:25.141588,3,0.005,0.0,0.0,,1,24,559
2026-06-06T12:28:25.141588,7,0.0,0.0,0.0,,1,24,559
2026-06-06T12:28:25.141588,0,0.0,0.0,0.0,,1,24,558
2026-06-06T12:28:25.141588,4,0.0,0.0,0.0,,1,24,558
2026-06-06T12:28:25.192035,1,0.001,0.0,0.0,,1,24,558
2026-06-06T12:28:25.192035,5,0.0,0.0,0.0,,1,24,558
2026-06-06T12:28:25.192035,2,56.774,5381.0,1130.0,,1,24,559
2026-06-06T12:28:25.192035,6,0.0,0.0,0.0,,1,24,559
2026-06-06T12:28:25.192035,3,0.005,0.0,0.0,,1,24,560
2026-06-06T12:28:25.192035,7,0.0,0.0,0.0,,1,24,560
2026-06-06T12:28:25.242544,0,-0.001,0.0,0.0,,1,24,559
2026-06-06T12:28:25.242544,4,0.0,0.0,0.0,,1,24,559
2026-06-06T12:28:25.242544,1,0.001,0.0,0.0,,1,24,559
2026-06-06T12:28:25.242544,5,0.0,0.0,0.0,,1,24,559
2026-06-06T12:28:25.242544,2,56.776,5382.0,1130.25,,1,24,560
2026-06-06T12:28:25.242544,6,0.0,0.0,0.0,,1,24,560
2026-06-06T12:28:25.242544,3,0.005,0.0,0.0,,1,24,561
2026-06-06T12:28:25.242544,7,0.0,0.0,0.0,,1,24,561
2026-06-06T12:28:25.242544,0,-0.001,0.0,0.0,,1,24,560
2026-06-06T12:28:25.242544,4,0.0,0.0,0.0,,1,24,560
2026-06-06T12:28:25.242544,1,0.001,0.0,0.0,,1,24,560
2026-06-06T12:28:25.242544,5,0.0,0.0,0.0,,1,24,560
2026-06-06T12:28:25.293548,2,56.777,5382.0,1130.25,,1,24,561
2026-06-06T12:28:25.293548,6,0.0,0.0,0.0,,1,24,561
2026-06-06T12:28:25.293548,3,0.005,0.0,0.0,,1,24,562
2026-06-06T12:28:25.293548,7,0.0,0.0,0.0,,1,24,562
2026-06-06T12:28:25.293548,0,-0.001,0.0,0.0,,1,24,561
2026-06-06T12:28:25.293548,4,0.0,0.0,0.0,,1,24,561
2026-06-06T12:28:25.293548,1,0.001,0.0,0.0,,1,24,561
2026-06-06T12:28:25.293548,5,0.0,0.0,0.0,,1,24,561
2026-06-06T12:28:25.293548,2,56.777,5382.0,1130.25,,1,24,562
2026-06-06T12:28:25.293548,6,0.0,0.0,0.0,,1,24,562
2026-06-06T12:28:25.293548,3,0.005,0.0,0.0,,1,24,563
2026-06-06T12:28:25.293548,7,0.0,0.0,0.0,,1,24,563
2026-06-06T12:28:25.345055,0,-0.001,0.0,0.0,,1,24,562
2026-06-06T12:28:25.345055,4,0.0,0.0,0.0,,1,24,562
2026-06-06T12:28:25.345055,1,0.001,0.0,0.0,,1,24,562
2026-06-06T12:28:25.345055,5,0.0,0.0,0.0,,1,24,562
2026-06-06T12:28:25.345055,2,56.778,5382.0,1130.25,,1,24,563
2026-06-06T12:28:25.345055,6,0.001,0.0,0.0,,1,24,563
2026-06-06T12:28:25.396059,3,0.005,0.0,0.0,,1,24,564
2026-06-06T12:28:25.396059,7,0.0,0.0,0.0,,1,24,564
2026-06-06T12:28:25.396059,0,-0.001,0.0,0.0,,1,24,563
2026-06-06T12:28:25.396059,4,0.0,0.0,0.0,,1,24,563
2026-06-06T12:28:25.396059,1,0.001,0.0,0.0,,1,24,563
2026-06-06T12:28:25.396059,5,0.0,0.0,0.0,,1,24,563
2026-06-06T12:28:25.396059,2,56.778,5382.0,1130.25,,1,24,564
2026-06-06T12:28:25.396059,6,0.0,0.0,0.0,,1,24,564
2026-06-06T12:28:25.396059,3,0.005,0.0,0.0,,1,24,565
2026-06-06T12:28:25.396059,7,0.0,0.0,0.0,,1,24,565
2026-06-06T12:28:25.396059,0,0.0,0.0,0.0,,1,24,564
2026-06-06T12:28:25.396059,4,0.0,0.0,0.0,,1,24,564
2026-06-06T12:28:25.446566,1,0.001,0.0,0.0,,1,24,564
2026-06-06T12:28:25.446566,5,0.0,0.0,0.0,,1,24,564
2026-06-06T12:28:25.446566,2,56.779,5382.0,1130.25,,1,24,565
2026-06-06T12:28:25.446566,6,0.0,0.0,0.0,,1,24,565
2026-06-06T12:28:25.446566,3,0.005,0.0,0.0,,1,24,566
2026-06-06T12:28:25.446566,7,0.0,0.0,0.0,,1,24,566
2026-06-06T12:28:25.446566,0,-0.001,0.0,0.0,,1,24,565
2026-06-06T12:28:25.446566,4,0.0,0.0,0.0,,1,24,565
2026-06-06T12:28:25.446566,1,0.001,0.0,0.0,,1,24,565
2026-06-06T12:28:25.446566,5,0.0,0.0,0.0,,1,24,565
2026-06-06T12:28:25.446566,2,56.779,5382.0,1130.25,,1,24,566
2026-06-06T12:28:25.446566,6,0.0,0.0,0.0,,1,24,566
2026-06-06T12:28:25.498459,3,0.005,0.0,0.0,,1,24,567
2026-06-06T12:28:25.498459,7,0.0,0.0,0.0,,1,24,567
2026-06-06T12:28:25.498459,0,-0.001,0.0,0.0,,1,24,566
2026-06-06T12:28:25.498459,4,0.0,0.0,0.0,,1,24,566
2026-06-06T12:28:25.498459,1,0.001,0.0,0.0,,1,24,566
2026-06-06T12:28:25.498459,5,0.0,0.0,0.0,,1,24,566
2026-06-06T12:28:25.514965,2,56.779,5382.0,1130.25,,1,24,567
2026-06-06T12:28:25.514965,6,0.0,0.0,0.0,,1,24,567
2026-06-06T12:28:25.514965,3,0.005,0.0,0.0,,1,24,568
2026-06-06T12:28:25.514965,7,0.0,0.0,0.0,,1,24,568
2026-06-06T12:28:25.514965,0,0.0,0.0,0.0,,1,24,567
2026-06-06T12:28:25.514965,4,0.0,0.0,0.0,,1,24,567
2026-06-06T12:28:25.565503,1,0.001,0.0,0.0,,1,24,567
2026-06-06T12:28:25.565503,5,0.0,0.0,0.0,,1,24,567
2026-06-06T12:28:25.565503,2,56.779,5382.0,1130.25,,1,24,568
2026-06-06T12:28:25.565503,6,0.0,0.0,0.0,,1,24,568
2026-06-06T12:28:25.565503,3,0.005,0.0,0.0,,1,24,569
2026-06-06T12:28:25.565503,7,0.0,0.0,0.0,,1,24,569
2026-06-06T12:28:25.617010,0,0.0,0.0,0.0,,1,24,568
2026-06-06T12:28:25.617010,4,0.0,0.0,0.0,,1,24,568
2026-06-06T12:28:25.617010,1,0.001,0.0,0.0,,1,24,568
2026-06-06T12:28:25.617010,5,0.0,0.0,0.0,,1,24,568
2026-06-06T12:28:25.617010,2,51.547,4886.0,1026.0,,1,24,569
2026-06-06T12:28:25.617010,6,0.001,0.0,0.0,,1,24,569
2026-06-06T12:28:25.617010,3,0.004,0.0,0.0,,1,24,570
2026-06-06T12:28:25.617010,7,0.0,0.0,0.0,,1,24,570
2026-06-06T12:28:25.617010,0,0.0,0.0,0.0,,1,24,569
2026-06-06T12:28:25.617010,4,0.0,0.0,0.0,,1,24,569
2026-06-06T12:28:25.617010,1,0.001,0.0,0.0,,1,24,569
2026-06-06T12:28:25.617010,5,0.0,0.0,0.0,,1,24,569
2026-06-06T12:28:25.668010,2,51.547,4886.0,1026.0,,1,24,570
2026-06-06T12:28:25.668010,6,0.0,0.0,0.0,,1,24,570
2026-06-06T12:28:25.668010,3,0.005,0.0,0.0,,1,24,571
2026-06-06T12:28:25.668010,7,0.0,0.0,0.0,,1,24,571
2026-06-06T12:28:25.668010,0,0.0,0.0,0.0,,1,24,570
2026-06-06T12:28:25.668010,4,0.0,0.0,0.0,,1,24,570
2026-06-06T12:28:25.668010,1,0.001,0.0,0.0,,1,24,570
2026-06-06T12:28:25.668010,5,0.0,0.0,0.0,,1,24,570
2026-06-06T12:28:25.668010,2,51.547,4886.0,1026.0,,1,24,571
2026-06-06T12:28:25.668010,6,0.0,0.0,0.0,,1,24,571
2026-06-06T12:28:25.668010,3,0.005,1.0,0.0,,1,24,572
2026-06-06T12:28:25.668010,7,0.0,0.0,0.0,,1,24,572
2026-06-06T12:28:25.718532,0,0.0,0.0,0.0,,1,24,571
2026-06-06T12:28:25.718532,4,0.0,0.0,0.0,,1,24,571
2026-06-06T12:28:25.718532,1,0.001,0.0,0.0,,1,24,571
2026-06-06T12:28:25.718532,5,0.0,0.0,0.0,,1,24,571
2026-06-06T12:28:25.718532,2,58.658,5560.0,1167.5,,1,24,572
2026-06-06T12:28:25.718532,6,0.0,0.0,0.0,,1,24,572
2026-06-06T12:28:25.770075,3,0.009,1.0,0.25,,1,24,573
2026-06-06T12:28:25.770075,7,0.0,0.0,0.0,,1,24,573
2026-06-06T12:28:25.770075,0,0.0,0.0,0.0,,1,24,572
2026-06-06T12:28:25.770075,4,0.0,0.0,0.0,,1,24,572
2026-06-06T12:28:25.770075,1,0.001,0.0,0.0,,1,24,572
2026-06-06T12:28:25.770075,5,0.0,0.0,0.0,,1,24,572
2026-06-06T12:28:25.770075,2,78.144,7407.0,1555.5,,1,24,573
2026-06-06T12:28:25.770075,6,0.0,0.0,0.0,,1,24,573
2026-06-06T12:28:25.770075,3,0.012,1.0,0.25,,1,24,574
2026-06-06T12:28:25.770075,7,0.0,0.0,0.0,,1,24,574
2026-06-06T12:28:25.770075,0,-0.001,0.0,0.0,,1,24,573
2026-06-06T12:28:25.770075,4,0.0,0.0,0.0,,1,24,573
2026-06-06T12:28:25.820585,1,0.001,0.0,0.0,,1,24,573
2026-06-06T12:28:25.820585,5,0.0,0.0,0.0,,1,24,573
2026-06-06T12:28:25.820585,2,97.67,9258.0,1944.25,,1,24,574
2026-06-06T12:28:25.820585,6,0.0,0.0,0.0,,1,24,574
2026-06-06T12:28:25.820585,3,0.015,1.0,0.25,,1,24,575
2026-06-06T12:28:25.820585,7,0.0,0.0,0.0,,1,24,575
2026-06-06T12:28:25.820585,0,-0.001,0.0,0.0,,1,24,574
2026-06-06T12:28:25.820585,4,0.0,0.0,0.0,,1,24,574
2026-06-06T12:28:25.820585,1,0.001,0.0,0.0,,1,24,574
2026-06-06T12:28:25.820585,5,0.0,0.0,0.0,,1,24,574
2026-06-06T12:28:25.820585,2,117.198,11109.0,2332.75,,1,24,575
2026-06-06T12:28:25.820585,6,0.0,0.0,0.0,,1,24,575
2026-06-06T12:28:25.914612,3,0.018,2.0,0.25,,1,24,576
2026-06-06T12:28:25.914612,7,0.0,0.0,0.0,,1,24,576
2026-06-06T12:28:25.914612,0,-0.001,0.0,0.0,,1,24,575
2026-06-06T12:28:25.914612,4,0.0,0.0,0.0,,1,24,575
2026-06-06T12:28:25.914612,1,0.001,0.0,0.0,,1,24,575
2026-06-06T12:28:25.914612,5,0.0,0.0,0.0,,1,24,575
2026-06-06T12:28:25.922610,2,134.181,12719.0,2671.0,,1,24,576
2026-06-06T12:28:25.922610,6,0.001,0.0,0.0,,1,24,576
2026-06-06T12:28:25.922610,3,0.018,2.0,0.25,,1,24,577
2026-06-06T12:28:25.922610,7,0.0,0.0,0.0,,1,24,577
2026-06-06T12:28:25.922610,0,-0.001,0.0,0.0,,1,24,576
2026-06-06T12:28:25.922610,4,0.0,0.0,0.0,,1,24,576
2026-06-06T12:28:25.922610,1,0.001,0.0,0.0,,1,24,576
2026-06-06T12:28:25.922610,5,0.0,0.0,0.0,,1,24,576
2026-06-06T12:28:25.922610,2,134.559,12754.0,2678.5,,1,24,577
2026-06-06T12:28:25.922610,6,0.0,0.0,0.0,,1,24,577
2026-06-06T12:28:25.922610,3,0.018,2.0,0.25,,1,24,578
2026-06-06T12:28:25.922610,7,-0.001,0.0,0.0,,1,24,578
2026-06-06T12:28:25.990609,0,-0.001,0.0,0.0,,1,24,577
2026-06-06T12:28:25.990609,4,0.0,0.0,0.0,,1,24,577
2026-06-06T12:28:25.990609,1,0.001,0.0,0.0,,1,24,577
2026-06-06T12:28:25.990609,5,0.0,0.0,0.0,,1,24,577
2026-06-06T12:28:25.990609,2,135.042,12800.0,2688.0,,1,24,578
2026-06-06T12:28:25.990609,6,0.0,0.0,0.0,,1,24,578
2026-06-06T12:28:25.990609,3,0.018,2.0,0.25,,1,24,579
2026-06-06T12:28:25.990609,7,-0.001,0.0,0.0,,1,24,579
2026-06-06T12:28:25.990609,0,-0.001,0.0,0.0,,1,24,578
2026-06-06T12:28:25.990609,4,0.0,0.0,0.0,,1,24,578
2026-06-06T12:28:25.990609,1,0.001,0.0,0.0,,1,24,578
2026-06-06T12:28:25.990609,5,0.0,0.0,0.0,,1,24,578
2026-06-06T12:28:26.059125,2,135.507,12844.0,2697.25,,1,24,579
2026-06-06T12:28:26.059125,6,0.0,0.0,0.0,,1,24,579
2026-06-06T12:28:26.059125,3,0.018,2.0,0.25,,1,24,580
2026-06-06T12:28:26.059125,7,-0.001,0.0,0.0,,1,24,580
2026-06-06T12:28:26.059125,0,-0.001,0.0,0.0,,1,24,579
2026-06-06T12:28:26.059125,4,0.0,0.0,0.0,,1,24,579
2026-06-06T12:28:26.059125,1,0.001,0.0,0.0,,1,24,579
2026-06-06T12:28:26.059125,5,0.0,0.0,0.0,,1,24,579
2026-06-06T12:28:26.059125,2,135.648,12858.0,2700.0,,1,24,580
2026-06-06T12:28:26.059125,6,0.0,0.0,0.0,,1,24,580
2026-06-06T12:28:26.059125,3,0.018,2.0,0.25,,1,24,581
2026-06-06T12:28:26.059125,7,0.0,0.0,0.0,,1,24,581
2026-06-06T12:28:26.126638,0,-0.001,0.0,0.0,,1,24,580
2026-06-06T12:28:26.126638,4,0.0,0.0,0.0,,1,24,580
2026-06-06T12:28:26.126638,1,0.001,0.0,0.0,,1,24,580
2026-06-06T12:28:26.126638,5,0.0,0.0,0.0,,1,24,580
2026-06-06T12:28:26.126638,2,135.687,12861.0,2701.0,,1,24,581
2026-06-06T12:28:26.126638,6,0.001,0.0,0.0,,1,24,581
2026-06-06T12:28:26.126638,3,0.018,2.0,0.25,,1,24,582
2026-06-06T12:28:26.126638,7,0.0,0.0,0.0,,1,24,582
2026-06-06T12:28:26.126638,0,-0.001,0.0,0.0,,1,24,581
2026-06-06T12:28:26.126638,4,0.0,0.0,0.0,,1,24,581
2026-06-06T12:28:26.126638,1,0.001,0.0,0.0,,1,24,581
2026-06-06T12:28:26.126638,5,0.0,0.0,0.0,,1,24,581
2026-06-06T12:28:26.126638,2,135.73,12865.0,2701.75,,1,24,582
2026-06-06T12:28:26.126638,6,0.001,0.0,0.0,,1,24,582
2026-06-06T12:28:26.126638,3,0.018,2.0,0.25,,1,24,583
2026-06-06T12:28:26.126638,7,-0.001,0.0,0.0,,1,24,583
2026-06-06T12:28:26.126638,0,-0.001,0.0,0.0,,1,24,582
2026-06-06T12:28:26.126638,4,0.0,0.0,0.0,,1,24,582
2026-06-06T12:28:26.194643,1,0.001,0.0,0.0,,1,24,582
2026-06-06T12:28:26.194643,5,0.0,0.0,0.0,,1,24,582
2026-06-06T12:28:26.194643,2,135.731,12866.0,2701.75,,1,24,583
2026-06-06T12:28:26.194643,6,0.001,0.0,0.0,,1,24,583
2026-06-06T12:28:26.194643,3,0.018,2.0,0.25,,1,24,584
2026-06-06T12:28:26.194643,7,-0.001,0.0,0.0,,1,24,584
2026-06-06T12:28:26.194643,0,-0.001,0.0,0.0,,1,24,583
2026-06-06T12:28:26.194643,4,0.0,0.0,0.0,,1,24,583
2026-06-06T12:28:26.194643,1,0.001,0.0,0.0,,1,24,583
2026-06-06T12:28:26.194643,5,0.0,0.0,0.0,,1,24,583
2026-06-06T12:28:26.194643,2,135.732,12866.0,2701.75,,1,24,584
2026-06-06T12:28:26.194643,6,0.0,0.0,0.0,,1,24,584
2026-06-06T12:28:26.263151,3,0.018,2.0,0.25,,1,24,585
2026-06-06T12:28:26.263151,7,-0.001,0.0,0.0,,1,24,585
2026-06-06T12:28:26.263151,0,-0.001,0.0,0.0,,1,24,584
2026-06-06T12:28:26.263151,4,0.0,0.0,0.0,,1,24,584
2026-06-06T12:28:26.263151,1,0.001,0.0,0.0,,1,24,584
2026-06-06T12:28:26.263151,5,0.0,0.0,0.0,,1,24,584
2026-06-06T12:28:26.263151,2,135.722,12865.0,2701.5,,1,24,585
2026-06-06T12:28:26.263151,6,0.0,0.0,0.0,,1,24,585
2026-06-06T12:28:26.263151,3,0.018,2.0,0.25,,1,24,586
2026-06-06T12:28:26.263151,7,-0.001,0.0,0.0,,1,24,586
2026-06-06T12:28:26.263151,0,-0.001,0.0,0.0,,1,24,585
2026-06-06T12:28:26.263151,4,0.0,0.0,0.0,,1,24,585
2026-06-06T12:28:26.330662,1,0.001,0.0,0.0,,1,24,585
2026-06-06T12:28:26.330662,5,0.0,0.0,0.0,,1,24,585
2026-06-06T12:28:26.330662,2,116.193,11014.0,2312.75,,1,24,586
2026-06-06T12:28:26.330662,6,0.0,0.0,0.0,,1,24,586
2026-06-06T12:28:26.330662,3,0.015,1.0,0.25,,1,24,587
2026-06-06T12:28:26.330662,7,0.0,0.0,0.0,,1,24,587
2026-06-06T12:28:26.330662,0,-0.001,0.0,0.0,,1,24,586
2026-06-06T12:28:26.330662,4,0.0,0.0,0.0,,1,24,586
2026-06-06T12:28:26.330662,1,0.001,0.0,0.0,,1,24,586
2026-06-06T12:28:26.330662,5,0.0,0.0,0.0,,1,24,586
2026-06-06T12:28:26.330662,2,96.663,9162.0,1924.0,,1,24,587
2026-06-06T12:28:26.330662,6,0.0,0.0,0.0,,1,24,587
2026-06-06T12:28:26.398665,3,0.012,1.0,0.25,,1,24,588
2026-06-06T12:28:26.398665,7,0.0,0.0,0.0,,1,24,588
2026-06-06T12:28:26.398665,0,-0.001,0.0,0.0,,1,24,587
2026-06-06T12:28:26.398665,4,0.0,0.0,0.0,,1,24,587
2026-06-06T12:28:26.398665,1,0.001,0.0,0.0,,1,24,587
2026-06-06T12:28:26.398665,5,0.0,0.0,0.0,,1,24,587
2026-06-06T12:28:26.398665,2,77.134,7311.0,1535.25,,1,24,588
2026-06-06T12:28:26.398665,6,0.001,0.0,0.0,,1,24,588
2026-06-06T12:28:26.398665,3,0.009,1.0,0.25,,1,24,589
2026-06-06T12:28:26.398665,7,-0.001,0.0,0.0,,1,24,589
2026-06-06T12:28:26.398665,0,-0.001,0.0,0.0,,1,24,588
2026-06-06T12:28:26.398665,4,0.0,0.0,0.0,,1,24,588
2026-06-06T12:28:26.398665,1,0.001,0.0,0.0,,1,24,588
2026-06-06T12:28:26.398665,5,0.0,0.0,0.0,,1,24,588
2026-06-06T12:28:26.398665,2,57.604,5460.0,1146.5,,1,24,589
2026-06-06T12:28:26.398665,6,0.001,0.0,0.0,,1,24,589
2026-06-06T12:28:26.398665,3,0.006,1.0,0.0,,1,24,590
2026-06-06T12:28:26.398665,7,-0.001,0.0,0.0,,1,24,590
2026-06-06T12:28:26.467174,0,-0.001,0.0,0.0,,1,24,589
2026-06-06T12:28:26.467174,4,0.0,0.0,0.0,,1,24,589
2026-06-06T12:28:26.467174,1,0.001,0.0,0.0,,1,24,589
2026-06-06T12:28:26.467174,5,0.0,0.0,0.0,,1,24,589
2026-06-06T12:28:26.467174,2,38.074,3609.0,757.75,,1,24,590
2026-06-06T12:28:26.467174,6,0.0,0.0,0.0,,1,24,590
2026-06-06T12:28:26.467174,3,0.003,0.0,0.0,,1,24,591
2026-06-06T12:28:26.467174,7,-0.001,0.0,0.0,,1,24,591
2026-06-06T12:28:26.467174,0,0.0,0.0,0.0,,1,24,590
2026-06-06T12:28:26.467174,4,0.0,0.0,0.0,,1,24,590
2026-06-06T12:28:26.467174,1,0.0,0.0,0.0,,1,24,590
2026-06-06T12:28:26.467174,5,0.0,0.0,0.0,,1,24,590
2026-06-06T12:28:26.535249,2,18.544,1758.0,369.25,,1,24,591
2026-06-06T12:28:26.535249,6,0.0,0.0,0.0,,1,24,591
2026-06-06T12:28:26.535249,3,0.0,0.0,0.0,,1,24,592
2026-06-06T12:28:26.535249,7,-0.001,0.0,0.0,,1,24,592
2026-06-06T12:28:26.535249,0,0.0,0.0,0.0,,1,24,591
2026-06-06T12:28:26.535249,4,0.0,0.0,0.0,,1,24,591
2026-06-06T12:28:26.535249,1,0.0,0.0,0.0,,1,24,591
2026-06-06T12:28:26.535249,5,0.0,0.0,0.0,,1,24,591
2026-06-06T12:28:26.535249,2,1.56,148.0,31.0,,1,24,592
2026-06-06T12:28:26.535249,6,0.0,0.0,0.0,,1,24,592
2026-06-06T12:28:26.535249,3,0.0,0.0,0.0,,1,24,593
2026-06-06T12:28:26.535249,7,0.0,0.0,0.0,,1,24,593
2026-06-06T12:28:26.603251,0,0.0,0.0,0.0,,1,24,592
2026-06-06T12:28:26.603251,4,0.0,0.0,0.0,,1,24,592
2026-06-06T12:28:26.603251,1,0.0,0.0,0.0,,1,24,592
2026-06-06T12:28:26.603251,5,0.0,0.0,0.0,,1,24,592
2026-06-06T12:28:26.603251,2,1.182,112.0,23.5,,1,24,593
2026-06-06T12:28:26.603251,6,0.0,0.0,0.0,,1,24,593
2026-06-06T12:28:26.603251,3,0.0,0.0,0.0,,1,24,594
2026-06-06T12:28:26.603251,7,0.0,0.0,0.0,,1,24,594
2026-06-06T12:28:26.603251,0,0.0,0.0,0.0,,1,24,593
2026-06-06T12:28:26.603251,4,0.0,0.0,0.0,,1,24,593
2026-06-06T12:28:26.603251,1,0.0,0.0,0.0,,1,24,593
2026-06-06T12:28:26.603251,5,0.0,0.0,0.0,,1,24,593
2026-06-06T12:28:26.670785,2,0.698,66.0,14.0,,1,24,594
2026-06-06T12:28:26.670785,6,0.0,0.0,0.0,,1,24,594
2026-06-06T12:28:26.670785,3,0.0,0.0,0.0,,1,24,595
2026-06-06T12:28:26.670785,7,0.0,0.0,0.0,,1,24,595
2026-06-06T12:28:26.670785,0,0.0,0.0,0.0,,1,24,594
2026-06-06T12:28:26.670785,4,0.0,0.0,0.0,,1,24,594
2026-06-06T12:28:26.670785,1,0.0,0.0,0.0,,1,24,594
2026-06-06T12:28:26.670785,5,0.0,0.0,0.0,,1,24,594
2026-06-06T12:28:26.670785,2,0.385,37.0,7.75,,1,24,595
2026-06-06T12:28:26.670785,6,0.0,0.0,0.0,,1,24,595
2026-06-06T12:28:26.670785,3,0.0,0.0,0.0,,1,24,596
2026-06-06T12:28:26.670785,7,0.0,0.0,0.0,,1,24,596
2026-06-06T12:28:26.739297,0,0.0,0.0,0.0,,1,24,595
2026-06-06T12:28:26.739297,4,0.0,0.0,0.0,,1,24,595
2026-06-06T12:28:26.739297,1,0.0,0.0,0.0,,1,24,595
2026-06-06T12:28:26.739297,5,0.0,0.0,0.0,,1,24,595
2026-06-06T12:28:26.739297,2,0.645,61.0,12.75,,1,24,596
2026-06-06T12:28:26.739297,6,0.0,0.0,0.0,,1,24,596
2026-06-06T12:28:26.739297,3,0.0,0.0,0.0,,1,24,597
2026-06-06T12:28:26.739297,7,-0.001,0.0,0.0,,1,24,597
2026-06-06T12:28:26.739297,0,0.0,0.0,0.0,,1,24,596
2026-06-06T12:28:26.739297,4,0.0,0.0,0.0,,1,24,596
2026-06-06T12:28:26.739297,1,0.0,0.0,0.0,,1,24,596
2026-06-06T12:28:26.739297,5,0.0,0.0,0.0,,1,24,596
2026-06-06T12:28:26.739297,2,1.173,111.0,23.25,,1,24,597
2026-06-06T12:28:26.739297,6,0.0,0.0,0.0,,1,24,597
2026-06-06T12:28:26.739297,3,0.0,0.0,0.0,,1,24,598
2026-06-06T12:28:26.739297,7,-0.001,0.0,0.0,,1,24,598
2026-06-06T12:28:26.739297,0,0.0,0.0,0.0,,1,24,597
2026-06-06T12:28:26.739297,4,0.0,0.0,0.0,,1,24,597
2026-06-06T12:28:26.807300,1,0.0,0.0,0.0,,1,24,597
2026-06-06T12:28:26.807300,5,0.0,0.0,0.0,,1,24,597
2026-06-06T12:28:26.807300,2,1.741,165.0,34.75,,1,24,598
2026-06-06T12:28:26.807300,6,0.0,0.0,0.0,,1,24,598
2026-06-06T12:28:26.807300,3,0.0,0.0,0.0,,1,24,599
2026-06-06T12:28:26.807300,7,0.0,0.0,0.0,,1,24,599
2026-06-06T12:28:26.807300,0,0.0,0.0,0.0,,1,24,598
2026-06-06T12:28:26.807300,4,0.0,0.0,0.0,,1,24,598
2026-06-06T12:28:26.807300,1,0.0,0.0,0.0,,1,24,598
2026-06-06T12:28:26.807300,5,0.0,0.0,0.0,,1,24,598
2026-06-06T12:28:26.807300,2,2.33,221.0,46.25,,1,24,599
2026-06-06T12:28:26.807300,6,0.0,0.0,0.0,,1,24,599
2026-06-06T12:28:26.875019,3,0.0,0.0,0.0,,1,24,600
2026-06-06T12:28:26.875019,7,0.0,0.0,0.0,,1,24,600
2026-06-06T12:28:26.875019,0,0.0,0.0,0.0,,1,24,599
2026-06-06T12:28:26.875019,4,0.0,0.0,0.0,,1,24,599
2026-06-06T12:28:26.875019,1,0.0,0.0,0.0,,1,24,599
2026-06-06T12:28:26.875019,5,0.0,0.0,0.0,,1,24,599
2026-06-06T12:28:26.875019,2,21.754,2062.0,433.0,,1,24,600
2026-06-06T12:28:26.875019,6,0.0,0.0,0.0,,1,24,600
2026-06-06T12:28:26.875019,3,0.003,0.0,0.0,,1,24,601
2026-06-06T12:28:26.875019,7,0.0,0.0,0.0,,1,24,601
2026-06-06T12:28:26.875019,0,0.0,0.0,0.0,,1,24,600
2026-06-06T12:28:26.875019,4,0.0,0.0,0.0,,1,24,600
2026-06-06T12:28:26.925530,1,0.0,0.0,0.0,,1,24,600
2026-06-06T12:28:26.925530,5,0.0,0.0,0.0,,1,24,600
2026-06-06T12:28:26.925530,2,41.283,3913.0,821.75,,1,24,601
2026-06-06T12:28:26.925530,6,0.0,0.0,0.0,,1,24,601
2026-06-06T12:28:26.925530,3,0.006,1.0,0.0,,1,24,602
2026-06-06T12:28:26.925530,7,0.0,0.0,0.0,,1,24,602
2026-06-06T12:28:26.993528,0,-0.001,0.0,0.0,,1,24,601
2026-06-06T12:28:26.993528,4,0.0,0.0,0.0,,1,24,601
2026-06-06T12:28:26.993528,1,0.0,0.0,0.0,,1,24,601
2026-06-06T12:28:26.993528,5,0.0,0.0,0.0,,1,24,601
2026-06-06T12:28:26.993528,2,60.813,5764.0,1210.5,,1,24,602
2026-06-06T12:28:26.993528,6,0.0,0.0,0.0,,1,24,602
2026-06-06T12:28:26.993528,3,0.009,1.0,0.25,,1,24,603
2026-06-06T12:28:26.993528,7,-0.001,0.0,0.0,,1,24,603
2026-06-06T12:28:26.993528,0,-0.001,0.0,0.0,,1,24,602
2026-06-06T12:28:26.993528,4,0.0,0.0,0.0,,1,24,602
2026-06-06T12:28:26.993528,1,0.0,0.0,0.0,,1,24,602
2026-06-06T12:28:26.993528,5,0.0,0.0,0.0,,1,24,602
2026-06-06T12:28:26.993528,2,80.342,7615.0,1599.25,,1,24,603
2026-06-06T12:28:26.993528,6,0.0,0.0,0.0,,1,24,603
2026-06-06T12:28:26.993528,3,0.01,1.0,0.25,,1,24,604
2026-06-06T12:28:26.993528,7,-0.001,0.0,0.0,,1,24,604
2026-06-06T12:28:26.993528,0,-0.001,0.0,0.0,,1,24,603
2026-06-06T12:28:26.993528,4,0.0,0.0,0.0,,1,24,603
2026-06-06T12:28:27.062051,1,0.001,0.0,0.0,,1,24,603
2026-06-06T12:28:27.062051,5,0.0,0.0,0.0,,1,24,603
2026-06-06T12:28:27.062051,2,99.872,9467.0,1988.0,,1,24,604
2026-06-06T12:28:27.062051,6,0.0,0.0,0.0,,1,24,604
2026-06-06T12:28:27.062051,3,0.012,1.0,0.25,,1,24,605
2026-06-06T12:28:27.062051,7,0.0,0.0,0.0,,1,24,605
2026-06-06T12:28:27.062051,0,-0.001,0.0,0.0,,1,24,604
2026-06-06T12:28:27.062051,4,0.0,0.0,0.0,,1,24,604
2026-06-06T12:28:27.062051,1,0.001,0.0,0.0,,1,24,604
2026-06-06T12:28:27.062051,5,0.0,0.0,0.0,,1,24,604
2026-06-06T12:28:27.062051,2,119.402,11318.0,2376.75,,1,24,605
2026-06-06T12:28:27.062051,6,0.0,0.0,0.0,,1,24,605
2026-06-06T12:28:27.129563,3,0.015,1.0,0.25,,1,24,606
2026-06-06T12:28:27.129563,7,0.0,0.0,0.0,,1,24,606
2026-06-06T12:28:27.129563,0,-0.001,0.0,0.0,,1,24,605
2026-06-06T12:28:27.129563,4,0.0,0.0,0.0,,1,24,605
2026-06-06T12:28:27.129563,1,0.001,0.0,0.0,,1,24,605
2026-06-06T12:28:27.129563,5,0.0,0.0,0.0,,1,24,605
2026-06-06T12:28:27.129563,2,138.932,13169.0,2765.5,,1,24,606
2026-06-06T12:28:27.129563,6,0.0,0.0,0.0,,1,24,606
2026-06-06T12:28:27.129563,3,0.017,2.0,0.25,,1,24,607
2026-06-06T12:28:27.129563,7,0.0,0.0,0.0,,1,24,607
2026-06-06T12:28:27.129563,0,-0.002,0.0,0.0,,1,24,606
2026-06-06T12:28:27.129563,4,0.0,0.0,0.0,,1,24,606
2026-06-06T12:28:27.197563,1,0.001,0.0,0.0,,1,24,606
2026-06-06T12:28:27.197563,5,0.0,0.0,0.0,,1,24,606
2026-06-06T12:28:27.197563,2,158.461,15020.0,3154.25,,1,24,607
2026-06-06T12:28:27.197563,6,0.0,0.0,0.0,,1,24,607
2026-06-06T12:28:27.197563,3,0.02,2.0,0.5,,1,24,608
2026-06-06T12:28:27.197563,7,0.0,0.0,0.0,,1,24,608
2026-06-06T12:28:27.197563,0,-0.002,0.0,0.0,,1,24,607
2026-06-06T12:28:27.197563,4,0.0,0.0,0.0,,1,24,607
2026-06-06T12:28:27.197563,1,0.001,0.0,0.0,,1,24,607
2026-06-06T12:28:27.197563,5,0.0,0.0,0.0,,1,24,607
2026-06-06T12:28:27.197563,2,177.991,16871.0,3543.0,,1,24,608
2026-06-06T12:28:27.197563,6,0.0,0.0,0.0,,1,24,608
2026-06-06T12:28:27.197563,3,0.023,2.0,0.5,,1,24,609
2026-06-06T12:28:27.197563,7,0.0,0.0,0.0,,1,24,609
2026-06-06T12:28:27.197563,0,-0.002,0.0,0.0,,1,24,608
2026-06-06T12:28:27.197563,4,0.0,0.0,0.0,,1,24,608
2026-06-06T12:28:27.197563,1,0.001,0.0,0.0,,1,24,608
2026-06-06T12:28:27.197563,5,0.0,0.0,0.0,,1,24,608
2026-06-06T12:28:27.249074,2,181.095,17165.0,3604.75,,1,24,609
2026-06-06T12:28:27.249074,6,0.0,0.0,0.0,,1,24,609
2026-06-06T12:28:27.249074,3,0.023,2.0,0.5,,1,24,610
2026-06-06T12:28:27.249074,7,-0.001,0.0,0.0,,1,24,610
2026-06-06T12:28:27.249074,0,-0.002,0.0,0.0,,1,24,609
2026-06-06T12:28:27.249074,4,0.0,0.0,0.0,,1,24,609
2026-06-06T12:28:27.300077,1,0.001,0.0,0.0,,1,24,609
2026-06-06T12:28:27.300077,5,0.0,0.0,0.0,,1,24,609
2026-06-06T12:28:27.300077,2,181.474,17201.0,3612.25,,1,24,610
2026-06-06T12:28:27.300077,6,0.0,0.0,0.0,,1,24,610
2026-06-06T12:28:27.300077,3,0.023,2.0,0.5,,1,24,611
2026-06-06T12:28:27.300077,7,0.0,0.0,0.0,,1,24,611
2026-06-06T12:28:27.300077,0,-0.002,0.0,0.0,,1,24,610
2026-06-06T12:28:27.300077,4,0.0,0.0,0.0,,1,24,610
2026-06-06T12:28:27.300077,1,0.001,0.0,0.0,,1,24,610
2026-06-06T12:28:27.300077,5,0.0,0.0,0.0,,1,24,610
2026-06-06T12:28:27.300077,2,181.628,17216.0,3615.25,,1,24,611
2026-06-06T12:28:27.300077,6,0.0,0.0,0.0,,1,24,611
2026-06-06T12:28:27.350589,3,0.023,2.0,0.5,,1,24,612
2026-06-06T12:28:27.350589,7,0.0,0.0,0.0,,1,24,612
2026-06-06T12:28:27.350589,0,-0.002,0.0,0.0,,1,24,611
2026-06-06T12:28:27.350589,4,0.0,0.0,0.0,,1,24,611
2026-06-06T12:28:27.350589,1,0.001,0.0,0.0,,1,24,611
2026-06-06T12:28:27.350589,5,0.0,0.0,0.0,,1,24,611
2026-06-06T12:28:27.350589,2,181.327,17187.0,3609.25,,1,24,612
2026-06-06T12:28:27.350589,6,0.0,0.0,0.0,,1,24,612
2026-06-06T12:28:27.350589,3,0.023,2.0,0.5,,1,24,613
2026-06-06T12:28:27.350589,7,0.0,0.0,0.0,,1,24,613
2026-06-06T12:28:27.350589,0,-0.002,0.0,0.0,,1,24,612
2026-06-06T12:28:27.350589,4,0.0,0.0,0.0,,1,24,612
2026-06-06T12:28:27.401589,1,0.001,0.0,0.0,,1,24,612
2026-06-06T12:28:27.401589,5,0.0,0.0,0.0,,1,24,612
2026-06-06T12:28:27.401589,2,180.761,17134.0,3598.0,,1,24,613
2026-06-06T12:28:27.401589,6,0.0,0.0,0.0,,1,24,613
2026-06-06T12:28:27.401589,3,0.023,2.0,0.5,,1,24,614
2026-06-06T12:28:27.401589,7,0.0,0.0,0.0,,1,24,614
2026-06-06T12:28:27.453104,0,-0.002,0.0,0.0,,1,24,613
2026-06-06T12:28:27.453104,4,0.0,0.0,0.0,,1,24,613
2026-06-06T12:28:27.453104,1,0.001,0.0,0.0,,1,24,613
2026-06-06T12:28:27.453104,5,0.0,0.0,0.0,,1,24,613
2026-06-06T12:28:27.453104,2,180.151,17076.0,3586.0,,1,24,614
2026-06-06T12:28:27.453104,6,0.0,0.0,0.0,,1,24,614
2026-06-06T12:28:27.453104,3,0.023,2.0,0.5,,1,24,615
2026-06-06T12:28:27.453104,7,0.0,0.0,0.0,,1,24,615
2026-06-06T12:28:27.453104,0,-0.002,0.0,0.0,,1,24,614
2026-06-06T12:28:27.453104,4,0.0,0.0,0.0,,1,24,614
2026-06-06T12:28:27.453104,1,0.001,0.0,0.0,,1,24,614
2026-06-06T12:28:27.453104,5,0.0,0.0,0.0,,1,24,614
2026-06-06T12:28:27.504170,2,179.563,17020.0,3574.25,,1,24,615
2026-06-06T12:28:27.504170,6,0.0,0.0,0.0,,1,24,615
2026-06-06T12:28:27.504170,3,0.023,2.0,0.5,,1,24,616
2026-06-06T12:28:27.504170,7,-0.001,0.0,0.0,,1,24,616
2026-06-06T12:28:27.504170,0,-0.002,0.0,0.0,,1,24,615
2026-06-06T12:28:27.504170,4,0.0,0.0,0.0,,1,24,615
2026-06-06T12:28:27.504170,1,0.001,0.0,0.0,,1,24,615
2026-06-06T12:28:27.504170,5,0.0,0.0,0.0,,1,24,615
2026-06-06T12:28:27.504170,2,160.138,15179.0,3187.5,,1,24,616
2026-06-06T12:28:27.504170,6,0.0,0.0,0.0,,1,24,616
2026-06-06T12:28:27.504170,3,0.02,2.0,0.5,,1,24,617
2026-06-06T12:28:27.504170,7,-0.001,0.0,0.0,,1,24,617
2026-06-06T12:28:27.555256,0,-0.002,0.0,0.0,,1,24,616
2026-06-06T12:28:27.555256,4,0.0,0.0,0.0,,1,24,616
2026-06-06T12:28:27.555256,1,0.001,0.0,0.0,,1,24,616
2026-06-06T12:28:27.555256,5,0.0,0.0,0.0,,1,24,616
2026-06-06T12:28:27.555256,2,140.609,13328.0,2798.75,,1,24,617
2026-06-06T12:28:27.555256,6,0.0,0.0,0.0,,1,24,617
2026-06-06T12:28:27.606260,3,0.017,2.0,0.25,,1,24,618
2026-06-06T12:28:27.606260,7,0.0,0.0,0.0,,1,24,618
2026-06-06T12:28:27.606260,0,-0.001,0.0,0.0,,1,24,617
2026-06-06T12:28:27.606260,4,0.0,0.0,0.0,,1,24,617
2026-06-06T12:28:27.606260,1,0.001,0.0,0.0,,1,24,617
2026-06-06T12:28:27.606260,5,0.0,0.0,0.0,,1,24,617
2026-06-06T12:28:27.606260,2,121.079,11477.0,2410.0,,1,24,618
2026-06-06T12:28:27.606260,6,0.0,0.0,0.0,,1,24,618
2026-06-06T12:28:27.606260,3,0.014,1.0,0.25,,1,24,619
2026-06-06T12:28:27.606260,7,0.0,0.0,0.0,,1,24,619
2026-06-06T12:28:27.606260,0,-0.001,0.0,0.0,,1,24,618
2026-06-06T12:28:27.606260,4,0.0,0.0,0.0,,1,24,618
2026-06-06T12:28:27.656767,1,0.001,0.0,0.0,,1,24,618
2026-06-06T12:28:27.656767,5,0.0,0.0,0.0,,1,24,618
2026-06-06T12:28:27.656767,2,101.55,9626.0,2021.25,,1,24,619
2026-06-06T12:28:27.656767,6,0.0,0.0,0.0,,1,24,619
2026-06-06T12:28:27.656767,3,0.013,1.0,0.25,,1,24,620
2026-06-06T12:28:27.656767,7,0.0,0.0,0.0,,1,24,620
2026-06-06T12:28:27.708456,0,-0.001,0.0,0.0,,1,24,619
2026-06-06T12:28:27.708456,4,0.0,0.0,0.0,,1,24,619
2026-06-06T12:28:27.708456,1,0.001,0.0,0.0,,1,24,619
2026-06-06T12:28:27.708456,5,0.0,0.0,0.0,,1,24,619
2026-06-06T12:28:27.708456,2,82.02,7774.0,1632.75,,1,24,620
2026-06-06T12:28:27.708456,6,0.001,0.0,0.0,,1,24,620
2026-06-06T12:28:27.708456,3,0.011,1.0,0.25,,1,24,621
2026-06-06T12:28:27.708456,7,0.0,0.0,0.0,,1,24,621
2026-06-06T12:28:27.708456,0,-0.001,0.0,0.0,,1,24,620
2026-06-06T12:28:27.708456,4,0.0,0.0,0.0,,1,24,620
2026-06-06T12:28:27.708456,1,0.001,0.0,0.0,,1,24,620
2026-06-06T12:28:27.708456,5,0.0,0.0,0.0,,1,24,620
2026-06-06T12:28:27.758518,2,62.49,5923.0,1244.0,,1,24,621
2026-06-06T12:28:27.758518,6,0.001,0.0,0.0,,1,24,621
2026-06-06T12:28:27.758518,3,0.008,1.0,0.25,,1,24,622
2026-06-06T12:28:27.758518,7,-0.001,0.0,0.0,,1,24,622
2026-06-06T12:28:27.758518,0,-0.001,0.0,0.0,,1,24,621
2026-06-06T12:28:27.758518,4,0.0,0.0,0.0,,1,24,621
2026-06-06T12:28:27.758518,1,0.001,0.0,0.0,,1,24,621
2026-06-06T12:28:27.758518,5,0.0,0.0,0.0,,1,24,621
2026-06-06T12:28:27.758518,2,42.961,4072.0,855.25,,1,24,622
2026-06-06T12:28:27.758518,6,0.0,0.0,0.0,,1,24,622
2026-06-06T12:28:27.758518,3,0.006,1.0,0.0,,1,24,623
2026-06-06T12:28:27.758518,7,-0.001,0.0,0.0,,1,24,623
2026-06-06T12:28:27.809523,0,-0.001,0.0,0.0,,1,24,622
2026-06-06T12:28:27.809523,4,0.0,0.0,0.0,,1,24,622
2026-06-06T12:28:27.809523,1,0.001,0.0,0.0,,1,24,622
2026-06-06T12:28:27.809523,5,0.0,0.0,0.0,,1,24,622
2026-06-06T12:28:27.809523,2,23.431,2221.0,466.5,,1,24,623
2026-06-06T12:28:27.809523,6,0.0,0.0,0.0,,1,24,623
2026-06-06T12:28:27.860550,3,0.003,0.0,0.0,,1,24,624
2026-06-06T12:28:27.860550,7,0.0,0.0,0.0,,1,24,624
2026-06-06T12:28:27.860550,0,0.0,0.0,0.0,,1,24,623
2026-06-06T12:28:27.860550,4,0.0,0.0,0.0,,1,24,623
2026-06-06T12:28:27.860550,1,0.0,0.0,0.0,,1,24,623
2026-06-06T12:28:27.860550,5,0.0,0.0,0.0,,1,24,623
2026-06-06T12:28:27.860550,2,3.901,370.0,77.75,,1,24,624
2026-06-06T12:28:27.860550,6,0.0,0.0,0.0,,1,24,624
2026-06-06T12:28:27.860550,3,0.0,0.0,0.0,,1,24,625
2026-06-06T12:28:27.860550,7,0.0,0.0,0.0,,1,24,625
2026-06-06T12:28:27.860550,0,0.0,0.0,0.0,,1,24,624
2026-06-06T12:28:27.860550,4,0.0,0.0,0.0,,1,24,624
2026-06-06T12:28:27.911553,1,0.0,0.0,0.0,,1,24,624
2026-06-06T12:28:27.911553,5,0.0,0.0,0.0,,1,24,624
2026-06-06T12:28:27.911553,2,0.797,76.0,15.75,,1,24,625
2026-06-06T12:28:27.911553,6,0.001,0.0,0.0,,1,24,625
2026-06-06T12:28:27.911553,3,0.0,0.0,0.0,,1,24,626
2026-06-06T12:28:27.911553,7,0.0,0.0,0.0,,1,24,626
2026-06-06T12:28:27.911553,0,0.0,0.0,0.0,,1,24,625
2026-06-06T12:28:27.911553,4,0.0,0.0,0.0,,1,24,625
2026-06-06T12:28:27.911553,1,0.0,0.0,0.0,,1,24,625
2026-06-06T12:28:27.911553,5,0.0,0.0,0.0,,1,24,625
2026-06-06T12:28:27.911553,2,0.418,40.0,8.25,,1,24,626
2026-06-06T12:28:27.911553,6,0.001,0.0,0.0,,1,24,626
2026-06-06T12:28:27.963061,3,0.0,0.0,0.0,,1,24,627
2026-06-06T12:28:27.963061,7,0.0,0.0,0.0,,1,24,627
2026-06-06T12:28:27.963061,0,0.0,0.0,0.0,,1,24,626
2026-06-06T12:28:27.963061,4,0.0,0.0,0.0,,1,24,626
2026-06-06T12:28:27.963061,1,0.0,0.0,0.0,,1,24,626
2026-06-06T12:28:27.963061,5,0.0,0.0,0.0,,1,24,626
2026-06-06T12:28:27.980061,2,0.112,11.0,2.25,,1,24,627
2026-06-06T12:28:27.980061,6,0.001,0.0,0.0,,1,24,627
2026-06-06T12:28:27.980061,3,0.0,0.0,0.0,,1,24,628
2026-06-06T12:28:27.980061,7,-0.001,0.0,0.0,,1,24,628
2026-06-06T12:28:27.980061,0,0.0,0.0,0.0,,1,24,627
2026-06-06T12:28:27.980061,4,0.0,0.0,0.0,,1,24,627
2026-06-06T12:28:28.030574,1,0.0,0.0,0.0,,1,24,627
2026-06-06T12:28:28.030574,5,0.0,0.0,0.0,,1,24,627
2026-06-06T12:28:28.030574,2,0.012,1.0,0.25,,1,24,628
2026-06-06T12:28:28.030574,6,0.001,0.0,0.0,,1,24,628
2026-06-06T12:28:28.030574,3,0.0,0.0,0.0,,1,24,629
2026-06-06T12:28:28.030574,7,-0.001,0.0,0.0,,1,24,629
2026-06-06T12:28:28.030574,0,0.0,0.0,0.0,,1,24,628
2026-06-06T12:28:28.030574,4,0.0,0.0,0.0,,1,24,628
2026-06-06T12:28:28.030574,1,0.0,0.0,0.0,,1,24,628
2026-06-06T12:28:28.030574,5,0.0,0.0,0.0,,1,24,628
2026-06-06T12:28:28.030574,2,0.01,1.0,0.25,,1,24,629
2026-06-06T12:28:28.030574,6,0.0,0.0,0.0,,1,24,629
2026-06-06T12:28:28.082191,3,0.0,0.0,0.0,,1,24,630
2026-06-06T12:28:28.082191,7,-0.001,0.0,0.0,,1,24,630
2026-06-06T12:28:28.082191,0,0.0,0.0,0.0,,1,24,629
2026-06-06T12:28:28.082191,4,0.0,0.0,0.0,,1,24,629
2026-06-06T12:28:28.082191,1,0.0,0.0,0.0,,1,24,629
2026-06-06T12:28:28.082191,5,0.0,0.0,0.0,,1,24,629
2026-06-06T12:28:28.099192,2,0.009,1.0,0.25,,1,24,630
2026-06-06T12:28:28.099192,6,0.0,0.0,0.0,,1,24,630
2026-06-06T12:28:28.099192,3,0.0,0.0,0.0,,1,24,631
2026-06-06T12:28:28.099192,7,0.0,0.0,0.0,,1,24,631
2026-06-06T12:28:28.099192,0,0.0,0.0,0.0,,1,24,630
2026-06-06T12:28:28.099192,4,0.0,0.0,0.0,,1,24,630
2026-06-06T12:28:28.149705,1,0.0,0.0,0.0,,1,24,630
2026-06-06T12:28:28.149705,5,0.0,0.0,0.0,,1,24,630
2026-06-06T12:28:28.149705,2,0.008,1.0,0.25,,1,24,631
2026-06-06T12:28:28.149705,6,0.0,0.0,0.0,,1,24,631
2026-06-06T12:28:28.149705,3,0.0,0.0,0.0,,1,24,632
2026-06-06T12:28:28.149705,7,0.0,0.0,0.0,,1,24,632
2026-06-06T12:28:28.149705,0,0.0,0.0,0.0,,1,24,631
2026-06-06T12:28:28.149705,4,0.0,0.0,0.0,,1,24,631
2026-06-06T12:28:28.149705,1,0.0,0.0,0.0,,1,24,631
2026-06-06T12:28:28.149705,5,0.0,0.0,0.0,,1,24,631
2026-06-06T12:28:28.149705,2,0.007,1.0,0.25,,1,24,632
2026-06-06T12:28:28.149705,6,0.0,0.0,0.0,,1,24,632
2026-06-06T12:28:28.200705,3,0.0,0.0,0.0,,1,24,633
2026-06-06T12:28:28.200705,7,0.0,0.0,0.0,,1,24,633
2026-06-06T12:28:28.200705,0,0.0,0.0,0.0,,1,24,632
2026-06-06T12:28:28.200705,4,0.0,0.0,0.0,,1,24,632
2026-06-06T12:28:28.200705,1,0.0,0.0,0.0,,1,24,632
2026-06-06T12:28:28.200705,5,0.0,0.0,0.0,,1,24,632
2026-06-06T12:28:28.217908,2,0.006,1.0,0.0,,1,24,633
2026-06-06T12:28:28.217908,6,0.001,0.0,0.0,,1,24,633
2026-06-06T12:28:28.217908,3,0.0,0.0,0.0,,1,24,634
2026-06-06T12:28:28.217908,7,-0.001,0.0,0.0,,1,24,634
2026-06-06T12:28:28.217908,0,0.0,0.0,0.0,,1,24,633
2026-06-06T12:28:28.217908,4,0.0,0.0,0.0,,1,24,633
2026-06-06T12:28:28.269201,1,0.0,0.0,0.0,,1,24,633
2026-06-06T12:28:28.269201,5,0.0,0.0,0.0,,1,24,633
2026-06-06T12:28:28.269201,2,0.005,1.0,0.0,,1,24,634
2026-06-06T12:28:28.269201,6,0.001,0.0,0.0,,1,24,634
2026-06-06T12:28:28.269201,3,0.0,0.0,0.0,,1,24,635
2026-06-06T12:28:28.269201,7,-0.001,0.0,0.0,,1,24,635
2026-06-06T12:28:28.320228,0,0.0,0.0,0.0,,1,24,634
2026-06-06T12:28:28.320228,4,0.0,0.0,0.0,,1,24,634
2026-06-06T12:28:28.320228,1,0.0,0.0,0.0,,1,24,634
2026-06-06T12:28:28.320228,5,0.0,0.0,0.0,,1,24,634
2026-06-06T12:28:28.320228,2,0.005,0.0,0.0,,1,24,635
2026-06-06T12:28:28.320228,6,0.0,0.0,0.0,,1,24,635
2026-06-06T12:28:28.320228,3,0.0,0.0,0.0,,1,24,636
2026-06-06T12:28:28.320228,7,-0.001,0.0,0.0,,1,24,636
2026-06-06T12:28:28.320228,0,0.0,0.0,0.0,,1,24,635
2026-06-06T12:28:28.320228,4,0.0,0.0,0.0,,1,24,635
2026-06-06T12:28:28.320228,1,0.0,0.0,0.0,,1,24,635
2026-06-06T12:28:28.320228,5,0.0,0.0,0.0,,1,24,635
2026-06-06T12:28:28.371227,2,0.004,0.0,0.0,,1,24,636
2026-06-06T12:28:28.371227,6,0.0,0.0,0.0,,1,24,636
2026-06-06T12:28:28.371227,3,0.0,0.0,0.0,,1,24,637
2026-06-06T12:28:28.371227,7,-0.001,0.0,0.0,,1,24,637
2026-06-06T12:28:28.371227,0,0.0,0.0,0.0,,1,24,636
2026-06-06T12:28:28.371227,4,0.0,0.0,0.0,,1,24,636
2026-06-06T12:28:28.371227,1,0.0,0.0,0.0,,1,24,636
2026-06-06T12:28:28.371227,5,0.0,0.0,0.0,,1,24,636
2026-06-06T12:28:28.371227,2,0.004,0.0,0.0,,1,24,637
2026-06-06T12:28:28.371227,6,0.0,0.0,0.0,,1,24,637
2026-06-06T12:28:28.371227,3,0.0,0.0,0.0,,1,24,638
2026-06-06T12:28:28.371227,7,-0.001,0.0,0.0,,1,24,638
2026-06-06T12:28:28.421741,0,0.0,0.0,0.0,,1,24,637
2026-06-06T12:28:28.421741,4,0.0,0.0,0.0,,1,24,637
2026-06-06T12:28:28.421741,1,0.0,0.0,0.0,,1,24,637
2026-06-06T12:28:28.421741,5,0.0,0.0,0.0,,1,24,637
2026-06-06T12:28:28.421741,2,0.003,0.0,0.0,,1,24,638
2026-06-06T12:28:28.421741,6,0.001,0.0,0.0,,1,24,638
2026-06-06T12:28:28.473263,3,0.0,0.0,0.0,,1,24,639
2026-06-06T12:28:28.473263,7,0.0,0.0,0.0,,1,24,639
2026-06-06T12:28:28.473263,0,0.0,0.0,0.0,,1,24,638
2026-06-06T12:28:28.473263,4,0.0,0.0,0.0,,1,24,638
2026-06-06T12:28:28.473263,1,0.0,0.0,0.0,,1,24,638
2026-06-06T12:28:28.473263,5,0.0,0.0,0.0,,1,24,638
2026-06-06T12:28:28.473263,2,0.003,0.0,0.0,,1,24,639
2026-06-06T12:28:28.473263,6,0.001,0.0,0.0,,1,24,639
2026-06-06T12:28:28.473263,3,0.0,0.0,0.0,,1,24,640
2026-06-06T12:28:28.473263,7,-0.001,0.0,0.0,,1,24,640
2026-06-06T12:28:28.473263,0,0.0,0.0,0.0,,1,24,639
2026-06-06T12:28:28.473263,4,0.0,0.0,0.0,,1,24,639
2026-06-06T12:28:28.524313,1,0.0,0.0,0.0,,1,24,639
2026-06-06T12:28:28.524313,5,0.0,0.0,0.0,,1,24,639
2026-06-06T12:28:28.524313,2,0.002,0.0,0.0,,1,24,640
2026-06-06T12:28:28.524313,6,0.001,0.0,0.0,,1,24,640
2026-06-06T12:28:28.524313,3,0.0,0.0,0.0,,1,24,641
2026-06-06T12:28:28.524313,7,-0.001,0.0,0.0,,1,24,641
2026-06-06T12:28:28.524313,0,0.0,0.0,0.0,,1,24,640
2026-06-06T12:28:28.524313,4,0.0,0.0,0.0,,1,24,640
2026-06-06T12:28:28.524313,1,0.0,0.0,0.0,,1,24,640
2026-06-06T12:28:28.524313,5,0.0,0.0,0.0,,1,24,640
2026-06-06T12:28:28.524313,2,0.002,0.0,0.0,,1,24,641
2026-06-06T12:28:28.524313,6,0.001,0.0,0.0,,1,24,641
2026-06-06T12:28:28.574878,3,0.0,0.0,0.0,,1,24,642
2026-06-06T12:28:28.574878,7,-0.001,0.0,0.0,,1,24,642
2026-06-06T12:28:28.574878,0,0.0,0.0,0.0,,1,24,641
2026-06-06T12:28:28.574878,4,0.0,0.0,0.0,,1,24,641
2026-06-06T12:28:28.574878,1,0.0,0.0,0.0,,1,24,641
2026-06-06T12:28:28.574878,5,0.0,0.0,0.0,,1,24,641
2026-06-06T12:28:28.591879,2,0.002,0.0,0.0,,1,24,642
2026-06-06T12:28:28.591879,6,0.0,0.0,0.0,,1,24,642
2026-06-06T12:28:28.591879,3,0.0,0.0,0.0,,1,24,643
2026-06-06T12:28:28.591879,7,0.0,0.0,0.0,,1,24,643
2026-06-06T12:28:28.591879,0,0.0,0.0,0.0,,1,24,642
2026-06-06T12:28:28.591879,4,0.0,0.0,0.0,,1,24,642
2026-06-06T12:28:28.643392,1,0.0,0.0,0.0,,1,24,642
2026-06-06T12:28:28.643392,5,0.0,0.0,0.0,,1,24,642
2026-06-06T12:28:28.643392,2,0.002,0.0,0.0,,1,24,643
2026-06-06T12:28:28.643392,6,0.0,0.0,0.0,,1,24,643
2026-06-06T12:28:28.643392,3,0.0,0.0,0.0,,1,24,644
2026-06-06T12:28:28.643392,7,0.0,0.0,0.0,,1,24,644
2026-06-06T12:28:28.643392,0,0.0,0.0,0.0,,1,24,643
2026-06-06T12:28:28.643392,4,0.0,0.0,0.0,,1,24,643
2026-06-06T12:28:28.643392,1,0.0,0.0,0.0,,1,24,643
2026-06-06T12:28:28.643392,5,0.0,0.0,0.0,,1,24,643
2026-06-06T12:28:28.643392,2,0.001,0.0,0.0,,1,24,644
2026-06-06T12:28:28.643392,6,0.0,0.0,0.0,,1,24,644
2026-06-06T12:28:28.694395,3,0.0,0.0,0.0,,1,24,645
2026-06-06T12:28:28.694395,7,0.0,0.0,0.0,,1,24,645
2026-06-06T12:28:28.694395,0,0.0,0.0,0.0,,1,24,644
2026-06-06T12:28:28.694395,4,0.0,0.0,0.0,,1,24,644
2026-06-06T12:28:28.694395,1,0.0,0.0,0.0,,1,24,644
2026-06-06T12:28:28.694395,5,0.0,0.0,0.0,,1,24,644
2026-06-06T12:28:28.711396,2,0.001,0.0,0.0,,1,24,645
2026-06-06T12:28:28.711396,6,0.001,0.0,0.0,,1,24,645
2026-06-06T12:28:28.711396,3,0.0,0.0,0.0,,1,24,646
2026-06-06T12:28:28.711396,7,0.0,0.0,0.0,,1,24,646
2026-06-06T12:28:28.711396,0,0.0,0.0,0.0,,1,24,645
2026-06-06T12:28:28.711396,4,0.0,0.0,0.0,,1,24,645
2026-06-06T12:28:28.761908,1,0.0,0.0,0.0,,1,24,645
2026-06-06T12:28:28.761908,5,0.0,0.0,0.0,,1,24,645
2026-06-06T12:28:28.761908,2,0.001,0.0,0.0,,1,24,646
2026-06-06T12:28:28.761908,6,0.001,0.0,0.0,,1,24,646
2026-06-06T12:28:28.761908,3,0.0,0.0,0.0,,1,24,647
2026-06-06T12:28:28.761908,7,0.0,0.0,0.0,,1,24,647
2026-06-06T12:28:28.812911,0,0.0,0.0,0.0,,1,24,646
2026-06-06T12:28:28.812911,4,0.0,0.0,0.0,,1,24,646
2026-06-06T12:28:28.812911,1,0.0,0.0,0.0,,1,24,646
2026-06-06T12:28:28.812911,5,0.0,0.0,0.0,,1,24,646
2026-06-06T12:28:28.812911,2,0.001,0.0,0.0,,1,24,647
2026-06-06T12:28:28.812911,6,0.001,0.0,0.0,,1,24,647
2026-06-06T12:28:28.812911,3,0.0,0.0,0.0,,1,24,648
2026-06-06T12:28:28.812911,7,-0.001,0.0,0.0,,1,24,648
2026-06-06T12:28:28.812911,0,0.0,0.0,0.0,,1,24,647
2026-06-06T12:28:28.812911,4,0.0,0.0,0.0,,1,24,647
2026-06-06T12:28:28.812911,1,0.0,0.0,0.0,,1,24,647
2026-06-06T12:28:28.812911,5,0.0,0.0,0.0,,1,24,647
2026-06-06T12:28:28.864426,2,0.001,0.0,0.0,,1,24,648
2026-06-06T12:28:28.864426,6,0.001,0.0,0.0,,1,24,648
2026-06-06T12:28:28.864426,3,0.0,0.0,0.0,,1,24,649
2026-06-06T12:28:28.864426,7,-0.001,0.0,0.0,,1,24,649
2026-06-06T12:28:28.864426,0,0.0,0.0,0.0,,1,24,648
2026-06-06T12:28:28.864426,4,0.0,0.0,0.0,,1,24,648
2026-06-06T12:28:28.864426,1,0.0,0.0,0.0,,1,24,648
2026-06-06T12:28:28.864426,5,0.0,0.0,0.0,,1,24,648
2026-06-06T12:28:28.864426,2,0.001,0.0,0.0,,1,24,649
2026-06-06T12:28:28.864426,6,0.0,0.0,0.0,,1,24,649
2026-06-06T12:28:28.864426,3,0.0,0.0,0.0,,1,24,650
2026-06-06T12:28:28.864426,7,0.0,0.0,0.0,,1,24,650
2026-06-06T12:28:28.914941,0,0.0,0.0,0.0,,1,24,649
2026-06-06T12:28:28.914941,4,0.0,0.0,0.0,,1,24,649
2026-06-06T12:28:28.914941,1,0.0,0.0,0.0,,1,24,649
2026-06-06T12:28:28.914941,5,0.0,0.0,0.0,,1,24,649
2026-06-06T12:28:28.914941,2,0.001,0.0,0.0,,1,24,650
2026-06-06T12:28:28.914941,6,0.0,0.0,0.0,,1,24,650
2026-06-06T12:28:28.966451,3,0.0,0.0,0.0,,1,24,651
2026-06-06T12:28:28.966451,7,0.0,0.0,0.0,,1,24,651
2026-06-06T12:28:28.966451,0,0.0,0.0,0.0,,1,24,650
2026-06-06T12:28:28.966451,4,0.0,0.0,0.0,,1,24,650
2026-06-06T12:28:28.966451,1,0.0,0.0,0.0,,1,24,650
2026-06-06T12:28:28.966451,5,0.0,0.0,0.0,,1,24,650
2026-06-06T12:28:28.966451,2,0.001,0.0,0.0,,1,24,651
2026-06-06T12:28:28.966451,6,0.001,0.0,0.0,,1,24,651
2026-06-06T12:28:28.966451,3,0.0,0.0,0.0,,1,24,652
2026-06-06T12:28:28.966451,7,0.0,0.0,0.0,,1,24,652
2026-06-06T12:28:28.966451,0,0.0,0.0,0.0,,1,24,651
2026-06-06T12:28:28.966451,4,0.0,0.0,0.0,,1,24,651
2026-06-06T12:28:29.017456,1,0.0,0.0,0.0,,1,24,651
2026-06-06T12:28:29.017456,5,0.0,0.0,0.0,,1,24,651
2026-06-06T12:28:29.017456,2,0.001,0.0,0.0,,1,24,652
2026-06-06T12:28:29.017456,6,0.001,0.0,0.0,,1,24,652
2026-06-06T12:28:29.017456,3,0.0,0.0,0.0,,1,24,653
2026-06-06T12:28:29.017456,7,0.0,0.0,0.0,,1,24,653
2026-06-06T12:28:29.017456,0,0.0,0.0,0.0,,1,24,652
2026-06-06T12:28:29.017456,4,0.0,0.0,0.0,,1,24,652
2026-06-06T12:28:29.017456,1,0.0,0.0,0.0,,1,24,652
2026-06-06T12:28:29.017456,5,0.0,0.0,0.0,,1,24,652
2026-06-06T12:28:29.017456,2,0.001,0.0,0.0,,1,24,653
2026-06-06T12:28:29.017456,6,0.001,0.0,0.0,,1,24,653
2026-06-06T12:28:29.067967,3,0.0,0.0,0.0,,1,24,654
2026-06-06T12:28:29.067967,7,0.0,0.0,0.0,,1,24,654
2026-06-06T12:28:29.067967,0,0.0,0.0,0.0,,1,24,653
2026-06-06T12:28:29.067967,4,0.0,0.0,0.0,,1,24,653
2026-06-06T12:28:29.067967,1,0.0,0.0,0.0,,1,24,653
2026-06-06T12:28:29.067967,5,0.0,0.0,0.0,,1,24,653
2026-06-06T12:28:29.084967,2,0.001,0.0,0.0,,1,24,654
2026-06-06T12:28:29.084967,6,0.001,0.0,0.0,,1,24,654
2026-06-06T12:28:29.084967,3,0.0,0.0,0.0,,1,24,655
2026-06-06T12:28:29.084967,7,-0.001,0.0,0.0,,1,24,655
2026-06-06T12:28:29.084967,0,0.0,0.0,0.0,,1,24,654
2026-06-06T12:28:29.084967,4,0.0,0.0,0.0,,1,24,654
2026-06-06T12:28:29.136480,1,0.0,0.0,0.0,,1,24,654
2026-06-06T12:28:29.136480,5,0.0,0.0,0.0,,1,24,654
2026-06-06T12:28:29.136480,2,0.001,0.0,0.0,,1,24,655
2026-06-06T12:28:29.136480,6,0.0,0.0,0.0,,1,24,655
2026-06-06T12:28:29.136480,3,0.0,0.0,0.0,,1,24,656
2026-06-06T12:28:29.136480,7,0.0,0.0,0.0,,1,24,656
2026-06-06T12:28:29.136480,0,0.0,0.0,0.0,,1,24,655
2026-06-06T12:28:29.136480,4,0.0,0.0,0.0,,1,24,655
2026-06-06T12:28:29.136480,1,0.0,0.0,0.0,,1,24,655
2026-06-06T12:28:29.136480,5,0.0,0.0,0.0,,1,24,655
2026-06-06T12:28:29.136480,2,0.001,0.0,0.0,,1,24,656
2026-06-06T12:28:29.136480,6,0.0,0.0,0.0,,1,24,656
2026-06-06T12:28:29.187482,3,0.0,0.0,0.0,,1,24,657
2026-06-06T12:28:29.187482,7,0.0,0.0,0.0,,1,24,657
2026-06-06T12:28:29.187482,0,0.0,0.0,0.0,,1,24,656
2026-06-06T12:28:29.187482,4,0.0,0.0,0.0,,1,24,656
2026-06-06T12:28:29.187482,1,0.0,0.0,0.0,,1,24,656
2026-06-06T12:28:29.187482,5,0.0,0.0,0.0,,1,24,656
2026-06-06T12:28:29.204481,2,0.001,0.0,0.0,,1,24,657
2026-06-06T12:28:29.204481,6,0.0,0.0,0.0,,1,24,657
2026-06-06T12:28:29.204481,3,0.0,0.0,0.0,,1,24,658
2026-06-06T12:28:29.204481,7,0.0,0.0,0.0,,1,24,658
2026-06-06T12:28:29.204481,0,0.0,0.0,0.0,,1,24,657
2026-06-06T12:28:29.204481,4,0.0,0.0,0.0,,1,24,657
2026-06-06T12:28:29.254991,1,0.0,0.0,0.0,,1,24,657
2026-06-06T12:28:29.254991,5,0.0,0.0,0.0,,1,24,657
2026-06-06T12:28:29.254991,2,0.0,0.0,0.0,,1,24,658
2026-06-06T12:28:29.254991,6,0.001,0.0,0.0,,1,24,658
2026-06-06T12:28:29.254991,3,0.0,0.0,0.0,,1,24,659
2026-06-06T12:28:29.254991,7,0.0,0.0,0.0,,1,24,659
2026-06-06T12:28:29.290993,0,0.0,0.0,0.0,,1,24,658
2026-06-06T12:28:29.290993,4,0.0,0.0,0.0,,1,24,658
2026-06-06T12:28:29.290993,1,0.0,0.0,0.0,,1,24,658
2026-06-06T12:28:29.290993,5,0.0,0.0,0.0,,1,24,658
2026-06-06T12:28:29.290993,2,0.0,0.0,0.0,,1,24,659
2026-06-06T12:28:29.290993,6,0.001,0.0,0.0,,1,24,659
2026-06-06T12:28:29.339501,3,0.0,0.0,0.0,,1,24,660
2026-06-06T12:28:29.339501,7,-0.001,0.0,0.0,,1,24,660
2026-06-06T12:28:29.339501,0,0.0,0.0,0.0,,1,24,659
2026-06-06T12:28:29.339501,4,0.0,0.0,0.0,,1,24,659
2026-06-06T12:28:29.339501,1,0.0,0.0,0.0,,1,24,659
2026-06-06T12:28:29.339501,5,0.0,0.0,0.0,,1,24,659
2026-06-06T12:28:29.339501,2,0.0,0.0,0.0,,1,24,660
2026-06-06T12:28:29.339501,6,0.0,0.0,0.0,,1,24,660
2026-06-06T12:28:29.339501,3,0.0,0.0,0.0,,1,24,661
2026-06-06T12:28:29.339501,7,-0.001,0.0,0.0,,1,24,661
2026-06-06T12:28:29.339501,0,0.0,0.0,0.0,,1,24,660
2026-06-06T12:28:29.339501,4,0.0,0.0,0.0,,1,24,660
2026-06-06T12:28:29.390501,1,0.0,0.0,0.0,,1,24,660
2026-06-06T12:28:29.390501,5,0.0,0.0,0.0,,1,24,660
2026-06-06T12:28:29.390501,2,0.0,0.0,0.0,,1,24,661
2026-06-06T12:28:29.390501,6,0.0,0.0,0.0,,1,24,661
2026-06-06T12:28:29.390501,3,0.0,0.0,0.0,,1,24,662
2026-06-06T12:28:29.390501,7,-0.001,0.0,0.0,,1,24,662
2026-06-06T12:28:29.390501,0,0.0,0.0,0.0,,1,24,661
2026-06-06T12:28:29.390501,4,0.0,0.0,0.0,,1,24,661
2026-06-06T12:28:29.390501,1,0.0,0.0,0.0,,1,24,661
2026-06-06T12:28:29.390501,5,0.0,0.0,0.0,,1,24,661
2026-06-06T12:28:29.390501,2,0.0,0.0,0.0,,1,24,662
2026-06-06T12:28:29.390501,6,0.0,0.0,0.0,,1,24,662
2026-06-06T12:28:29.442333,3,0.0,0.0,0.0,,1,24,663
2026-06-06T12:28:29.442333,7,0.0,0.0,0.0,,1,24,663
2026-06-06T12:28:29.442333,0,0.0,0.0,0.0,,1,24,662
2026-06-06T12:28:29.442333,4,0.0,0.0,0.0,,1,24,662
2026-06-06T12:28:29.442333,1,0.0,0.0,0.0,,1,24,662
2026-06-06T12:28:29.442333,5,0.0,0.0,0.0,,1,24,662
2026-06-06T12:28:29.442333,2,0.0,0.0,0.0,,1,24,663
2026-06-06T12:28:29.442333,6,0.0,0.0,0.0,,1,24,663
2026-06-06T12:28:29.442333,3,0.0,0.0,0.0,,1,24,664
2026-06-06T12:28:29.442333,7,0.0,0.0,0.0,,1,24,664
2026-06-06T12:28:29.442333,0,0.0,0.0,0.0,,1,24,663
2026-06-06T12:28:29.442333,4,0.0,0.0,0.0,,1,24,663
2026-06-06T12:28:29.493377,1,0.0,0.0,0.0,,1,24,663
2026-06-06T12:28:29.493377,5,0.0,0.0,0.0,,1,24,663
2026-06-06T12:28:29.493377,2,0.0,0.0,0.0,,1,24,664
2026-06-06T12:28:29.493377,6,0.0,0.0,0.0,,1,24,664
2026-06-06T12:28:29.493377,3,0.0,0.0,0.0,,1,24,665
2026-06-06T12:28:29.493377,7,0.0,0.0,0.0,,1,24,665
2026-06-06T12:28:29.544452,0,0.0,0.0,0.0,,1,24,664
2026-06-06T12:28:29.544452,4,0.0,0.0,0.0,,1,24,664
2026-06-06T12:28:29.544452,1,0.0,0.0,0.0,,1,24,664
2026-06-06T12:28:29.544452,5,0.0,0.0,0.0,,1,24,664
2026-06-06T12:28:29.544452,2,0.0,0.0,0.0,,1,24,665
2026-06-06T12:28:29.544452,6,0.001,0.0,0.0,,1,24,665
2026-06-06T12:28:29.544452,3,0.0,0.0,0.0,,1,24,666
2026-06-06T12:28:29.544452,7,-0.001,0.0,0.0,,1,24,666
2026-06-06T12:28:29.544452,0,0.0,0.0,0.0,,1,24,665
2026-06-06T12:28:29.544452,4,0.0,0.0,0.0,,1,24,665
2026-06-06T12:28:29.544452,1,0.0,0.0,0.0,,1,24,665
2026-06-06T12:28:29.544452,5,0.0,0.0,0.0,,1,24,665
2026-06-06T12:28:29.595451,2,0.0,0.0,0.0,,1,24,666
2026-06-06T12:28:29.595451,6,0.0,0.0,0.0,,1,24,666
2026-06-06T12:28:29.595451,3,0.0,0.0,0.0,,1,24,667
2026-06-06T12:28:29.595451,7,-0.001,0.0,0.0,,1,24,667
2026-06-06T12:28:29.595451,0,0.0,0.0,0.0,,1,24,666
2026-06-06T12:28:29.595451,4,0.0,0.0,0.0,,1,24,666
2026-06-06T12:28:29.595451,1,0.0,0.0,0.0,,1,24,666
2026-06-06T12:28:29.595451,5,0.0,0.0,0.0,,1,24,666
2026-06-06T12:28:29.595451,2,0.0,0.0,0.0,,1,24,667
2026-06-06T12:28:29.595451,6,0.0,0.0,0.0,,1,24,667
2026-06-06T12:28:29.595451,3,0.0,0.0,0.0,,1,24,668
2026-06-06T12:28:29.595451,7,-0.001,0.0,0.0,,1,24,668
2026-06-06T12:28:29.645904,0,0.0,0.0,0.0,,1,24,667
2026-06-06T12:28:29.645904,4,0.0,0.0,0.0,,1,24,667
2026-06-06T12:28:29.645904,1,0.0,0.0,0.0,,1,24,667
2026-06-06T12:28:29.645904,5,0.0,0.0,0.0,,1,24,667
2026-06-06T12:28:29.645904,2,0.0,0.0,0.0,,1,24,668
2026-06-06T12:28:29.645904,6,0.0,0.0,0.0,,1,24,668
2026-06-06T12:28:29.696808,3,0.0,0.0,0.0,,1,24,669
2026-06-06T12:28:29.696808,7,-0.001,0.0,0.0,,1,24,669
2026-06-06T12:28:29.696808,0,0.0,0.0,0.0,,1,24,668
2026-06-06T12:28:29.696808,4,0.0,0.0,0.0,,1,24,668
2026-06-06T12:28:29.696808,1,0.0,0.0,0.0,,1,24,668
2026-06-06T12:28:29.696808,5,0.0,0.0,0.0,,1,24,668
2026-06-06T12:28:29.696808,2,0.0,0.0,0.0,,1,24,669
2026-06-06T12:28:29.696808,6,0.0,0.0,0.0,,1,24,669
2026-06-06T12:28:29.696808,3,0.0,0.0,0.0,,1,24,670
2026-06-06T12:28:29.696808,7,0.0,0.0,0.0,,1,24,670
2026-06-06T12:28:29.696808,0,0.0,0.0,0.0,,1,24,669
2026-06-06T12:28:29.696808,4,0.0,0.0,0.0,,1,24,669
2026-06-06T12:28:29.748169,1,0.0,0.0,0.0,,1,24,669
2026-06-06T12:28:29.748169,5,0.0,0.0,0.0,,1,24,669
2026-06-06T12:28:29.748169,2,0.0,0.0,0.0,,1,24,670
2026-06-06T12:28:29.748169,6,0.0,0.0,0.0,,1,24,670
2026-06-06T12:28:29.748169,3,0.0,0.0,0.0,,1,24,671
2026-06-06T12:28:29.748169,7,0.0,0.0,0.0,,1,24,671
2026-06-06T12:28:29.748169,0,0.0,0.0,0.0,,1,24,670
2026-06-06T12:28:29.748169,4,0.0,0.0,0.0,,1,24,670
2026-06-06T12:28:29.748169,1,0.0,0.0,0.0,,1,24,670
2026-06-06T12:28:29.748169,5,0.0,0.0,0.0,,1,24,670
2026-06-06T12:28:29.748169,2,0.0,0.0,0.0,,1,24,671
2026-06-06T12:28:29.748169,6,0.0,0.0,0.0,,1,24,671
2026-06-06T12:28:29.879738,3,0.0,0.0,0.0,,1,24,672
2026-06-06T12:28:29.879738,7,0.0,0.0,0.0,,1,24,672
2026-06-06T12:28:29.879738,0,0.0,0.0,0.0,,1,24,671
2026-06-06T12:28:29.879738,4,0.0,0.0,0.0,,1,24,671
2026-06-06T12:28:29.879738,1,0.0,0.0,0.0,,1,24,671
2026-06-06T12:28:29.879738,5,0.0,0.0,0.0,,1,24,671
2026-06-06T12:28:29.918946,2,0.0,0.0,0.0,,1,24,672
2026-06-06T12:28:29.918946,6,0.0,0.0,0.0,,1,24,672
2026-06-06T12:28:29.918946,3,0.0,0.0,0.0,,1,24,673
2026-06-06T12:28:29.918946,7,-0.001,0.0,0.0,,1,24,673
2026-06-06T12:28:29.918946,0,0.0,0.0,0.0,,1,24,672
2026-06-06T12:28:29.918946,4,0.0,0.0,0.0,,1,24,672
2026-06-06T12:28:29.918946,1,0.0,0.0,0.0,,1,24,672
2026-06-06T12:28:29.918946,5,0.0,0.0,0.0,,1,24,672
2026-06-06T12:28:29.918946,2,0.0,0.0,0.0,,1,24,673
2026-06-06T12:28:29.918946,6,0.0,0.0,0.0,,1,24,673
2026-06-06T12:28:29.918946,3,0.0,0.0,0.0,,1,24,674
2026-06-06T12:28:29.918946,7,-0.001,0.0,0.0,,1,24,674
2026-06-06T12:28:29.918946,0,0.0,0.0,0.0,,1,24,673
2026-06-06T12:28:29.918946,4,0.0,0.0,0.0,,1,24,673
2026-06-06T12:28:29.918946,1,0.0,0.0,0.0,,1,24,673
2026-06-06T12:28:29.918946,5,0.0,0.0,0.0,,1,24,673
2026-06-06T12:28:29.918946,2,0.0,0.0,0.0,,1,24,674
2026-06-06T12:28:29.918946,6,0.0,0.0,0.0,,1,24,674
2026-06-06T12:28:29.969459,3,0.0,0.0,0.0,,1,24,675
2026-06-06T12:28:29.969459,7,0.0,0.0,0.0,,1,24,675
2026-06-06T12:28:29.969459,0,0.0,0.0,0.0,,1,24,674
2026-06-06T12:28:29.969459,4,0.0,0.0,0.0,,1,24,674
2026-06-06T12:28:29.969459,1,0.0,0.0,0.0,,1,24,674
2026-06-06T12:28:29.969459,5,0.0,0.0,0.0,,1,24,674
2026-06-06T12:28:29.969459,2,0.0,0.0,0.0,,1,24,675
2026-06-06T12:28:29.969459,6,0.0,0.0,0.0,,1,24,675
2026-06-06T12:28:29.969459,3,0.0,0.0,0.0,,1,24,676
2026-06-06T12:28:29.969459,7,0.0,0.0,0.0,,1,24,676
2026-06-06T12:28:29.969459,0,0.0,0.0,0.0,,1,24,675
2026-06-06T12:28:29.969459,4,0.0,0.0,0.0,,1,24,675
2026-06-06T12:28:30.020534,1,0.0,0.0,0.0,,1,24,675
2026-06-06T12:28:30.020534,5,0.0,0.0,0.0,,1,24,675
2026-06-06T12:28:30.020534,2,0.0,0.0,0.0,,1,24,676
2026-06-06T12:28:30.020534,6,0.0,0.0,0.0,,1,24,676
2026-06-06T12:28:30.020534,3,0.0,0.0,0.0,,1,24,677
2026-06-06T12:28:30.020534,7,0.0,0.0,0.0,,1,24,677
2026-06-06T12:28:30.057042,0,0.0,0.0,0.0,,1,24,676
2026-06-06T12:28:30.057042,4,0.0,0.0,0.0,,1,24,676
2026-06-06T12:28:30.057042,1,0.0,0.0,0.0,,1,24,676
2026-06-06T12:28:30.057042,5,0.0,0.0,0.0,,1,24,676
2026-06-06T12:28:30.057042,2,0.0,0.0,0.0,,1,24,677
2026-06-06T12:28:30.057042,6,0.0,0.0,0.0,,1,24,677
2026-06-06T12:28:30.090045,3,0.0,0.0,0.0,,1,24,678
2026-06-06T12:28:30.090045,7,0.0,0.0,0.0,,1,24,678
2026-06-06T12:28:30.090045,0,0.0,0.0,0.0,,1,24,677
2026-06-06T12:28:30.090045,4,0.0,0.0,0.0,,1,24,677
2026-06-06T12:28:30.090045,1,0.0,0.0,0.0,,1,24,677
2026-06-06T12:28:30.090045,5,0.0,0.0,0.0,,1,24,677
2026-06-06T12:28:30.123549,2,0.0,0.0,0.0,,1,24,678
2026-06-06T12:28:30.123549,6,0.0,0.0,0.0,,1,24,678
2026-06-06T12:28:30.123549,3,0.0,0.0,0.0,,1,24,679
2026-06-06T12:28:30.123549,7,-0.001,0.0,0.0,,1,24,679
2026-06-06T12:28:30.123549,0,0.0,0.0,0.0,,1,24,678
2026-06-06T12:28:30.123549,4,0.0,0.0,0.0,,1,24,678
2026-06-06T12:28:30.155553,1,0.0,0.0,0.0,,1,24,678
2026-06-06T12:28:30.155553,5,0.0,0.0,0.0,,1,24,678
2026-06-06T12:28:30.155553,2,0.0,0.0,0.0,,1,24,679
2026-06-06T12:28:30.155553,6,0.0,0.0,0.0,,1,24,679
2026-06-06T12:28:30.155553,3,0.0,0.0,0.0,,1,24,680
2026-06-06T12:28:30.155553,7,-0.001,0.0,0.0,,1,24,680
2026-06-06T12:28:30.192896,0,0.0,0.0,0.0,,1,24,679
2026-06-06T12:28:30.192896,4,0.0,0.0,0.0,,1,24,679
2026-06-06T12:28:30.192896,1,0.0,0.0,0.0,,1,24,679
2026-06-06T12:28:30.192896,5,0.0,0.0,0.0,,1,24,679
2026-06-06T12:28:30.192896,2,0.0,0.0,0.0,,1,24,680
2026-06-06T12:28:30.192896,6,0.0,0.0,0.0,,1,24,680
2026-06-06T12:28:30.224405,3,0.0,0.0,0.0,,1,24,681
2026-06-06T12:28:30.224405,7,0.0,0.0,0.0,,1,24,681
2026-06-06T12:28:30.224405,0,0.0,0.0,0.0,,1,24,680
2026-06-06T12:28:30.224405,4,0.0,0.0,0.0,,1,24,680
2026-06-06T12:28:30.224405,1,0.0,0.0,0.0,,1,24,680
2026-06-06T12:28:30.224405,5,0.0,0.0,0.0,,1,24,680
2026-06-06T12:28:30.258405,2,0.0,0.0,0.0,,1,24,681
2026-06-06T12:28:30.259405,6,0.0,0.0,0.0,,1,24,681
2026-06-06T12:28:30.259405,3,0.0,0.0,0.0,,1,24,682
2026-06-06T12:28:30.259405,7,0.0,0.0,0.0,,1,24,682
2026-06-06T12:28:30.259405,0,0.0,0.0,0.0,,1,24,681
2026-06-06T12:28:30.259405,4,0.0,0.0,0.0,,1,24,681
2026-06-06T12:28:30.298406,1,0.0,0.0,0.0,,1,24,681
2026-06-06T12:28:30.299406,5,0.0,0.0,0.0,,1,24,681
2026-06-06T12:28:30.299406,2,0.0,0.0,0.0,,1,24,682
2026-06-06T12:28:30.299406,6,0.0,0.0,0.0,,1,24,682
2026-06-06T12:28:30.299406,3,0.0,0.0,0.0,,1,24,683
2026-06-06T12:28:30.299406,7,0.0,0.0,0.0,,1,24,683
2026-06-06T12:28:30.342906,0,0.0,0.0,0.0,,1,24,682
2026-06-06T12:28:30.342906,4,0.0,0.0,0.0,,1,24,682
2026-06-06T12:28:30.342906,1,0.0,0.0,0.0,,1,24,682
2026-06-06T12:28:30.342906,5,0.0,0.0,0.0,,1,24,682
2026-06-06T12:28:30.342906,2,0.0,0.0,0.0,,1,24,683
2026-06-06T12:28:30.343905,6,0.0,0.0,0.0,,1,24,683
2026-06-06T12:28:30.374907,3,0.0,0.0,0.0,,1,24,684
2026-06-06T12:28:30.374907,7,0.0,0.0,0.0,,1,24,684
2026-06-06T12:28:30.374907,0,0.0,0.0,0.0,,1,24,683
2026-06-06T12:28:30.374907,4,0.0,0.0,0.0,,1,24,683
2026-06-06T12:28:30.374907,1,0.0,0.0,0.0,,1,24,683
2026-06-06T12:28:30.374907,5,0.0,0.0,0.0,,1,24,683
2026-06-06T12:28:30.416352,2,0.0,0.0,0.0,,1,24,684
2026-06-06T12:28:30.416352,6,0.001,0.0,0.0,,1,24,684
2026-06-06T12:28:30.416352,3,0.0,0.0,0.0,,1,24,685
2026-06-06T12:28:30.416352,7,-0.001,0.0,0.0,,1,24,685
2026-06-06T12:28:30.416352,0,0.0,0.0,0.0,,1,24,684
2026-06-06T12:28:30.416352,4,0.0,0.0,0.0,,1,24,684
2026-06-06T12:28:30.416352,1,0.0,0.0,0.0,,1,24,684
2026-06-06T12:28:30.416352,5,0.0,0.0,0.0,,1,24,684
2026-06-06T12:28:30.416352,2,0.0,0.0,0.0,,1,24,685
2026-06-06T12:28:30.416352,6,0.0,0.0,0.0,,1,24,685
2026-06-06T12:28:30.416352,3,0.0,0.0,0.0,,1,24,686
2026-06-06T12:28:30.416352,7,-0.001,0.0,0.0,,1,24,686
2026-06-06T12:28:30.453490,0,0.0,0.0,0.0,,1,24,685
2026-06-06T12:28:30.453490,4,0.0,0.0,0.0,,1,24,685
2026-06-06T12:28:30.453490,1,0.0,0.0,0.0,,1,24,685
2026-06-06T12:28:30.453490,5,0.0,0.0,0.0,,1,24,685
2026-06-06T12:28:30.453490,2,-0.001,0.0,0.0,,1,24,686
2026-06-06T12:28:30.453490,6,0.0,0.0,0.0,,1,24,686
2026-06-06T12:28:30.489549,3,0.0,0.0,0.0,,1,24,687
2026-06-06T12:28:30.489549,7,-0.001,0.0,0.0,,1,24,687
2026-06-06T12:28:30.489549,0,0.0,0.0,0.0,,1,24,686
2026-06-06T12:28:30.489549,4,0.0,0.0,0.0,,1,24,686
2026-06-06T12:28:30.489549,1,0.0,0.0,0.0,,1,24,686
2026-06-06T12:28:30.489549,5,0.0,0.0,0.0,,1,24,686
2026-06-06T12:28:30.515961,2,0.0,0.0,0.0,,1,24,687
2026-06-06T12:28:30.515961,6,0.0,0.0,0.0,,1,24,687
2026-06-06T12:28:30.515961,3,0.0,0.0,0.0,,1,24,688
2026-06-06T12:28:30.515961,7,-0.001,0.0,0.0,,1,24,688
2026-06-06T12:28:30.515961,0,0.0,0.0,0.0,,1,24,687
2026-06-06T12:28:30.515961,4,0.0,0.0,0.0,,1,24,687
2026-06-06T12:28:30.550007,1,0.0,0.0,0.0,,1,24,687
2026-06-06T12:28:30.550007,5,0.0,0.0,0.0,,1,24,687
2026-06-06T12:28:30.550007,2,0.0,0.0,0.0,,1,24,688
2026-06-06T12:28:30.550007,6,0.0,0.0,0.0,,1,24,688
2026-06-06T12:28:30.550007,3,0.0,0.0,0.0,,1,24,689
2026-06-06T12:28:30.550007,7,0.0,0.0,0.0,,1,24,689
2026-06-06T12:28:30.587006,0,0.0,0.0,0.0,,1,24,688
2026-06-06T12:28:30.587006,4,0.0,0.0,0.0,,1,24,688
2026-06-06T12:28:30.587006,1,0.0,0.0,0.0,,1,24,688
2026-06-06T12:28:30.587006,5,0.0,0.0,0.0,,1,24,688
2026-06-06T12:28:30.587006,2,0.0,0.0,0.0,,1,24,689
2026-06-06T12:28:30.587006,6,0.001,0.0,0.0,,1,24,689
2026-06-06T12:28:30.618009,3,0.0,0.0,0.0,,1,24,690
2026-06-06T12:28:30.618009,7,0.0,0.0,0.0,,1,24,690
2026-06-06T12:28:30.618009,0,0.0,0.0,0.0,,1,24,689
2026-06-06T12:28:30.618009,4,0.0,0.0,0.0,,1,24,689
2026-06-06T12:28:30.618009,1,0.0,0.0,0.0,,1,24,689
2026-06-06T12:28:30.618009,5,0.0,0.0,0.0,,1,24,689
2026-06-06T12:28:30.652517,2,0.0,0.0,0.0,,1,24,690
2026-06-06T12:28:30.652517,6,0.001,0.0,0.0,,1,24,690
2026-06-06T12:28:30.652517,3,0.0,0.0,0.0,,1,24,691
2026-06-06T12:28:30.652517,7,-0.001,0.0,0.0,,1,24,691
2026-06-06T12:28:30.652517,0,0.0,0.0,0.0,,1,24,690
2026-06-06T12:28:30.652517,4,0.0,0.0,0.0,,1,24,690
2026-06-06T12:28:30.683517,1,0.0,0.0,0.0,,1,24,690
2026-06-06T12:28:30.683517,5,0.0,0.0,0.0,,1,24,690
2026-06-06T12:28:30.683517,2,0.0,0.0,0.0,,1,24,691
2026-06-06T12:28:30.683517,6,0.001,0.0,0.0,,1,24,691
2026-06-06T12:28:30.683517,3,0.0,0.0,0.0,,1,24,692
2026-06-06T12:28:30.683517,7,-0.001,0.0,0.0,,1,24,692
2026-06-06T12:28:30.734030,0,0.0,0.0,0.0,,1,24,691
2026-06-06T12:28:30.734030,4,0.0,0.0,0.0,,1,24,691
2026-06-06T12:28:30.734030,1,0.0,0.0,0.0,,1,24,691
2026-06-06T12:28:30.734030,5,0.0,0.0,0.0,,1,24,691
2026-06-06T12:28:30.734030,2,0.0,0.0,0.0,,1,24,692
2026-06-06T12:28:30.734030,6,0.0,0.0,0.0,,1,24,692
2026-06-06T12:28:30.734030,3,0.0,0.0,0.0,,1,24,693
2026-06-06T12:28:30.734030,7,-0.001,0.0,0.0,,1,24,693
2026-06-06T12:28:30.734030,0,0.0,0.0,0.0,,1,24,692
2026-06-06T12:28:30.734030,4,0.0,0.0,0.0,,1,24,692
2026-06-06T12:28:30.734030,1,0.0,0.0,0.0,,1,24,692
2026-06-06T12:28:30.734030,5,0.0,0.0,0.0,,1,24,692
2026-06-06T12:28:30.734030,2,0.0,0.0,0.0,,1,24,693
2026-06-06T12:28:30.734030,6,0.0,0.0,0.0,,1,24,693
2026-06-06T12:28:30.734030,3,0.0,0.0,0.0,,1,24,694
2026-06-06T12:28:30.734030,7,-0.001,0.0,0.0,,1,24,694
2026-06-06T12:28:30.734030,0,0.0,0.0,0.0,,1,24,693
2026-06-06T12:28:30.734030,4,0.0,0.0,0.0,,1,24,693
2026-06-06T12:28:30.734030,1,0.0,0.0,0.0,,1,24,693
2026-06-06T12:28:30.734030,5,0.0,0.0,0.0,,1,24,693
2026-06-06T12:28:30.734030,2,0.0,0.0,0.0,,1,24,694
2026-06-06T12:28:30.734030,6,0.0,0.0,0.0,,1,24,694
2026-06-06T12:28:30.734030,3,0.0,0.0,0.0,,1,24,695
2026-06-06T12:28:30.734030,7,0.0,0.0,0.0,,1,24,695
2026-06-06T12:28:30.734030,0,0.0,0.0,0.0,,1,24,694
2026-06-06T12:28:30.734030,4,0.0,0.0,0.0,,1,24,694
2026-06-06T12:28:30.734030,1,0.0,0.0,0.0,,1,24,694
2026-06-06T12:28:30.734030,5,0.0,0.0,0.0,,1,24,694
2026-06-06T12:28:30.734030,2,0.0,0.0,0.0,,1,24,695
2026-06-06T12:28:30.734030,6,0.0,0.0,0.0,,1,24,695
2026-06-06T12:28:30.802030,3,0.0,0.0,0.0,,1,24,696
2026-06-06T12:28:30.802030,7,0.0,0.0,0.0,,1,24,696
2026-06-06T12:28:30.802030,0,0.0,0.0,0.0,,1,24,695
2026-06-06T12:28:30.802030,4,0.0,0.0,0.0,,1,24,695
2026-06-06T12:28:30.802030,1,0.0,0.0,0.0,,1,24,695
2026-06-06T12:28:30.802030,5,0.0,0.0,0.0,,1,24,695
2026-06-06T12:28:30.802030,2,0.0,0.0,0.0,,1,24,696
2026-06-06T12:28:30.802030,6,0.0,0.0,0.0,,1,24,696
2026-06-06T12:28:30.802030,3,0.0,0.0,0.0,,1,24,697
2026-06-06T12:28:30.802030,7,0.0,0.0,0.0,,1,24,697
2026-06-06T12:28:30.802030,0,0.0,0.0,0.0,,1,24,696
2026-06-06T12:28:30.802030,4,0.0,0.0,0.0,,1,24,696
2026-06-06T12:28:30.852538,1,0.0,0.0,0.0,,1,24,696
2026-06-06T12:28:30.852538,5,0.0,0.0,0.0,,1,24,696
2026-06-06T12:28:30.852538,2,0.0,0.0,0.0,,1,24,697
2026-06-06T12:28:30.852538,6,0.0,0.0,0.0,,1,24,697
2026-06-06T12:28:30.852538,3,0.0,0.0,0.0,,1,24,698
2026-06-06T12:28:30.852538,7,0.0,0.0,0.0,,1,24,698
2026-06-06T12:28:30.852538,0,0.0,0.0,0.0,,1,24,697
2026-06-06T12:28:30.852538,4,0.0,0.0,0.0,,1,24,697
2026-06-06T12:28:30.852538,1,0.0,0.0,0.0,,1,24,697
2026-06-06T12:28:30.852538,5,0.0,0.0,0.0,,1,24,697
2026-06-06T12:28:30.852538,2,0.0,0.0,0.0,,1,24,698
2026-06-06T12:28:30.852538,6,0.0,0.0,0.0,,1,24,698
2026-06-06T12:28:30.904049,3,0.0,0.0,0.0,,1,24,699
2026-06-06T12:28:30.904049,7,0.0,0.0,0.0,,1,24,699
2026-06-06T12:28:30.904049,0,0.0,0.0,0.0,,1,24,698
2026-06-06T12:28:30.904049,4,0.0,0.0,0.0,,1,24,698
2026-06-06T12:28:30.904049,1,0.0,0.0,0.0,,1,24,698
2026-06-06T12:28:30.904049,5,0.0,0.0,0.0,,1,24,698
2026-06-06T12:28:30.937561,2,0.0,0.0,0.0,,1,24,699
2026-06-06T12:28:30.937561,6,0.0,0.0,0.0,,1,24,699
2026-06-06T12:28:30.937561,3,0.0,0.0,0.0,,1,24,700
2026-06-06T12:28:30.937561,7,0.0,0.0,0.0,,1,24,700
2026-06-06T12:28:30.937561,0,0.0,0.0,0.0,,1,24,699
2026-06-06T12:28:30.937561,4,0.0,0.0,0.0,,1,24,699
2026-06-06T12:28:30.989286,1,0.0,0.0,0.0,,1,24,699
2026-06-06T12:28:30.989286,5,0.0,0.0,0.0,,1,24,699
2026-06-06T12:28:30.989286,2,0.0,0.0,0.0,,1,24,700
2026-06-06T12:28:30.989286,6,0.0,0.0,0.0,,1,24,700
2026-06-06T12:28:30.989286,3,0.0,0.0,0.0,,1,24,701
2026-06-06T12:28:30.989286,7,0.0,0.0,0.0,,1,24,701
2026-06-06T12:28:30.989286,0,0.0,0.0,0.0,,1,24,700
2026-06-06T12:28:30.989286,4,0.0,0.0,0.0,,1,24,700
2026-06-06T12:28:30.989286,1,0.0,0.0,0.0,,1,24,700
2026-06-06T12:28:30.989286,5,0.0,0.0,0.0,,1,24,700
2026-06-06T12:28:30.989286,2,0.0,0.0,0.0,,1,24,701
2026-06-06T12:28:30.989286,6,0.0,0.0,0.0,,1,24,701
2026-06-06T12:28:31.039798,3,0.0,0.0,0.0,,1,24,702
2026-06-06T12:28:31.039798,7,0.0,0.0,0.0,,1,24,702
2026-06-06T12:28:31.039798,0,0.0,0.0,0.0,,1,24,701
2026-06-06T12:28:31.039798,4,0.0,0.0,0.0,,1,24,701
2026-06-06T12:28:31.039798,1,0.0,0.0,0.0,,1,24,701
2026-06-06T12:28:31.039798,5,0.0,0.0,0.0,,1,24,701
2026-06-06T12:28:31.039798,2,0.0,0.0,0.0,,1,24,702
2026-06-06T12:28:31.039798,6,0.0,0.0,0.0,,1,24,702
2026-06-06T12:28:31.039798,3,0.0,0.0,0.0,,1,24,703
2026-06-06T12:28:31.039798,7,0.0,0.0,0.0,,1,24,703
2026-06-06T12:28:31.039798,0,0.0,0.0,0.0,,1,24,702
2026-06-06T12:28:31.039798,4,0.0,0.0,0.0,,1,24,702
2026-06-06T12:28:31.090796,1,0.0,0.0,0.0,,1,24,702
2026-06-06T12:28:31.090796,5,0.0,0.0,0.0,,1,24,702
2026-06-06T12:28:31.090796,2,-0.001,0.0,0.0,,1,24,703
2026-06-06T12:28:31.090796,6,0.0,0.0,0.0,,1,24,703
2026-06-06T12:28:31.090796,3,0.0,0.0,0.0,,1,24,704
2026-06-06T12:28:31.090796,7,0.0,0.0,0.0,,1,24,704
2026-06-06T12:28:31.142307,0,0.0,0.0,0.0,,1,24,703
2026-06-06T12:28:31.142307,4,0.0,0.0,0.0,,1,24,703
2026-06-06T12:28:31.142307,1,0.0,0.0,0.0,,1,24,703
2026-06-06T12:28:31.142307,5,0.0,0.0,0.0,,1,24,703
2026-06-06T12:28:31.142307,2,-0.001,0.0,0.0,,1,24,704
2026-06-06T12:28:31.142307,6,0.0,0.0,0.0,,1,24,704
2026-06-06T12:28:31.142307,3,0.0,0.0,0.0,,1,24,705
2026-06-06T12:28:31.142307,7,-0.001,0.0,0.0,,1,24,705
2026-06-06T12:28:31.142307,0,0.0,0.0,0.0,,1,24,704
2026-06-06T12:28:31.142307,4,0.0,0.0,0.0,,1,24,704
2026-06-06T12:28:31.142307,1,0.0,0.0,0.0,,1,24,704
2026-06-06T12:28:31.142307,5,0.0,0.0,0.0,,1,24,704
2026-06-06T12:28:31.193306,2,-0.001,0.0,0.0,,1,24,705
2026-06-06T12:28:31.193306,6,0.0,0.0,0.0,,1,24,705
2026-06-06T12:28:31.193306,3,0.0,0.0,0.0,,1,24,706
2026-06-06T12:28:31.193306,7,-0.001,0.0,0.0,,1,24,706
2026-06-06T12:28:31.193306,0,0.0,0.0,0.0,,1,24,705
2026-06-06T12:28:31.193306,4,0.0,0.0,0.0,,1,24,705
2026-06-06T12:28:31.193306,1,0.0,0.0,0.0,,1,24,705
2026-06-06T12:28:31.193306,5,0.0,0.0,0.0,,1,24,705
2026-06-06T12:28:31.193306,2,-0.001,0.0,0.0,,1,24,706
2026-06-06T12:28:31.193306,6,0.0,0.0,0.0,,1,24,706
2026-06-06T12:28:31.193306,3,0.0,0.0,0.0,,1,24,707
2026-06-06T12:28:31.193306,7,0.0,0.0,0.0,,1,24,707
2026-06-06T12:28:31.243941,0,0.0,0.0,0.0,,1,24,706
2026-06-06T12:28:31.243941,4,0.0,0.0,0.0,,1,24,706
2026-06-06T12:28:31.243941,1,0.0,0.0,0.0,,1,24,706
2026-06-06T12:28:31.243941,5,0.0,0.0,0.0,,1,24,706
2026-06-06T12:28:31.243941,2,-0.001,0.0,0.0,,1,24,707
2026-06-06T12:28:31.243941,6,0.0,0.0,0.0,,1,24,707
2026-06-06T12:28:31.294940,3,0.0,0.0,0.0,,1,24,708
2026-06-06T12:28:31.294940,7,0.0,0.0,0.0,,1,24,708
2026-06-06T12:28:31.294940,0,0.0,0.0,0.0,,1,24,707
2026-06-06T12:28:31.294940,4,0.0,0.0,0.0,,1,24,707
2026-06-06T12:28:31.294940,1,0.0,0.0,0.0,,1,24,707
2026-06-06T12:28:31.294940,5,0.0,0.0,0.0,,1,24,707
2026-06-06T12:28:31.294940,2,-0.001,0.0,0.0,,1,24,708
2026-06-06T12:28:31.294940,6,0.0,0.0,0.0,,1,24,708
2026-06-06T12:28:31.294940,3,0.0,0.0,0.0,,1,24,709
2026-06-06T12:28:31.294940,7,0.0,0.0,0.0,,1,24,709
2026-06-06T12:28:31.294940,0,0.0,0.0,0.0,,1,24,708
2026-06-06T12:28:31.294940,4,0.0,0.0,0.0,,1,24,708
2026-06-06T12:28:31.345979,1,0.0,0.0,0.0,,1,24,708
2026-06-06T12:28:31.345979,5,0.0,0.0,0.0,,1,24,708
2026-06-06T12:28:31.345979,2,-0.001,0.0,0.0,,1,24,709
2026-06-06T12:28:31.345979,6,0.0,0.0,0.0,,1,24,709
2026-06-06T12:28:31.345979,3,0.0,0.0,0.0,,1,24,710
2026-06-06T12:28:31.345979,7,0.0,0.0,0.0,,1,24,710
2026-06-06T12:28:31.345979,0,0.0,0.0,0.0,,1,24,709
2026-06-06T12:28:31.345979,4,0.0,0.0,0.0,,1,24,709
2026-06-06T12:28:31.345979,1,0.0,0.0,0.0,,1,24,709
2026-06-06T12:28:31.345979,5,0.0,0.0,0.0,,1,24,709
2026-06-06T12:28:31.345979,2,-0.001,0.0,0.0,,1,24,710
2026-06-06T12:28:31.345979,6,0.001,0.0,0.0,,1,24,710
2026-06-06T12:28:31.396588,3,0.0,0.0,0.0,,1,24,711
2026-06-06T12:28:31.396588,7,0.0,0.0,0.0,,1,24,711
2026-06-06T12:28:31.396588,0,0.0,0.0,0.0,,1,24,710
2026-06-06T12:28:31.396588,4,0.0,0.0,0.0,,1,24,710
2026-06-06T12:28:31.396588,1,0.0,0.0,0.0,,1,24,710
2026-06-06T12:28:31.396588,5,0.0,0.0,0.0,,1,24,710
2026-06-06T12:28:31.431097,2,-0.001,0.0,0.0,,1,24,711
2026-06-06T12:28:31.431097,6,0.0,0.0,0.0,,1,24,711
2026-06-06T12:28:31.431097,3,0.0,0.0,0.0,,1,24,712
2026-06-06T12:28:31.431097,7,-0.001,0.0,0.0,,1,24,712
2026-06-06T12:28:31.431097,0,0.0,0.0,0.0,,1,24,711
2026-06-06T12:28:31.431097,4,0.0,0.0,0.0,,1,24,711
2026-06-06T12:28:31.482166,1,0.0,0.0,0.0,,1,24,711
2026-06-06T12:28:31.482166,5,0.0,0.0,0.0,,1,24,711
2026-06-06T12:28:31.482166,2,-0.001,0.0,0.0,,1,24,712
2026-06-06T12:28:31.482166,6,0.0,0.0,0.0,,1,24,712
2026-06-06T12:28:31.482166,3,0.0,0.0,0.0,,1,24,713
2026-06-06T12:28:31.482166,7,-0.001,0.0,0.0,,1,24,713
2026-06-06T12:28:31.482166,0,0.0,0.0,0.0,,1,24,712
2026-06-06T12:28:31.482166,4,0.0,0.0,0.0,,1,24,712
2026-06-06T12:28:31.482166,1,0.0,0.0,0.0,,1,24,712
2026-06-06T12:28:31.482166,5,0.0,0.0,0.0,,1,24,712
2026-06-06T12:28:31.482166,2,-0.001,0.0,0.0,,1,24,713
2026-06-06T12:28:31.482166,6,0.0,0.0,0.0,,1,24,713
2026-06-06T12:28:31.532682,3,0.0,0.0,0.0,,1,24,714
2026-06-06T12:28:31.532682,7,0.0,0.0,0.0,,1,24,714
2026-06-06T12:28:31.532682,0,0.0,0.0,0.0,,1,24,713
2026-06-06T12:28:31.532682,4,0.0,0.0,0.0,,1,24,713
2026-06-06T12:28:31.532682,1,0.0,0.0,0.0,,1,24,713
2026-06-06T12:28:31.532682,5,0.0,0.0,0.0,,1,24,713
2026-06-06T12:28:31.532682,2,0.0,0.0,0.0,,1,24,714
2026-06-06T12:28:31.532682,6,0.0,0.0,0.0,,1,24,714
2026-06-06T12:28:31.532682,3,0.0,0.0,0.0,,1,24,715
2026-06-06T12:28:31.532682,7,0.0,0.0,0.0,,1,24,715
2026-06-06T12:28:31.532682,0,0.0,0.0,0.0,,1,24,714
2026-06-06T12:28:31.532682,4,0.0,0.0,0.0,,1,24,714
2026-06-06T12:28:31.584244,1,0.0,0.0,0.0,,1,24,714
2026-06-06T12:28:31.584244,5,0.0,0.0,0.0,,1,24,714
2026-06-06T12:28:31.584244,2,0.0,0.0,0.0,,1,24,715
2026-06-06T12:28:31.584244,6,0.001,0.0,0.0,,1,24,715
2026-06-06T12:28:31.584244,3,0.0,0.0,0.0,,1,24,716
2026-06-06T12:28:31.584244,7,0.0,0.0,0.0,,1,24,716
2026-06-06T12:28:31.634757,0,0.0,0.0,0.0,,1,24,715
2026-06-06T12:28:31.634757,4,0.0,0.0,0.0,,1,24,715
2026-06-06T12:28:31.634757,1,0.0,0.0,0.0,,1,24,715
2026-06-06T12:28:31.634757,5,0.0,0.0,0.0,,1,24,715
2026-06-06T12:28:31.634757,2,0.0,0.0,0.0,,1,24,716
2026-06-06T12:28:31.634757,6,0.001,0.0,0.0,,1,24,716
2026-06-06T12:28:31.634757,3,0.0,0.0,0.0,,1,24,717
2026-06-06T12:28:31.634757,7,0.0,0.0,0.0,,1,24,717
2026-06-06T12:28:31.634757,0,0.0,0.0,0.0,,1,24,716
2026-06-06T12:28:31.634757,4,0.0,0.0,0.0,,1,24,716
2026-06-06T12:28:31.634757,1,0.0,0.0,0.0,,1,24,716
2026-06-06T12:28:31.634757,5,0.0,0.0,0.0,,1,24,716
