timestamp,channel,voltage_mv,strain_ue,stress_mpa,samples
2026-06-06T10:34:30.997698,0,0.02,2.0,0.42,245456
2026-06-06T10:34:30.997698,1,312.5,20000.0,4200.0,245457
2026-06-06T10:34:30.997698,2,0.09,9.0,1.89,245451
2026-06-06T10:34:30.997698,3,0.01,1.0,0.21,245450
2026-06-06T10:34:30.997698,0,0.02,2.0,0.42,245457
2026-06-06T10:34:30.997698,1,312.5,20000.0,4200.0,245458
2026-06-06T10:34:30.997698,2,0.09,9.0,1.89,245452
2026-06-06T10:34:30.997698,3,0.01,0.0,0.0,245451
2026-06-06T10:34:30.997698,0,0.02,2.0,0.42,245458
2026-06-06T10:34:30.997698,1,312.5,20000.0,4200.0,245459
2026-06-06T10:34:30.997698,2,0.09,8.0,1.68,245453
2026-06-06T10:34:30.997698,3,0.01,1.0,0.21,245452
2026-06-06T10:34:30.997698,0,0.02,2.0,0.42,245459
2026-06-06T10:34:30.997698,1,312.5,20000.0,4200.0,245460
2026-06-06T10:34:30.997698,2,0.08,8.0,1.68,245454
2026-06-06T10:34:30.997698,3,0.01,0.0,0.0,245453
2026-06-06T10:34:30.997698,0,0.02,2.0,0.42,245460
2026-06-06T10:34:30.997698,1,312.5,20000.0,4200.0,245461
2026-06-06T10:34:30.997698,2,0.08,8.0,1.68,245455
2026-06-06T10:34:30.997698,3,0.01,0.0,0.0,245454
2026-06-06T10:34:30.997698,0,0.02,2.0,0.42,245461
2026-06-06T10:34:30.997698,1,312.5,20000.0,4200.0,245462
2026-06-06T10:34:30.997698,2,0.08,8.0,1.68,245456
2026-06-06T10:34:30.997698,3,0.01,0.0,0.0,245455
2026-06-06T10:34:30.997698,0,0.02,2.0,0.42,245462
2026-06-06T10:34:30.997698,1,312.5,20000.0,4200.0,245463
2026-06-06T10:34:30.997698,2,0.08,8.0,1.68,245457
2026-06-06T10:34:30.997698,3,0.0,0.0,0.0,245456
2026-06-06T10:34:30.997698,0,0.02,2.0,0.42,245463
2026-06-06T10:34:30.997698,1,312.5,20000.0,4200.0,245464
2026-06-06T10:34:30.997698,2,0.09,8.0,1.68,245458
2026-06-06T10:34:30.997698,3,0.01,0.0,0.0,245457
2026-06-06T10:34:30.997698,0,0.02,2.0,0.42,245464
2026-06-06T10:34:30.997698,1,312.5,20000.0,4200.0,245465
2026-06-06T10:34:30.997698,2,0.09,8.0,1.68,245459
2026-06-06T10:34:30.997698,3,0.01,0.0,0.0,245458
2026-06-06T10:34:30.997698,0,0.02,1.0,0.21,245465
2026-06-06T10:34:30.997698,1,312.5,20000.0,4200.0,245466
2026-06-06T10:34:30.997698,2,0.09,9.0,1.89,245460
2026-06-06T10:34:30.997698,3,0.0,0.0,0.0,245459
2026-06-06T10:34:30.997698,0,0.02,1.0,0.21,245466
2026-06-06T10:34:30.997698,1,312.5,20000.0,4200.0,245467
2026-06-06T10:34:30.997698,2,0.09,9.0,1.89,245461
2026-06-06T10:34:30.997698,3,0.0,0.0,0.0,245460
2026-06-06T10:34:30.997698,0,0.02,1.0,0.21,245467
2026-06-06T10:34:30.997698,1,312.5,20000.0,4200.0,245468
2026-06-06T10:34:30.997698,2,0.09,9.0,1.89,245462
2026-06-06T10:34:30.997698,3,0.0,0.0,0.0,245461
2026-06-06T10:34:30.997698,0,0.02,1.0,0.21,245468
2026-06-06T10:34:30.997698,1,312.5,20000.0,4200.0,245469
2026-06-06T10:34:30.997698,2,0.09,8.0,1.68,245463
2026-06-06T10:34:30.997698,3,0.0,0.0,0.0,245462
2026-06-06T10:34:30.997698,0,0.02,1.0,0.21,245469
2026-06-06T10:34:30.997698,1,312.5,20000.0,4200.0,245470
2026-06-06T10:34:31.034703,2,0.08,8.0,1.68,245464
2026-06-06T10:34:31.034703,3,0.01,0.0,0.0,245463
2026-06-06T10:34:31.034703,0,0.02,1.0,0.21,245470
2026-06-06T10:34:31.034703,1,312.5,20000.0,4200.0,245471
2026-06-06T10:34:31.034703,2,0.08,8.0,1.68,245465
2026-06-06T10:34:31.034703,3,0.01,1.0,0.21,245464
2026-06-06T10:34:31.034703,0,0.02,2.0,0.42,245471
2026-06-06T10:34:31.034703,1,312.5,20000.0,4200.0,245472
2026-06-06T10:34:31.034703,2,0.08,8.0,1.68,245466
2026-06-06T10:34:31.034703,3,0.01,1.0,0.21,245465
2026-06-06T10:34:31.034703,0,0.02,2.0,0.42,245472
2026-06-06T10:34:31.034703,1,312.5,20000.0,4200.0,245473
2026-06-06T10:34:31.034703,2,0.08,8.0,1.68,245467
2026-06-06T10:34:31.034703,3,0.01,1.0,0.21,245466
2026-06-06T10:34:31.034703,0,0.02,2.0,0.42,245473
2026-06-06T10:34:31.034703,1,312.5,20000.0,4200.0,245474
2026-06-06T10:34:31.034703,2,0.09,8.0,1.68,245468
2026-06-06T10:34:31.034703,3,0.01,1.0,0.21,245467
2026-06-06T10:34:31.034703,0,0.02,2.0,0.42,245474
2026-06-06T10:34:31.034703,1,312.5,20000.0,4200.0,245475
2026-06-06T10:34:31.034703,2,0.09,9.0,1.89,245469
2026-06-06T10:34:31.034703,3,0.01,1.0,0.21,245468
2026-06-06T10:34:31.034703,0,0.02,1.0,0.21,245475
2026-06-06T10:34:31.034703,1,312.5,20000.0,4200.0,245476
2026-06-06T10:34:31.034703,2,0.09,9.0,1.89,245470
2026-06-06T10:34:31.034703,3,0.01,1.0,0.21,245469
2026-06-06T10:34:31.034703,0,0.02,1.0,0.21,245476
2026-06-06T10:34:31.034703,1,312.5,20000.0,4200.0,245477
2026-06-06T10:34:31.034703,2,0.09,9.0,1.89,245471
2026-06-06T10:34:31.034703,3,0.01,1.0,0.21,245470
2026-06-06T10:34:31.034703,0,0.02,1.0,0.21,245477
2026-06-06T10:34:31.034703,1,312.5,20000.0,4200.0,245478
2026-06-06T10:34:31.034703,2,0.09,8.0,1.68,245472
2026-06-06T10:34:31.034703,3,0.01,1.0,0.21,245471
2026-06-06T10:34:31.034703,0,0.02,1.0,0.21,245478
2026-06-06T10:34:31.034703,1,312.5,20000.0,4200.0,245479
2026-06-06T10:34:31.034703,2,0.09,8.0,1.68,245473
2026-06-06T10:34:31.034703,3,0.01,1.0,0.21,245472
2026-06-06T10:34:31.034703,0,0.02,2.0,0.42,245479
2026-06-06T10:34:31.034703,1,312.5,20000.0,4200.0,245480
2026-06-06T10:34:31.034703,2,0.08,8.0,1.68,245474
2026-06-06T10:34:31.034703,3,0.01,1.0,0.21,245473
2026-06-06T10:34:31.034703,0,0.02,2.0,0.42,245480
2026-06-06T10:34:31.034703,1,312.5,20000.0,4200.0,245481
2026-06-06T10:34:31.034703,2,0.08,8.0,1.68,245475
2026-06-06T10:34:31.034703,3,0.01,0.0,0.0,245474
2026-06-06T10:34:31.034703,0,0.02,2.0,0.42,245481
2026-06-06T10:34:31.034703,1,312.5,20000.0,4200.0,245482
2026-06-06T10:34:31.034703,2,0.08,8.0,1.68,245476
2026-06-06T10:34:31.034703,3,0.01,0.0,0.0,245475
2026-06-06T10:34:31.034703,0,0.02,2.0,0.42,245482
2026-06-06T10:34:31.034703,1,312.5,20000.0,4200.0,245483
2026-06-06T10:34:31.034703,2,0.08,8.0,1.68,245477
2026-06-06T10:34:31.034703,3,0.01,0.0,0.0,245476
2026-06-06T10:34:31.034703,0,0.02,2.0,0.42,245483
2026-06-06T10:34:31.034703,1,312.5,20000.0,4200.0,245484
2026-06-06T10:34:31.034703,2,0.09,8.0,1.68,245478
2026-06-06T10:34:31.034703,3,0.01,0.0,0.0,245477
2026-06-06T10:34:31.034703,0,0.02,2.0,0.42,245484
2026-06-06T10:34:31.034703,1,312.5,20000.0,4200.0,245485
2026-06-06T10:34:31.034703,2,0.09,9.0,1.89,245479
2026-06-06T10:34:31.034703,3,0.01,0.0,0.0,245478
2026-06-06T10:34:31.034703,0,0.02,1.0,0.21,245485
2026-06-06T10:34:31.034703,1,312.5,20000.0,4200.0,245486
2026-06-06T10:34:31.034703,2,0.09,9.0,1.89,245480
2026-06-06T10:34:31.034703,3,0.01,1.0,0.21,245479
2026-06-06T10:34:31.034703,0,0.02,1.0,0.21,245486
2026-06-06T10:34:31.034703,1,312.5,20000.0,4200.0,245487
2026-06-06T10:34:31.034703,2,0.09,9.0,1.89,245481
2026-06-06T10:34:31.034703,3,0.01,1.0,0.21,245480
2026-06-06T10:34:31.034703,0,0.02,2.0,0.42,245487
2026-06-06T10:34:31.034703,1,312.5,20000.0,4200.0,245488
2026-06-06T10:34:31.034703,2,0.09,8.0,1.68,245482
2026-06-06T10:34:31.034703,3,0.01,1.0,0.21,245481
2026-06-06T10:34:31.034703,0,0.02,2.0,0.42,245488
2026-06-06T10:34:31.034703,1,312.5,20000.0,4200.0,245489
2026-06-06T10:34:31.034703,2,0.09,8.0,1.68,245483
2026-06-06T10:34:31.034703,3,0.01,1.0,0.21,245482
2026-06-06T10:34:31.034703,0,0.02,2.0,0.42,245489
2026-06-06T10:34:31.034703,1,312.5,20000.0,4200.0,245490
2026-06-06T10:34:31.034703,2,0.08,8.0,1.68,245484
2026-06-06T10:34:31.034703,3,0.01,1.0,0.21,245483
2026-06-06T10:34:31.034703,0,0.02,2.0,0.42,245490
2026-06-06T10:34:31.034703,1,312.5,20000.0,4200.0,245491
2026-06-06T10:34:31.034703,2,0.08,8.0,1.68,245485
2026-06-06T10:34:31.034703,3,0.01,1.0,0.21,245484
2026-06-06T10:34:31.034703,0,0.02,2.0,0.42,245491
2026-06-06T10:34:31.034703,1,312.5,20000.0,4200.0,245492
2026-06-06T10:34:31.034703,2,0.08,8.0,1.68,245486
2026-06-06T10:34:31.034703,3,0.01,1.0,0.21,245485
2026-06-06T10:34:31.034703,0,0.02,2.0,0.42,245492
2026-06-06T10:34:31.034703,1,312.5,20000.0,4200.0,245493
2026-06-06T10:34:31.034703,2,0.08,8.0,1.68,245487
2026-06-06T10:34:31.034703,3,0.01,1.0,0.21,245486
2026-06-06T10:34:31.034703,0,0.02,2.0,0.42,245493
2026-06-06T10:34:31.034703,1,312.5,20000.0,4200.0,245494
2026-06-06T10:34:31.034703,2,0.09,8.0,1.68,245488
2026-06-06T10:34:31.034703,3,0.01,1.0,0.21,245487
2026-06-06T10:34:31.034703,0,0.02,2.0,0.42,245494
2026-06-06T10:34:31.034703,1,312.5,20000.0,4200.0,245495
2026-06-06T10:34:31.034703,2,0.09,9.0,1.89,245489
2026-06-06T10:34:31.034703,3,0.01,1.0,0.21,245488
2026-06-06T10:34:31.034703,0,0.02,2.0,0.42,245495
2026-06-06T10:34:31.034703,1,312.5,20000.0,4200.0,245496
2026-06-06T10:34:31.034703,2,0.09,9.0,1.89,245490
2026-06-06T10:34:31.034703,3,0.01,1.0,0.21,245489
2026-06-06T10:34:31.034703,0,0.02,2.0,0.42,245496
2026-06-06T10:34:31.034703,1,312.5,20000.0,4200.0,245497
2026-06-06T10:34:31.034703,2,0.09,9.0,1.89,245491
2026-06-06T10:34:31.034703,3,0.01,1.0,0.21,245490
2026-06-06T10:34:31.034703,0,0.02,2.0,0.42,245497
2026-06-06T10:34:31.034703,1,312.5,20000.0,4200.0,245498
2026-06-06T10:34:31.034703,2,0.09,8.0,1.68,245492
2026-06-06T10:34:31.034703,3,0.01,1.0,0.21,245491
2026-06-06T10:34:31.034703,0,0.02,2.0,0.42,245498
2026-06-06T10:34:31.034703,1,312.5,20000.0,4200.0,245499
2026-06-06T10:34:31.034703,2,0.08,8.0,1.68,245493
2026-06-06T10:34:31.034703,3,0.01,1.0,0.21,245492
2026-06-06T10:34:31.034703,0,0.02,1.0,0.21,245499
2026-06-06T10:34:31.034703,1,312.5,20000.0,4200.0,245500
2026-06-06T10:34:31.034703,2,0.08,8.0,1.68,245494
2026-06-06T10:34:31.036208,3,0.01,1.0,0.21,245493
2026-06-06T10:34:31.036208,0,0.02,1.0,0.21,245500
2026-06-06T10:34:31.036208,1,312.5,20000.0,4200.0,245501
2026-06-06T10:34:31.036208,2,0.08,8.0,1.68,245495
2026-06-06T10:34:31.036208,3,0.01,1.0,0.21,245494
2026-06-06T10:34:31.036208,0,0.02,2.0,0.42,245501
2026-06-06T10:34:31.036208,1,312.5,20000.0,4200.0,245502
2026-06-06T10:34:31.036208,2,0.08,8.0,1.68,245496
2026-06-06T10:34:31.036208,3,0.01,1.0,0.21,245495
2026-06-06T10:34:31.036208,0,0.02,2.0,0.42,245502
2026-06-06T10:34:31.036208,1,312.5,20000.0,4200.0,245503
2026-06-06T10:34:31.036208,2,0.09,8.0,1.68,245497
2026-06-06T10:34:31.036208,3,0.01,1.0,0.21,245496
2026-06-06T10:34:31.036208,0,0.02,2.0,0.42,245503
2026-06-06T10:34:31.036208,1,312.5,20000.0,4200.0,245504
2026-06-06T10:34:31.036208,2,0.09,8.0,1.68,245498
2026-06-06T10:34:31.036208,3,0.01,1.0,0.21,245497
2026-06-06T10:34:31.036208,0,0.02,2.0,0.42,245504
2026-06-06T10:34:31.036208,1,312.5,20000.0,4200.0,245505
2026-06-06T10:34:31.036208,2,0.09,9.0,1.89,245499
2026-06-06T10:34:31.036208,3,0.01,1.0,0.21,245498
2026-06-06T10:34:31.036208,0,0.02,2.0,0.42,245505
2026-06-06T10:34:31.036208,1,312.5,20000.0,4200.0,245506
2026-06-06T10:34:31.036208,2,0.09,9.0,1.89,245500
2026-06-06T10:34:31.036208,3,0.01,1.0,0.21,245499
2026-06-06T10:34:31.036208,0,0.02,2.0,0.42,245506
2026-06-06T10:34:31.036208,1,312.5,20000.0,4200.0,245507
2026-06-06T10:34:31.036208,2,0.09,9.0,1.89,245501
2026-06-06T10:34:31.036208,3,0.01,1.0,0.21,245500
2026-06-06T10:34:31.036208,0,0.02,2.0,0.42,245507
2026-06-06T10:34:31.036208,1,312.5,20000.0,4200.0,245508
2026-06-06T10:34:31.036208,2,0.09,8.0,1.68,245502
2026-06-06T10:34:31.036208,3,0.01,1.0,0.21,245501
2026-06-06T10:34:31.036208,0,0.02,2.0,0.42,245508
2026-06-06T10:34:31.036208,1,312.5,20000.0,4200.0,245509
2026-06-06T10:34:31.036208,2,0.08,8.0,1.68,245503
2026-06-06T10:34:31.036208,3,0.01,1.0,0.21,245502
2026-06-06T10:34:31.036208,0,0.02,2.0,0.42,245509
2026-06-06T10:34:31.036208,1,312.5,20000.0,4200.0,245510
2026-06-06T10:34:31.036208,2,0.08,8.0,1.68,245504
2026-06-06T10:34:31.036208,3,0.01,1.0,0.21,245503
2026-06-06T10:34:31.036208,0,0.02,2.0,0.42,245510
2026-06-06T10:34:31.036208,1,312.5,20000.0,4200.0,245511
2026-06-06T10:34:31.036208,2,0.08,8.0,1.68,245505
2026-06-06T10:34:31.036208,3,0.01,1.0,0.21,245504
2026-06-06T10:34:31.036208,0,0.02,2.0,0.42,245511
2026-06-06T10:34:31.036208,1,312.5,20000.0,4200.0,245512
2026-06-06T10:34:31.036208,2,0.08,8.0,1.68,245506
2026-06-06T10:34:31.036208,3,0.01,1.0,0.21,245505
2026-06-06T10:34:31.036208,0,0.02,2.0,0.42,245512
2026-06-06T10:34:31.036208,1,312.5,20000.0,4200.0,245513
2026-06-06T10:34:31.036208,2,0.09,8.0,1.68,245507
2026-06-06T10:34:31.036208,3,0.01,1.0,0.21,245506
2026-06-06T10:34:31.036208,0,0.02,2.0,0.42,245513
2026-06-06T10:34:31.036208,1,312.5,20000.0,4200.0,245514
2026-06-06T10:34:31.036208,2,0.09,8.0,1.68,245508
2026-06-06T10:34:31.036208,3,0.01,1.0,0.21,245507
2026-06-06T10:34:31.036208,0,0.02,2.0,0.42,245514
2026-06-06T10:34:31.036208,1,312.5,20000.0,4200.0,245515
2026-06-06T10:34:31.036208,2,0.09,9.0,1.89,245509
2026-06-06T10:34:31.036208,3,0.01,1.0,0.21,245508
2026-06-06T10:34:31.036208,0,0.02,2.0,0.42,245515
2026-06-06T10:34:31.036208,1,312.5,20000.0,4200.0,245516
2026-06-06T10:34:31.036208,2,0.09,9.0,1.89,245510
2026-06-06T10:34:31.036208,3,0.01,1.0,0.21,245509
2026-06-06T10:34:31.036208,0,0.02,2.0,0.42,245516
2026-06-06T10:34:31.036208,1,312.5,20000.0,4200.0,245517
2026-06-06T10:34:31.036208,2,0.09,8.0,1.68,245511
2026-06-06T10:34:31.036208,3,0.01,1.0,0.21,245510
2026-06-06T10:34:31.036208,0,0.02,2.0,0.42,245517
2026-06-06T10:34:31.036208,1,312.5,20000.0,4200.0,245518
2026-06-06T10:34:31.036208,2,0.09,8.0,1.68,245512
2026-06-06T10:34:31.036208,3,0.01,1.0,0.21,245511
2026-06-06T10:34:31.036208,0,0.02,2.0,0.42,245518
2026-06-06T10:34:31.036208,1,312.5,20000.0,4200.0,245519
2026-06-06T10:34:31.036208,2,0.08,8.0,1.68,245513
2026-06-06T10:34:31.036208,3,0.01,1.0,0.21,245512
2026-06-06T10:34:31.036208,0,0.02,2.0,0.42,245519
2026-06-06T10:34:31.036208,1,312.5,20000.0,4200.0,245520
2026-06-06T10:34:31.036208,2,0.08,8.0,1.68,245514
2026-06-06T10:34:31.036208,3,0.01,1.0,0.21,245513
2026-06-06T10:34:31.036208,0,0.02,2.0,0.42,245520
2026-06-06T10:34:31.036208,1,312.5,20000.0,4200.0,245521
2026-06-06T10:34:31.036208,2,0.08,8.0,1.68,245515
2026-06-06T10:34:31.036208,3,0.01,1.0,0.21,245514
2026-06-06T10:34:31.036208,0,0.02,2.0,0.42,245521
2026-06-06T10:34:31.036208,1,312.5,20000.0,4200.0,245522
2026-06-06T10:34:31.036208,2,0.08,8.0,1.68,245516
2026-06-06T10:34:31.036208,3,0.01,1.0,0.21,245515
2026-06-06T10:34:31.036208,0,0.02,2.0,0.42,245522
2026-06-06T10:34:31.036208,1,312.5,20000.0,4200.0,245523
2026-06-06T10:34:31.036208,2,0.09,8.0,1.68,245517
2026-06-06T10:34:31.036208,3,0.01,1.0,0.21,245516
2026-06-06T10:34:31.036208,0,0.02,2.0,0.42,245523
2026-06-06T10:34:31.036208,1,312.5,20000.0,4200.0,245524
2026-06-06T10:34:31.036208,2,0.09,9.0,1.89,245518
2026-06-06T10:34:31.036208,3,0.01,1.0,0.21,245517
2026-06-06T10:34:31.036208,0,0.02,2.0,0.42,245524
2026-06-06T10:34:31.036208,1,312.5,20000.0,4200.0,245525
2026-06-06T10:34:31.036208,2,0.09,9.0,1.89,245519
2026-06-06T10:34:31.036208,3,0.01,1.0,0.21,245518
2026-06-06T10:34:31.036208,0,0.02,2.0,0.42,245525
2026-06-06T10:34:31.036208,1,312.5,20000.0,4200.0,245526
2026-06-06T10:34:31.036208,2,0.09,9.0,1.89,245520
2026-06-06T10:34:31.036208,3,0.01,1.0,0.21,245519
2026-06-06T10:34:31.036208,0,0.02,1.0,0.21,245526
2026-06-06T10:34:31.036208,1,312.5,20000.0,4200.0,245527
2026-06-06T10:34:31.036208,2,0.09,8.0,1.68,245521
2026-06-06T10:34:31.036208,3,0.01,1.0,0.21,245520
2026-06-06T10:34:31.036208,0,0.02,1.0,0.21,245527
2026-06-06T10:34:31.036208,1,312.5,20000.0,4200.0,245528
2026-06-06T10:34:31.036208,2,0.09,8.0,1.68,245522
2026-06-06T10:34:31.036208,3,0.01,1.0,0.21,245521
2026-06-06T10:34:31.036208,0,0.02,1.0,0.21,245528
2026-06-06T10:34:31.036208,1,312.5,20000.0,4200.0,245529
2026-06-06T10:34:31.036208,2,0.08,8.0,1.68,245523
2026-06-06T10:34:31.036208,3,0.01,1.0,0.21,245522
2026-06-06T10:34:31.036208,0,0.02,1.0,0.21,245529
2026-06-06T10:34:31.036208,1,312.5,20000.0,4200.0,245530
2026-06-06T10:34:31.036208,2,0.08,8.0,1.68,245524
2026-06-06T10:34:31.036208,3,0.01,1.0,0.21,245523
2026-06-06T10:34:31.036208,0,0.02,1.0,0.21,245530
2026-06-06T10:34:31.036208,1,312.5,20000.0,4200.0,245531
2026-06-06T10:34:31.036208,2,0.08,8.0,1.68,245525
2026-06-06T10:34:31.036208,3,0.01,1.0,0.21,245524
2026-06-06T10:34:31.036208,0,0.02,1.0,0.21,245531
2026-06-06T10:34:31.036208,1,312.5,20000.0,4200.0,245532
2026-06-06T10:34:31.036208,2,0.08,8.0,1.68,245526
2026-06-06T10:34:31.036208,3,0.01,1.0,0.21,245525
2026-06-06T10:34:31.036208,0,0.02,1.0,0.21,245532
2026-06-06T10:34:31.036208,1,312.5,20000.0,4200.0,245533
2026-06-06T10:34:31.036208,2,0.09,8.0,1.68,245527
2026-06-06T10:34:31.036208,3,0.01,1.0,0.21,245526
2026-06-06T10:34:31.036208,0,0.02,1.0,0.21,245533
2026-06-06T10:34:31.036208,1,312.5,20000.0,4200.0,245534
2026-06-06T10:34:31.036208,2,0.09,9.0,1.89,245528
2026-06-06T10:34:31.036208,3,0.01,1.0,0.21,245527
2026-06-06T10:34:31.036208,0,0.02,1.0,0.21,245534
2026-06-06T10:34:31.036208,1,312.5,20000.0,4200.0,245535
2026-06-06T10:34:31.036208,2,0.09,9.0,1.89,245529
2026-06-06T10:34:31.036208,3,0.01,1.0,0.21,245528
2026-06-06T10:34:31.036208,0,0.02,1.0,0.21,245535
2026-06-06T10:34:31.036208,1,312.5,20000.0,4200.0,245536
2026-06-06T10:34:31.036208,2,0.09,9.0,1.89,245530
2026-06-06T10:34:31.036208,3,0.01,1.0,0.21,245529
2026-06-06T10:34:31.036208,0,0.02,2.0,0.42,245536
2026-06-06T10:34:31.036208,1,312.5,20000.0,4200.0,245537
2026-06-06T10:34:31.036208,2,0.09,8.0,1.68,245531
2026-06-06T10:34:31.036208,3,0.01,1.0,0.21,245530
2026-06-06T10:34:31.036208,0,0.02,2.0,0.42,245537
2026-06-06T10:34:31.036208,1,312.5,20000.0,4200.0,245538
2026-06-06T10:34:31.036208,2,0.09,8.0,1.68,245532
2026-06-06T10:34:31.036208,3,0.01,1.0,0.21,245531
2026-06-06T10:34:31.036208,0,0.02,2.0,0.42,245538
2026-06-06T10:34:31.036208,1,312.5,20000.0,4200.0,245539
2026-06-06T10:34:31.036208,2,0.08,8.0,1.68,245533
2026-06-06T10:34:31.036208,3,0.01,1.0,0.21,245532
2026-06-06T10:34:31.036208,0,0.02,2.0,0.42,245539
2026-06-06T10:34:31.036208,1,312.5,20000.0,4200.0,245540
2026-06-06T10:34:31.036208,2,0.08,8.0,1.68,245534
2026-06-06T10:34:31.036208,3,0.01,1.0,0.21,245533
2026-06-06T10:34:31.036208,0,0.02,2.0,0.42,245540
2026-06-06T10:34:31.036208,1,312.5,20000.0,4200.0,245541
2026-06-06T10:34:31.036208,2,0.08,8.0,1.68,245535
2026-06-06T10:34:31.036208,3,0.01,1.0,0.21,245534
2026-06-06T10:34:31.036208,0,0.02,2.0,0.42,245541
2026-06-06T10:34:31.036208,1,312.5,20000.0,4200.0,245542
2026-06-06T10:34:31.036208,2,0.08,8.0,1.68,245536
2026-06-06T10:34:31.036208,3,0.01,1.0,0.21,245535
2026-06-06T10:34:31.036208,0,0.02,2.0,0.42,245542
2026-06-06T10:34:31.036208,1,312.5,20000.0,4200.0,245543
2026-06-06T10:34:31.036208,2,0.09,8.0,1.68,245537
2026-06-06T10:34:31.036208,3,0.01,1.0,0.21,245536
2026-06-06T10:34:31.036208,0,0.02,2.0,0.42,245543
2026-06-06T10:34:31.036208,1,312.5,20000.0,4200.0,245544
2026-06-06T10:34:31.036208,2,0.09,9.0,1.89,245538
2026-06-06T10:34:31.036208,3,0.01,1.0,0.21,245537
2026-06-06T10:34:31.036208,0,0.02,2.0,0.42,245544
2026-06-06T10:34:31.036208,1,312.5,20000.0,4200.0,245545
2026-06-06T10:34:31.036208,2,0.09,9.0,1.89,245539
2026-06-06T10:34:31.036208,3,0.01,1.0,0.21,245538
2026-06-06T10:34:31.036208,0,0.02,1.0,0.21,245545
2026-06-06T10:34:31.036208,1,312.5,20000.0,4200.0,245546
2026-06-06T10:34:31.036208,2,0.09,9.0,1.89,245540
2026-06-06T10:34:31.036208,3,0.01,1.0,0.21,245539
2026-06-06T10:34:31.036208,0,0.02,1.0,0.21,245546
2026-06-06T10:34:31.036208,1,312.5,20000.0,4200.0,245547
2026-06-06T10:34:31.036208,2,0.09,8.0,1.68,245541
2026-06-06T10:34:31.036208,3,0.01,1.0,0.21,245540
2026-06-06T10:34:31.036208,0,0.02,1.0,0.21,245547
2026-06-06T10:34:31.036208,1,312.5,20000.0,4200.0,245548
2026-06-06T10:34:31.036208,2,0.08,8.0,1.68,245542
2026-06-06T10:34:31.036208,3,0.01,1.0,0.21,245541
2026-06-06T10:34:31.036208,0,0.02,1.0,0.21,245548
2026-06-06T10:34:31.036208,1,312.5,20000.0,4200.0,245549
2026-06-06T10:34:31.036208,2,0.08,8.0,1.68,245543
2026-06-06T10:34:31.036208,3,0.01,1.0,0.21,245542
2026-06-06T10:34:31.036208,0,0.02,1.0,0.21,245549
2026-06-06T10:34:31.036208,1,312.5,20000.0,4200.0,245550
2026-06-06T10:34:31.036208,2,0.08,8.0,1.68,245544
2026-06-06T10:34:31.036208,3,0.01,1.0,0.21,245543
2026-06-06T10:34:31.036208,0,0.02,2.0,0.42,245550
2026-06-06T10:34:31.036208,1,312.5,20000.0,4200.0,245551
2026-06-06T10:34:31.036208,2,0.08,8.0,1.68,245545
2026-06-06T10:34:31.036208,3,0.01,1.0,0.21,245544
2026-06-06T10:34:31.036208,0,0.02,1.0,0.21,245551
2026-06-06T10:34:31.036208,1,312.5,20000.0,4200.0,245552
2026-06-06T10:34:31.036208,2,0.09,8.0,1.68,245546
2026-06-06T10:34:31.036208,3,0.01,1.0,0.21,245545
2026-06-06T10:34:31.036208,0,0.02,2.0,0.42,245552
2026-06-06T10:34:31.036208,1,312.5,20000.0,4200.0,245553
2026-06-06T10:34:31.036208,2,0.09,8.0,1.68,245547
2026-06-06T10:34:31.036208,3,0.01,1.0,0.21,245546
2026-06-06T10:34:31.036208,0,0.02,2.0,0.42,245553
2026-06-06T10:34:31.036208,1,312.5,20000.0,4200.0,245554
2026-06-06T10:34:31.036208,2,0.09,9.0,1.89,245548
2026-06-06T10:34:31.036208,3,0.01,1.0,0.21,245547
2026-06-06T10:34:31.036208,0,0.02,2.0,0.42,245554
2026-06-06T10:34:31.036208,1,312.5,20000.0,4200.0,245555
2026-06-06T10:34:31.036208,2,0.09,9.0,1.89,245549
2026-06-06T10:34:31.036208,3,0.01,1.0,0.21,245548
2026-06-06T10:34:31.036208,0,0.02,2.0,0.42,245555
2026-06-06T10:34:31.036208,1,312.5,20000.0,4200.0,245556
2026-06-06T10:34:31.036208,2,0.09,9.0,1.89,245550
2026-06-06T10:34:31.036208,3,0.01,1.0,0.21,245549
2026-06-06T10:34:31.036208,0,0.02,2.0,0.42,245556
2026-06-06T10:34:31.036208,1,312.5,20000.0,4200.0,245557
2026-06-06T10:34:31.036208,2,0.09,8.0,1.68,245551
2026-06-06T10:34:31.036208,3,0.01,1.0,0.21,245550
2026-06-06T10:34:31.036208,0,0.02,2.0,0.42,245557
2026-06-06T10:34:31.068213,1,312.5,20000.0,4200.0,245558
2026-06-06T10:34:31.068213,2,0.08,8.0,1.68,245552
2026-06-06T10:34:31.068213,3,0.01,1.0,0.21,245551
2026-06-06T10:34:31.068213,0,0.02,2.0,0.42,245558
2026-06-06T10:34:31.068213,1,312.5,20000.0,4200.0,245559
2026-06-06T10:34:31.068213,2,0.08,8.0,1.68,245553
2026-06-06T10:34:31.068213,3,0.01,1.0,0.21,245552
2026-06-06T10:34:31.068213,0,0.02,2.0,0.42,245559
2026-06-06T10:34:31.068213,1,312.5,20000.0,4200.0,245560
2026-06-06T10:34:31.106214,2,0.08,8.0,1.68,245554
2026-06-06T10:34:31.106214,3,0.01,1.0,0.21,245553
2026-06-06T10:34:31.106214,0,0.02,2.0,0.42,245560
2026-06-06T10:34:31.106214,1,312.5,20000.0,4200.0,245561
2026-06-06T10:34:31.106214,2,0.08,8.0,1.68,245555
2026-06-06T10:34:31.106214,3,0.01,1.0,0.21,245554
2026-06-06T10:34:31.106214,0,0.02,2.0,0.42,245561
2026-06-06T10:34:31.106214,1,312.5,20000.0,4200.0,245562
2026-06-06T10:34:31.106214,2,0.09,8.0,1.68,245556
2026-06-06T10:34:31.142727,3,0.01,1.0,0.21,245555
2026-06-06T10:34:31.142727,0,0.02,2.0,0.42,245562
2026-06-06T10:34:31.142727,1,312.5,20000.0,4200.0,245563
2026-06-06T10:34:31.142727,2,0.09,8.0,1.68,245557
2026-06-06T10:34:31.142727,3,0.01,1.0,0.21,245556
2026-06-06T10:34:31.142727,0,0.02,2.0,0.42,245563
2026-06-06T10:34:31.142727,1,312.5,20000.0,4200.0,245564
2026-06-06T10:34:31.142727,2,0.09,9.0,1.89,245558
2026-06-06T10:34:31.142727,3,0.01,1.0,0.21,245557
2026-06-06T10:34:31.191236,0,0.02,2.0,0.42,245564
2026-06-06T10:34:31.191236,1,312.5,20000.0,4200.0,245565
2026-06-06T10:34:31.191236,2,0.09,9.0,1.89,245559
2026-06-06T10:34:31.191236,3,0.01,1.0,0.21,245558
2026-06-06T10:34:31.191236,0,0.02,1.0,0.21,245565
2026-06-06T10:34:31.191236,1,312.5,20000.0,4200.0,245566
2026-06-06T10:34:31.191236,2,0.09,9.0,1.89,245560
2026-06-06T10:34:31.191236,3,0.01,1.0,0.21,245559
2026-06-06T10:34:31.191236,0,0.02,1.0,0.21,245566
2026-06-06T10:34:31.191236,1,312.5,20000.0,4200.0,245567
2026-06-06T10:34:31.191236,2,0.09,8.0,1.68,245561
2026-06-06T10:34:31.191236,3,0.01,1.0,0.21,245560
2026-06-06T10:34:31.191236,0,0.02,1.0,0.21,245567
2026-06-06T10:34:31.191236,1,312.5,20000.0,4200.0,245568
2026-06-06T10:34:31.191236,2,0.08,8.0,1.68,245562
2026-06-06T10:34:31.191236,3,0.01,1.0,0.21,245561
2026-06-06T10:34:31.191236,0,0.02,1.0,0.21,245568
2026-06-06T10:34:31.191236,1,312.5,20000.0,4200.0,245569
2026-06-06T10:34:31.191236,2,0.08,8.0,1.68,245563
2026-06-06T10:34:31.191236,3,0.01,1.0,0.21,245562
2026-06-06T10:34:31.191236,0,0.02,2.0,0.42,245569
2026-06-06T10:34:31.191236,1,312.5,20000.0,4200.0,245570
2026-06-06T10:34:31.191236,2,0.08,8.0,1.68,245564
2026-06-06T10:34:31.191236,3,0.01,1.0,0.21,245563
2026-06-06T10:34:31.191236,0,0.02,2.0,0.42,245570
2026-06-06T10:34:31.191236,1,312.5,20000.0,4200.0,245571
2026-06-06T10:34:31.191236,2,0.08,8.0,1.68,245565
2026-06-06T10:34:31.191236,3,0.01,1.0,0.21,245564
2026-06-06T10:34:31.191236,0,0.02,2.0,0.42,245571
2026-06-06T10:34:31.191236,1,312.5,20000.0,4200.0,245572
2026-06-06T10:34:31.191236,2,0.09,8.0,1.68,245566
2026-06-06T10:34:31.191236,3,0.01,1.0,0.21,245565
2026-06-06T10:34:31.191236,0,0.02,2.0,0.42,245572
2026-06-06T10:34:31.191236,1,312.5,20000.0,4200.0,245573
2026-06-06T10:34:31.191236,2,0.09,8.0,1.68,245567
2026-06-06T10:34:31.191236,3,0.01,1.0,0.21,245566
2026-06-06T10:34:31.230490,0,0.02,2.0,0.42,245573
2026-06-06T10:34:31.230490,1,312.5,20000.0,4200.0,245574
2026-06-06T10:34:31.230490,2,0.09,9.0,1.89,245568
2026-06-06T10:34:31.230490,3,0.01,1.0,0.21,245567
2026-06-06T10:34:31.230490,0,0.02,2.0,0.42,245574
2026-06-06T10:34:31.230490,1,312.5,20000.0,4200.0,245575
2026-06-06T10:34:31.230490,2,0.09,9.0,1.89,245569
2026-06-06T10:34:31.230490,3,0.01,1.0,0.21,245568
2026-06-06T10:34:31.230490,0,0.02,2.0,0.42,245575
2026-06-06T10:34:31.230490,1,312.5,20000.0,4200.0,245576
2026-06-06T10:34:31.230490,2,0.09,8.0,1.68,245570
2026-06-06T10:34:31.230490,3,0.01,1.0,0.21,245569
2026-06-06T10:34:31.230490,0,0.02,2.0,0.42,245576
2026-06-06T10:34:31.230490,1,312.5,20000.0,4200.0,245577
2026-06-06T10:34:31.230490,2,0.09,8.0,1.68,245571
2026-06-06T10:34:31.230490,3,0.01,1.0,0.21,245570
2026-06-06T10:34:31.230490,0,0.02,2.0,0.42,245577
2026-06-06T10:34:31.230490,1,312.5,20000.0,4200.0,245578
2026-06-06T10:34:31.265518,2,0.08,8.0,1.68,245572
2026-06-06T10:34:31.265518,3,0.01,1.0,0.21,245571
2026-06-06T10:34:31.265518,0,0.02,2.0,0.42,245578
2026-06-06T10:34:31.265518,1,312.5,20000.0,4200.0,245579
2026-06-06T10:34:31.265518,2,0.08,8.0,1.68,245573
2026-06-06T10:34:31.265518,3,0.01,1.0,0.21,245572
2026-06-06T10:34:31.265518,0,0.02,2.0,0.42,245579
2026-06-06T10:34:31.265518,1,312.5,20000.0,4200.0,245580
2026-06-06T10:34:31.265518,2,0.08,8.0,1.68,245574
2026-06-06T10:34:31.310824,3,0.01,1.0,0.21,245573
2026-06-06T10:34:31.310824,0,0.02,2.0,0.42,245580
2026-06-06T10:34:31.310824,1,312.5,20000.0,4200.0,245581
2026-06-06T10:34:31.310824,2,0.08,8.0,1.68,245575
2026-06-06T10:34:31.310824,3,0.01,1.0,0.21,245574
2026-06-06T10:34:31.310824,0,0.02,2.0,0.42,245581
2026-06-06T10:34:31.310824,1,312.5,20000.0,4200.0,245582
2026-06-06T10:34:31.310824,2,0.09,8.0,1.68,245576
2026-06-06T10:34:31.310824,3,0.01,1.0,0.21,245575
2026-06-06T10:34:31.310824,0,0.02,2.0,0.42,245582
2026-06-06T10:34:31.310824,1,312.5,20000.0,4200.0,245583
2026-06-06T10:34:31.310824,2,0.09,8.0,1.68,245577
2026-06-06T10:34:31.310824,3,0.01,1.0,0.21,245576
2026-06-06T10:34:31.310824,0,0.02,2.0,0.42,245583
2026-06-06T10:34:31.310824,1,312.5,20000.0,4200.0,245584
2026-06-06T10:34:31.310824,2,0.09,9.0,1.89,245578
2026-06-06T10:34:31.310824,3,0.01,1.0,0.21,245577
2026-06-06T10:34:31.310824,0,0.02,2.0,0.42,245584
2026-06-06T10:34:31.361243,1,312.5,20000.0,4200.0,245585
2026-06-06T10:34:31.361243,2,0.09,9.0,1.89,245579
2026-06-06T10:34:31.361243,3,0.01,1.0,0.21,245578
2026-06-06T10:34:31.361243,0,0.02,2.0,0.42,245585
2026-06-06T10:34:31.361243,1,312.5,20000.0,4200.0,245586
2026-06-06T10:34:31.361243,2,0.09,8.0,1.68,245580
2026-06-06T10:34:31.361243,3,0.01,1.0,0.21,245579
2026-06-06T10:34:31.361243,0,0.02,2.0,0.42,245586
2026-06-06T10:34:31.361243,1,312.5,20000.0,4200.0,245587
2026-06-06T10:34:31.361243,2,0.09,8.0,1.68,245581
2026-06-06T10:34:31.361243,3,0.01,1.0,0.21,245580
2026-06-06T10:34:31.361243,0,0.02,2.0,0.42,245587
2026-06-06T10:34:31.361243,1,312.5,20000.0,4200.0,245588
2026-06-06T10:34:31.361243,2,0.08,8.0,1.68,245582
2026-06-06T10:34:31.361243,3,0.01,1.0,0.21,245581
2026-06-06T10:34:31.361243,0,0.02,2.0,0.42,245588
2026-06-06T10:34:31.361243,1,312.5,20000.0,4200.0,245589
2026-06-06T10:34:31.361243,2,0.08,8.0,1.68,245583
2026-06-06T10:34:31.361243,3,0.01,1.0,0.21,245582
2026-06-06T10:34:31.361243,0,0.02,2.0,0.42,245589
2026-06-06T10:34:31.361243,1,312.5,20000.0,4200.0,245590
2026-06-06T10:34:31.361243,2,0.08,8.0,1.68,245584
2026-06-06T10:34:31.361243,3,0.01,1.0,0.21,245583
2026-06-06T10:34:31.361243,0,0.02,2.0,0.42,245590
2026-06-06T10:34:31.361243,1,312.5,20000.0,4200.0,245591
2026-06-06T10:34:31.361243,2,0.08,8.0,1.68,245585
2026-06-06T10:34:31.361243,3,0.01,1.0,0.21,245584
2026-06-06T10:34:31.361243,0,0.02,2.0,0.42,245591
2026-06-06T10:34:31.361243,1,312.5,20000.0,4200.0,245592
2026-06-06T10:34:31.361243,2,0.09,8.0,1.68,245586
2026-06-06T10:34:31.361243,3,0.01,1.0,0.21,245585
2026-06-06T10:34:31.361243,0,0.02,2.0,0.42,245592
2026-06-06T10:34:31.361243,1,312.5,20000.0,4200.0,245593
2026-06-06T10:34:31.361243,2,0.09,9.0,1.89,245587
2026-06-06T10:34:31.361243,3,0.01,1.0,0.21,245586
2026-06-06T10:34:31.361243,0,0.02,2.0,0.42,245593
2026-06-06T10:34:31.361243,1,312.5,20000.0,4200.0,245594
2026-06-06T10:34:31.361243,2,0.09,9.0,1.89,245588
2026-06-06T10:34:31.361243,3,0.01,1.0,0.21,245587
2026-06-06T10:34:31.361243,0,0.02,2.0,0.42,245594
2026-06-06T10:34:31.361243,1,312.5,20000.0,4200.0,245595
2026-06-06T10:34:31.361243,2,0.09,9.0,1.89,245589
2026-06-06T10:34:31.361243,3,0.01,1.0,0.21,245588
2026-06-06T10:34:31.361243,0,0.02,2.0,0.42,245595
2026-06-06T10:34:31.361243,1,312.5,20000.0,4200.0,245596
2026-06-06T10:34:31.412242,2,0.09,8.0,1.68,245590
2026-06-06T10:34:31.412242,3,0.01,1.0,0.21,245589
2026-06-06T10:34:31.412242,0,0.02,1.0,0.21,245596
2026-06-06T10:34:31.412242,1,312.5,20000.0,4200.0,245597
2026-06-06T10:34:31.412242,2,0.09,8.0,1.68,245591
2026-06-06T10:34:31.412242,3,0.01,1.0,0.21,245590
2026-06-06T10:34:31.412242,0,0.02,2.0,0.42,245597
2026-06-06T10:34:31.412242,1,312.5,20000.0,4200.0,245598
2026-06-06T10:34:31.412242,2,0.08,8.0,1.68,245592
2026-06-06T10:34:31.412242,3,0.01,1.0,0.21,245591
2026-06-06T10:34:31.412242,0,0.02,1.0,0.21,245598
2026-06-06T10:34:31.412242,1,312.5,20000.0,4200.0,245599
2026-06-06T10:34:31.412242,2,0.08,8.0,1.68,245593
2026-06-06T10:34:31.412242,3,0.01,1.0,0.21,245592
2026-06-06T10:34:31.412242,0,0.02,1.0,0.21,245599
2026-06-06T10:34:31.412242,1,312.5,20000.0,4200.0,245600
2026-06-06T10:34:31.412242,2,0.08,8.0,1.68,245594
2026-06-06T10:34:31.412242,3,0.01,1.0,0.21,245593
2026-06-06T10:34:31.412242,0,0.02,1.0,0.21,245600
2026-06-06T10:34:31.412242,1,312.5,20000.0,4200.0,245601
2026-06-06T10:34:31.412242,2,0.09,8.0,1.68,245595
2026-06-06T10:34:31.412242,3,0.01,1.0,0.21,245594
2026-06-06T10:34:31.412242,0,0.02,2.0,0.42,245601
2026-06-06T10:34:31.412242,1,312.5,20000.0,4200.0,245602
2026-06-06T10:34:31.412242,2,0.09,8.0,1.68,245596
2026-06-06T10:34:31.412242,3,0.01,1.0,0.21,245595
2026-06-06T10:34:31.412242,0,0.02,1.0,0.21,245602
2026-06-06T10:34:31.412242,1,312.5,20000.0,4200.0,245603
2026-06-06T10:34:31.412242,2,0.09,9.0,1.89,245597
2026-06-06T10:34:31.412242,3,0.01,1.0,0.21,245596
2026-06-06T10:34:31.412242,0,0.02,1.0,0.21,245603
2026-06-06T10:34:31.412242,1,312.5,20000.0,4200.0,245604
2026-06-06T10:34:31.412242,2,0.09,9.0,1.89,245598
2026-06-06T10:34:31.412242,3,0.01,1.0,0.21,245597
2026-06-06T10:34:31.412242,0,0.02,1.0,0.21,245604
2026-06-06T10:34:31.412242,1,312.5,20000.0,4200.0,245605
2026-06-06T10:34:31.412242,2,0.09,9.0,1.89,245599
2026-06-06T10:34:31.412242,3,0.01,1.0,0.21,245598
2026-06-06T10:34:31.412242,0,0.02,1.0,0.21,245605
2026-06-06T10:34:31.412242,1,312.5,20000.0,4200.0,245606
2026-06-06T10:34:31.412242,2,0.09,8.0,1.68,245600
2026-06-06T10:34:31.412242,3,0.01,1.0,0.21,245599
2026-06-06T10:34:31.412242,0,0.02,1.0,0.21,245606
2026-06-06T10:34:31.412242,1,312.5,20000.0,4200.0,245607
2026-06-06T10:34:31.412242,2,0.08,8.0,1.68,245601
2026-06-06T10:34:31.463269,3,0.01,1.0,0.21,245600
2026-06-06T10:34:31.463269,0,0.02,1.0,0.21,245607
2026-06-06T10:34:31.463269,1,312.5,20000.0,4200.0,245608
2026-06-06T10:34:31.463269,2,0.08,8.0,1.68,245602
2026-06-06T10:34:31.463269,3,0.01,1.0,0.21,245601
2026-06-06T10:34:31.463269,0,0.02,1.0,0.21,245608
2026-06-06T10:34:31.463269,1,312.5,20000.0,4200.0,245609
2026-06-06T10:34:31.463269,2,0.08,8.0,1.68,245603
2026-06-06T10:34:31.463269,3,0.01,1.0,0.21,245602
2026-06-06T10:34:31.463269,0,0.02,1.0,0.21,245609
2026-06-06T10:34:31.463269,1,312.5,20000.0,4200.0,245610
2026-06-06T10:34:31.463269,2,0.08,8.0,1.68,245604
2026-06-06T10:34:31.463269,3,0.01,1.0,0.21,245603
2026-06-06T10:34:31.463269,0,0.02,2.0,0.42,245610
2026-06-06T10:34:31.463269,1,312.5,20000.0,4200.0,245611
2026-06-06T10:34:31.463269,2,0.09,8.0,1.68,245605
2026-06-06T10:34:31.463269,3,0.01,1.0,0.21,245604
2026-06-06T10:34:31.463269,0,0.02,2.0,0.42,245611
2026-06-06T10:34:31.503596,1,312.5,20000.0,4200.0,245612
2026-06-06T10:34:31.503596,2,0.09,8.0,1.68,245606
2026-06-06T10:34:31.503596,3,0.01,1.0,0.21,245605
2026-06-06T10:34:31.503596,0,0.02,2.0,0.42,245612
2026-06-06T10:34:31.503596,1,312.5,20000.0,4200.0,245613
2026-06-06T10:34:31.503596,2,0.09,9.0,1.89,245607
2026-06-06T10:34:31.503596,3,0.01,1.0,0.21,245606
2026-06-06T10:34:31.503596,0,0.02,1.0,0.21,245613
2026-06-06T10:34:31.503596,1,312.5,20000.0,4200.0,245614
2026-06-06T10:34:31.548556,2,0.09,9.0,1.89,245608
2026-06-06T10:34:31.548556,3,0.01,1.0,0.21,245607
2026-06-06T10:34:31.548556,0,0.02,1.0,0.21,245614
2026-06-06T10:34:31.548556,1,312.5,20000.0,4200.0,245615
2026-06-06T10:34:31.548556,2,0.09,9.0,1.89,245609
2026-06-06T10:34:31.548556,3,0.01,1.0,0.21,245608
2026-06-06T10:34:31.548556,0,0.02,2.0,0.42,245615
2026-06-06T10:34:31.548556,1,312.5,20000.0,4200.0,245616
2026-06-06T10:34:31.548556,2,0.09,8.0,1.68,245610
2026-06-06T10:34:31.548556,3,0.01,1.0,0.21,245609
2026-06-06T10:34:31.548556,0,0.02,1.0,0.21,245616
2026-06-06T10:34:31.548556,1,312.5,20000.0,4200.0,245617
2026-06-06T10:34:31.548556,2,0.08,8.0,1.68,245611
2026-06-06T10:34:31.548556,3,0.01,1.0,0.21,245610
2026-06-06T10:34:31.548556,0,0.02,1.0,0.21,245617
2026-06-06T10:34:31.548556,1,312.5,20000.0,4200.0,245618
2026-06-06T10:34:31.548556,2,0.08,8.0,1.68,245612
2026-06-06T10:34:31.548556,3,0.01,1.0,0.21,245611
2026-06-06T10:34:31.599576,0,0.02,1.0,0.21,245618
2026-06-06T10:34:31.599576,1,312.5,20000.0,4200.0,245619
2026-06-06T10:34:31.599576,2,0.08,8.0,1.68,245613
2026-06-06T10:34:31.599576,3,0.01,1.0,0.21,245612
2026-06-06T10:34:31.599576,0,0.02,2.0,0.42,245619
2026-06-06T10:34:31.599576,1,312.5,20000.0,4200.0,245620
2026-06-06T10:34:31.599576,2,0.08,8.0,1.68,245614
2026-06-06T10:34:31.599576,3,0.01,1.0,0.21,245613
2026-06-06T10:34:31.599576,0,0.02,2.0,0.42,245620
2026-06-06T10:34:31.599576,1,312.5,20000.0,4200.0,245621
2026-06-06T10:34:31.599576,2,0.09,8.0,1.68,245615
2026-06-06T10:34:31.599576,3,0.01,1.0,0.21,245614
2026-06-06T10:34:31.599576,0,0.02,2.0,0.42,245621
2026-06-06T10:34:31.599576,1,312.5,20000.0,4200.0,245622
2026-06-06T10:34:31.599576,2,0.09,8.0,1.68,245616
2026-06-06T10:34:31.599576,3,0.01,1.0,0.21,245615
2026-06-06T10:34:31.599576,0,0.02,2.0,0.42,245622
2026-06-06T10:34:31.599576,1,312.5,20000.0,4200.0,245623
2026-06-06T10:34:31.599576,2,0.09,9.0,1.89,245617
2026-06-06T10:34:31.599576,3,0.01,1.0,0.21,245616
2026-06-06T10:34:31.599576,0,0.02,2.0,0.42,245623
2026-06-06T10:34:31.599576,1,312.5,20000.0,4200.0,245624
2026-06-06T10:34:31.599576,2,0.09,9.0,1.89,245618
2026-06-06T10:34:31.599576,3,0.01,1.0,0.21,245617
2026-06-06T10:34:31.599576,0,0.02,2.0,0.42,245624
2026-06-06T10:34:31.599576,1,312.5,20000.0,4200.0,245625
2026-06-06T10:34:31.599576,2,0.09,9.0,1.89,245619
2026-06-06T10:34:31.599576,3,0.01,1.0,0.21,245618
2026-06-06T10:34:31.599576,0,0.02,2.0,0.42,245625
2026-06-06T10:34:31.599576,1,312.5,20000.0,4200.0,245626
2026-06-06T10:34:31.599576,2,0.09,8.0,1.68,245620
2026-06-06T10:34:31.599576,3,0.01,1.0,0.21,245619
2026-06-06T10:34:31.599576,0,0.02,2.0,0.42,245626
2026-06-06T10:34:31.599576,1,312.5,20000.0,4200.0,245627
2026-06-06T10:34:31.599576,2,0.08,8.0,1.68,245621
2026-06-06T10:34:31.599576,3,0.01,1.0,0.21,245620
2026-06-06T10:34:31.650582,0,0.02,1.0,0.21,245627
2026-06-06T10:34:31.650582,1,312.5,20000.0,4200.0,245628
2026-06-06T10:34:31.650582,2,0.08,8.0,1.68,245622
2026-06-06T10:34:31.650582,3,0.01,1.0,0.21,245621
2026-06-06T10:34:31.650582,0,0.02,1.0,0.21,245628
2026-06-06T10:34:31.650582,1,312.5,20000.0,4200.0,245629
2026-06-06T10:34:31.650582,2,0.08,8.0,1.68,245623
2026-06-06T10:34:31.650582,3,0.01,1.0,0.21,245622
2026-06-06T10:34:31.650582,0,0.02,1.0,0.21,245629
2026-06-06T10:34:31.650582,1,312.5,20000.0,4200.0,245630
2026-06-06T10:34:31.650582,2,0.08,8.0,1.68,245624
2026-06-06T10:34:31.650582,3,0.01,1.0,0.21,245623
2026-06-06T10:34:31.650582,0,0.02,1.0,0.21,245630
2026-06-06T10:34:31.650582,1,312.5,20000.0,4200.0,245631
2026-06-06T10:34:31.650582,2,0.09,8.0,1.68,245625
2026-06-06T10:34:31.650582,3,0.01,1.0,0.21,245624
2026-06-06T10:34:31.650582,0,0.02,1.0,0.21,245631
2026-06-06T10:34:31.650582,1,312.5,20000.0,4200.0,245632
2026-06-06T10:34:31.650582,2,0.09,8.0,1.68,245626
2026-06-06T10:34:31.650582,3,0.01,1.0,0.21,245625
2026-06-06T10:34:31.650582,0,0.01,1.0,0.21,245632
2026-06-06T10:34:31.650582,1,312.5,20000.0,4200.0,245633
2026-06-06T10:34:31.650582,2,0.09,9.0,1.89,245627
2026-06-06T10:34:31.650582,3,0.01,1.0,0.21,245626
2026-06-06T10:34:31.650582,0,0.02,1.0,0.21,245633
2026-06-06T10:34:31.650582,1,312.5,20000.0,4200.0,245634
2026-06-06T10:34:31.650582,2,0.09,9.0,1.89,245628
2026-06-06T10:34:31.650582,3,0.01,1.0,0.21,245627
2026-06-06T10:34:31.650582,0,0.02,1.0,0.21,245634
2026-06-06T10:34:31.650582,1,312.5,20000.0,4200.0,245635
2026-06-06T10:34:31.650582,2,0.09,8.0,1.68,245629
2026-06-06T10:34:31.650582,3,0.01,1.0,0.21,245628
2026-06-06T10:34:31.650582,0,0.02,1.0,0.21,245635
2026-06-06T10:34:31.650582,1,312.5,20000.0,4200.0,245636
2026-06-06T10:34:31.650582,2,0.09,8.0,1.68,245630
2026-06-06T10:34:31.650582,3,0.01,1.0,0.21,245629
2026-06-06T10:34:31.650582,0,0.02,1.0,0.21,245636
2026-06-06T10:34:31.650582,1,312.5,20000.0,4200.0,245637
2026-06-06T10:34:31.650582,2,0.08,8.0,1.68,245631
2026-06-06T10:34:31.650582,3,0.01,1.0,0.21,245630
2026-06-06T10:34:31.650582,0,0.02,1.0,0.21,245637
2026-06-06T10:34:31.650582,1,312.5,20000.0,4200.0,245638
2026-06-06T10:34:31.650582,2,0.08,8.0,1.68,245632
2026-06-06T10:34:31.650582,3,0.01,1.0,0.21,245631
2026-06-06T10:34:31.650582,0,0.02,1.0,0.21,245638
2026-06-06T10:34:31.650582,1,312.5,20000.0,4200.0,245639
2026-06-06T10:34:31.650582,2,0.08,8.0,1.68,245633
2026-06-06T10:34:31.650582,3,0.01,1.0,0.21,245632
2026-06-06T10:34:31.650582,0,0.02,2.0,0.42,245639
2026-06-06T10:34:31.650582,1,312.5,20000.0,4200.0,245640
2026-06-06T10:34:31.650582,2,0.08,8.0,1.68,245634
2026-06-06T10:34:31.650582,3,0.01,1.0,0.21,245633
2026-06-06T10:34:31.650582,0,0.02,2.0,0.42,245640
2026-06-06T10:34:31.650582,1,312.5,20000.0,4200.0,245641
2026-06-06T10:34:31.650582,2,0.09,8.0,1.68,245635
2026-06-06T10:34:31.650582,3,0.01,1.0,0.21,245634
2026-06-06T10:34:31.650582,0,0.02,2.0,0.42,245641
2026-06-06T10:34:31.650582,1,312.5,20000.0,4200.0,245642
2026-06-06T10:34:31.650582,2,0.09,9.0,1.89,245636
2026-06-06T10:34:31.650582,3,0.01,1.0,0.21,245635
2026-06-06T10:34:31.650582,0,0.02,1.0,0.21,245642
2026-06-06T10:34:31.650582,1,312.5,20000.0,4200.0,245643
2026-06-06T10:34:31.650582,2,0.09,9.0,1.89,245637
2026-06-06T10:34:31.701503,3,0.01,1.0,0.21,245636
2026-06-06T10:34:31.701503,0,0.02,1.0,0.21,245643
2026-06-06T10:34:31.701503,1,312.5,20000.0,4200.0,245644
2026-06-06T10:34:31.701503,2,0.09,9.0,1.89,245638
2026-06-06T10:34:31.701503,3,0.0,0.0,0.0,245637
2026-06-06T10:34:31.701503,0,0.02,2.0,0.42,245644
2026-06-06T10:34:31.701503,1,312.5,20000.0,4200.0,245645
2026-06-06T10:34:31.701503,2,0.09,8.0,1.68,245639
2026-06-06T10:34:31.701503,3,0.01,0.0,0.0,245638
2026-06-06T10:34:31.701503,0,0.02,2.0,0.42,245645
2026-06-06T10:34:31.701503,1,312.5,20000.0,4200.0,245646
2026-06-06T10:34:31.701503,2,0.09,8.0,1.68,245640
2026-06-06T10:34:31.701503,3,0.01,1.0,0.21,245639
2026-06-06T10:34:31.701503,0,0.02,2.0,0.42,245646
2026-06-06T10:34:31.701503,1,312.5,20000.0,4200.0,245647
2026-06-06T10:34:31.701503,2,0.08,8.0,1.68,245641
2026-06-06T10:34:31.701503,3,0.01,0.0,0.0,245640
2026-06-06T10:34:31.701503,0,0.02,2.0,0.42,245647
2026-06-06T10:34:31.701503,1,312.5,20000.0,4200.0,245648
2026-06-06T10:34:31.701503,2,0.08,8.0,1.68,245642
2026-06-06T10:34:31.701503,3,0.01,1.0,0.21,245641
2026-06-06T10:34:31.701503,0,0.02,2.0,0.42,245648
2026-06-06T10:34:31.701503,1,312.5,20000.0,4200.0,245649
2026-06-06T10:34:31.701503,2,0.08,8.0,1.68,245643
2026-06-06T10:34:31.701503,3,0.01,1.0,0.21,245642
2026-06-06T10:34:31.701503,0,0.02,2.0,0.42,245649
2026-06-06T10:34:31.701503,1,312.5,20000.0,4200.0,245650
2026-06-06T10:34:31.701503,2,0.08,8.0,1.68,245644
2026-06-06T10:34:31.701503,3,0.01,1.0,0.21,245643
2026-06-06T10:34:31.701503,0,0.02,2.0,0.42,245650
2026-06-06T10:34:31.701503,1,312.5,20000.0,4200.0,245651
2026-06-06T10:34:31.701503,2,0.09,8.0,1.68,245645
2026-06-06T10:34:31.701503,3,0.01,1.0,0.21,245644
2026-06-06T10:34:31.701503,0,0.02,2.0,0.42,245651
2026-06-06T10:34:31.701503,1,312.5,20000.0,4200.0,245652
2026-06-06T10:34:31.701503,2,0.09,9.0,1.89,245646
2026-06-06T10:34:31.701503,3,0.01,1.0,0.21,245645
2026-06-06T10:34:31.701503,0,0.02,2.0,0.42,245652
2026-06-06T10:34:31.701503,1,312.5,20000.0,4200.0,245653
2026-06-06T10:34:31.701503,2,0.09,9.0,1.89,245647
2026-06-06T10:34:31.701503,3,0.01,1.0,0.21,245646
2026-06-06T10:34:31.701503,0,0.02,2.0,0.42,245653
2026-06-06T10:34:31.701503,1,312.5,20000.0,4200.0,245654
2026-06-06T10:34:31.701503,2,0.09,9.0,1.89,245648
2026-06-06T10:34:31.701503,3,0.01,1.0,0.21,245647
2026-06-06T10:34:31.701503,0,0.02,2.0,0.42,245654
2026-06-06T10:34:31.701503,1,312.5,20000.0,4200.0,245655
2026-06-06T10:34:31.701503,2,0.09,8.0,1.68,245649
2026-06-06T10:34:31.701503,3,0.01,1.0,0.21,245648
2026-06-06T10:34:31.701503,0,0.02,2.0,0.42,245655
2026-06-06T10:34:31.701503,1,312.5,20000.0,4200.0,245656
2026-06-06T10:34:31.701503,2,0.08,8.0,1.68,245650
2026-06-06T10:34:31.701503,3,0.01,1.0,0.21,245649
2026-06-06T10:34:31.701503,0,0.02,2.0,0.42,245656
2026-06-06T10:34:31.737503,1,312.5,20000.0,4200.0,245657
2026-06-06T10:34:31.737503,2,0.08,8.0,1.68,245651
2026-06-06T10:34:31.737503,3,0.01,1.0,0.21,245650
2026-06-06T10:34:31.737503,0,0.02,1.0,0.21,245657
2026-06-06T10:34:31.737503,1,312.5,20000.0,4200.0,245658
2026-06-06T10:34:31.737503,2,0.08,8.0,1.68,245652
2026-06-06T10:34:31.737503,3,0.01,1.0,0.21,245651
2026-06-06T10:34:31.737503,0,0.02,1.0,0.21,245658
2026-06-06T10:34:31.737503,1,312.5,20000.0,4200.0,245659
2026-06-06T10:34:31.787018,2,0.08,8.0,1.68,245653
2026-06-06T10:34:31.787018,3,0.01,1.0,0.21,245652
2026-06-06T10:34:31.787018,0,0.02,2.0,0.42,245659
2026-06-06T10:34:31.787018,1,312.5,20000.0,4200.0,245660
2026-06-06T10:34:31.787018,2,0.09,8.0,1.68,245654
2026-06-06T10:34:31.787018,3,0.01,1.0,0.21,245653
2026-06-06T10:34:31.787018,0,0.02,2.0,0.42,245660
2026-06-06T10:34:31.787018,1,312.5,20000.0,4200.0,245661
2026-06-06T10:34:31.787018,2,0.09,8.0,1.68,245655
2026-06-06T10:34:31.787018,3,0.01,1.0,0.21,245654
2026-06-06T10:34:31.787018,0,0.02,1.0,0.21,245661
2026-06-06T10:34:31.787018,1,312.5,20000.0,4200.0,245662
2026-06-06T10:34:31.787018,2,0.09,9.0,1.89,245656
2026-06-06T10:34:31.787018,3,0.01,1.0,0.21,245655
2026-06-06T10:34:31.787018,0,0.02,1.0,0.21,245662
2026-06-06T10:34:31.787018,1,312.5,20000.0,4200.0,245663
2026-06-06T10:34:31.787018,2,0.09,9.0,1.89,245657
2026-06-06T10:34:31.787018,3,0.01,1.0,0.21,245656
2026-06-06T10:34:31.787018,0,0.02,1.0,0.21,245663
2026-06-06T10:34:31.787018,1,312.5,20000.0,4200.0,245664
2026-06-06T10:34:31.787018,2,0.09,9.0,1.89,245658
2026-06-06T10:34:31.787018,3,0.01,1.0,0.21,245657
2026-06-06T10:34:31.787018,0,0.02,1.0,0.21,245664
2026-06-06T10:34:31.787018,1,312.5,20000.0,4200.0,245665
2026-06-06T10:34:31.787018,2,0.09,8.0,1.68,245659
2026-06-06T10:34:31.787018,3,0.01,1.0,0.21,245658
2026-06-06T10:34:31.787018,0,0.02,1.0,0.21,245665
2026-06-06T10:34:31.787018,1,312.5,20000.0,4200.0,245666
2026-06-06T10:34:31.787018,2,0.08,8.0,1.68,245660
2026-06-06T10:34:31.787018,3,0.01,1.0,0.21,245659
2026-06-06T10:34:31.787018,0,0.02,1.0,0.21,245666
2026-06-06T10:34:31.787018,1,312.5,20000.0,4200.0,245667
2026-06-06T10:34:31.787018,2,0.08,8.0,1.68,245661
2026-06-06T10:34:31.787018,3,0.01,1.0,0.21,245660
2026-06-06T10:34:31.787018,0,0.02,1.0,0.21,245667
2026-06-06T10:34:31.787018,1,312.5,20000.0,4200.0,245668
2026-06-06T10:34:31.787018,2,0.08,8.0,1.68,245662
2026-06-06T10:34:31.787018,3,0.01,1.0,0.21,245661
2026-06-06T10:34:31.787018,0,0.02,1.0,0.21,245668
2026-06-06T10:34:31.787018,1,312.5,20000.0,4200.0,245669
2026-06-06T10:34:31.787018,2,0.08,8.0,1.68,245663
2026-06-06T10:34:31.787018,3,0.01,1.0,0.21,245662
2026-06-06T10:34:31.787018,0,0.02,2.0,0.42,245669
2026-06-06T10:34:31.787018,1,312.5,20000.0,4200.0,245670
2026-06-06T10:34:31.787018,2,0.09,8.0,1.68,245664
2026-06-06T10:34:31.787018,3,0.01,1.0,0.21,245663
2026-06-06T10:34:31.787018,0,0.02,2.0,0.42,245670
2026-06-06T10:34:31.787018,1,312.5,20000.0,4200.0,245671
2026-06-06T10:34:31.787018,2,0.09,8.0,1.68,245665
2026-06-06T10:34:31.787018,3,0.01,1.0,0.21,245664
2026-06-06T10:34:31.787018,0,0.02,2.0,0.42,245671
2026-06-06T10:34:31.787018,1,312.5,20000.0,4200.0,245672
2026-06-06T10:34:31.787018,2,0.09,9.0,1.89,245666
2026-06-06T10:34:31.787018,3,0.01,1.0,0.21,245665
2026-06-06T10:34:31.838020,0,0.02,2.0,0.42,245672
2026-06-06T10:34:31.838020,1,312.5,20000.0,4200.0,245673
2026-06-06T10:34:31.838020,2,0.09,9.0,1.89,245667
2026-06-06T10:34:31.838020,3,0.01,1.0,0.21,245666
2026-06-06T10:34:31.838020,0,0.02,2.0,0.42,245673
2026-06-06T10:34:31.838020,1,312.5,20000.0,4200.0,245674
2026-06-06T10:34:31.838020,2,0.09,8.0,1.68,245668
2026-06-06T10:34:31.838020,3,0.01,1.0,0.21,245667
2026-06-06T10:34:31.838020,0,0.02,2.0,0.42,245674
2026-06-06T10:34:31.838020,1,312.5,20000.0,4200.0,245675
2026-06-06T10:34:31.838020,2,0.09,8.0,1.68,245669
2026-06-06T10:34:31.838020,3,0.01,1.0,0.21,245668
2026-06-06T10:34:31.838020,0,0.02,1.0,0.21,245675
2026-06-06T10:34:31.838020,1,312.5,20000.0,4200.0,245676
2026-06-06T10:34:31.838020,2,0.08,8.0,1.68,245670
2026-06-06T10:34:31.838020,3,0.01,1.0,0.21,245669
2026-06-06T10:34:31.838020,0,0.02,1.0,0.21,245676
2026-06-06T10:34:31.838020,1,312.5,20000.0,4200.0,245677
2026-06-06T10:34:31.838020,2,0.08,8.0,1.68,245671
2026-06-06T10:34:31.838020,3,0.01,1.0,0.21,245670
2026-06-06T10:34:31.838020,0,0.02,1.0,0.21,245677
2026-06-06T10:34:31.838020,1,312.5,20000.0,4200.0,245678
2026-06-06T10:34:31.838020,2,0.08,8.0,1.68,245672
2026-06-06T10:34:31.838020,3,0.01,1.0,0.21,245671
2026-06-06T10:34:31.838020,0,0.02,1.0,0.21,245678
2026-06-06T10:34:31.838020,1,312.5,20000.0,4200.0,245679
2026-06-06T10:34:31.838020,2,0.08,8.0,1.68,245673
2026-06-06T10:34:31.838020,3,0.01,1.0,0.21,245672
2026-06-06T10:34:31.838020,0,0.02,1.0,0.21,245679
2026-06-06T10:34:31.838020,1,312.5,20000.0,4200.0,245680
2026-06-06T10:34:31.838020,2,0.09,8.0,1.68,245674
2026-06-06T10:34:31.838020,3,0.01,1.0,0.21,245673
2026-06-06T10:34:31.838020,0,0.02,1.0,0.21,245680
2026-06-06T10:34:31.838020,1,312.5,20000.0,4200.0,245681
2026-06-06T10:34:31.838020,2,0.09,9.0,1.89,245675
2026-06-06T10:34:31.838020,3,0.01,1.0,0.21,245674
2026-06-06T10:34:31.838020,0,0.02,1.0,0.21,245681
2026-06-06T10:34:31.838020,1,312.5,20000.0,4200.0,245682
2026-06-06T10:34:31.838020,2,0.09,9.0,1.89,245676
2026-06-06T10:34:31.838020,3,0.01,1.0,0.21,245675
2026-06-06T10:34:31.838020,0,0.02,2.0,0.42,245682
2026-06-06T10:34:31.838020,1,312.5,20000.0,4200.0,245683
2026-06-06T10:34:31.838020,2,0.09,9.0,1.89,245677
2026-06-06T10:34:31.838020,3,0.01,1.0,0.21,245676
2026-06-06T10:34:31.838020,0,0.02,2.0,0.42,245683
2026-06-06T10:34:31.838020,1,312.5,20000.0,4200.0,245684
2026-06-06T10:34:31.838020,2,0.09,8.0,1.68,245678
2026-06-06T10:34:31.838020,3,0.01,1.0,0.21,245677
2026-06-06T10:34:31.838020,0,0.02,2.0,0.42,245684
2026-06-06T10:34:31.838020,1,312.5,20000.0,4200.0,245685
2026-06-06T10:34:31.838020,2,0.09,8.0,1.68,245679
2026-06-06T10:34:31.838020,3,0.01,1.0,0.21,245678
2026-06-06T10:34:31.838020,0,0.02,2.0,0.42,245685
2026-06-06T10:34:31.838020,1,312.5,20000.0,4200.0,245686
2026-06-06T10:34:31.889089,2,0.08,8.0,1.68,245680
2026-06-06T10:34:31.889089,3,0.01,1.0,0.21,245679
2026-06-06T10:34:31.889089,0,0.02,2.0,0.42,245686
2026-06-06T10:34:31.889089,1,312.5,20000.0,4200.0,245687
2026-06-06T10:34:31.889089,2,0.08,8.0,1.68,245681
2026-06-06T10:34:31.889089,3,0.01,1.0,0.21,245680
2026-06-06T10:34:31.889089,0,0.02,2.0,0.42,245687
2026-06-06T10:34:31.889089,1,312.5,20000.0,4200.0,245688
2026-06-06T10:34:31.889089,2,0.08,8.0,1.68,245682
2026-06-06T10:34:31.889089,3,0.01,1.0,0.21,245681
2026-06-06T10:34:31.889089,0,0.02,2.0,0.42,245688
2026-06-06T10:34:31.889089,1,312.5,20000.0,4200.0,245689
2026-06-06T10:34:31.889089,2,0.08,8.0,1.68,245683
2026-06-06T10:34:31.889089,3,0.01,1.0,0.21,245682
2026-06-06T10:34:31.889089,0,0.02,2.0,0.42,245689
2026-06-06T10:34:31.889089,1,312.5,20000.0,4200.0,245690
2026-06-06T10:34:31.889089,2,0.09,8.0,1.68,245684
2026-06-06T10:34:31.889089,3,0.01,1.0,0.21,245683
2026-06-06T10:34:31.889089,0,0.02,1.0,0.21,245690
2026-06-06T10:34:31.889089,1,312.5,20000.0,4200.0,245691
2026-06-06T10:34:31.889089,2,0.09,9.0,1.89,245685
2026-06-06T10:34:31.889089,3,0.01,1.0,0.21,245684
2026-06-06T10:34:31.889089,0,0.02,1.0,0.21,245691
2026-06-06T10:34:31.889089,1,312.5,20000.0,4200.0,245692
2026-06-06T10:34:31.889089,2,0.09,9.0,1.89,245686
2026-06-06T10:34:31.889089,3,0.01,1.0,0.21,245685
2026-06-06T10:34:31.889089,0,0.02,1.0,0.21,245692
2026-06-06T10:34:31.889089,1,312.5,20000.0,4200.0,245693
2026-06-06T10:34:31.889089,2,0.09,9.0,1.89,245687
2026-06-06T10:34:31.889089,3,0.01,1.0,0.21,245686
2026-06-06T10:34:31.889089,0,0.02,1.0,0.21,245693
2026-06-06T10:34:31.889089,1,312.5,20000.0,4200.0,245694
2026-06-06T10:34:31.889089,2,0.09,8.0,1.68,245688
2026-06-06T10:34:31.889089,3,0.01,1.0,0.21,245687
2026-06-06T10:34:31.889089,0,0.02,1.0,0.21,245694
2026-06-06T10:34:31.889089,1,312.5,20000.0,4200.0,245695
2026-06-06T10:34:31.889089,2,0.09,8.0,1.68,245689
2026-06-06T10:34:31.889089,3,0.01,1.0,0.21,245688
2026-06-06T10:34:31.889089,0,0.02,2.0,0.42,245695
2026-06-06T10:34:31.889089,1,312.5,20000.0,4200.0,245696
2026-06-06T10:34:31.889089,2,0.08,8.0,1.68,245690
2026-06-06T10:34:31.889089,3,0.01,1.0,0.21,245689
2026-06-06T10:34:31.889089,0,0.02,1.0,0.21,245696
2026-06-06T10:34:31.889089,1,312.5,20000.0,4200.0,245697
2026-06-06T10:34:31.889089,2,0.08,8.0,1.68,245691
2026-06-06T10:34:31.889089,3,0.01,1.0,0.21,245690
2026-06-06T10:34:31.889089,0,0.02,1.0,0.21,245697
2026-06-06T10:34:31.889089,1,312.5,20000.0,4200.0,245698
2026-06-06T10:34:31.889089,2,0.08,8.0,1.68,245692
2026-06-06T10:34:31.889089,3,0.01,1.0,0.21,245691
2026-06-06T10:34:31.889089,0,0.02,1.0,0.21,245698
2026-06-06T10:34:31.889089,1,312.5,20000.0,4200.0,245699
2026-06-06T10:34:31.889089,2,0.08,8.0,1.68,245693
2026-06-06T10:34:31.889089,3,0.01,1.0,0.21,245692
2026-06-06T10:34:31.939455,0,0.02,1.0,0.21,245699
2026-06-06T10:34:31.939455,1,312.5,20000.0,4200.0,245700
2026-06-06T10:34:31.939455,2,0.09,8.0,1.68,245694
2026-06-06T10:34:31.939455,3,0.01,1.0,0.21,245693
2026-06-06T10:34:31.939455,0,0.02,2.0,0.42,245700
2026-06-06T10:34:31.939455,1,312.5,20000.0,4200.0,245701
2026-06-06T10:34:31.939455,2,0.09,9.0,1.89,245695
2026-06-06T10:34:31.939455,3,0.01,1.0,0.21,245694
2026-06-06T10:34:31.939455,0,0.02,2.0,0.42,245701
2026-06-06T10:34:31.939455,1,312.5,20000.0,4200.0,245702
2026-06-06T10:34:31.939455,2,0.09,9.0,1.89,245696
2026-06-06T10:34:31.939455,3,0.01,1.0,0.21,245695
2026-06-06T10:34:31.939455,0,0.02,2.0,0.42,245702
2026-06-06T10:34:31.939455,1,312.5,20000.0,4200.0,245703
2026-06-06T10:34:31.939455,2,0.09,9.0,1.89,245697
2026-06-06T10:34:31.939455,3,0.01,1.0,0.21,245696
2026-06-06T10:34:31.939455,0,0.02,2.0,0.42,245703
2026-06-06T10:34:31.939455,1,312.5,20000.0,4200.0,245704
2026-06-06T10:34:31.939455,2,0.09,8.0,1.68,245698
2026-06-06T10:34:31.939455,3,0.01,1.0,0.21,245697
2026-06-06T10:34:31.939455,0,0.02,2.0,0.42,245704
2026-06-06T10:34:31.939455,1,312.5,20000.0,4200.0,245705
2026-06-06T10:34:31.939455,2,0.08,8.0,1.68,245699
2026-06-06T10:34:31.939455,3,0.01,1.0,0.21,245698
2026-06-06T10:34:31.939455,0,0.02,2.0,0.42,245705
2026-06-06T10:34:31.939455,1,312.5,20000.0,4200.0,245706
2026-06-06T10:34:31.939455,2,0.08,8.0,1.68,245700
2026-06-06T10:34:31.939455,3,0.01,1.0,0.21,245699
2026-06-06T10:34:31.939455,0,0.02,2.0,0.42,245706
2026-06-06T10:34:31.939455,1,312.5,20000.0,4200.0,245707
2026-06-06T10:34:31.939455,2,0.08,8.0,1.68,245701
2026-06-06T10:34:31.939455,3,0.01,1.0,0.21,245700
2026-06-06T10:34:31.939455,0,0.02,2.0,0.42,245707
2026-06-06T10:34:31.939455,1,312.5,20000.0,4200.0,245708
2026-06-06T10:34:31.939455,2,0.08,8.0,1.68,245702
2026-06-06T10:34:31.939455,3,0.01,1.0,0.21,245701
2026-06-06T10:34:31.939455,0,0.02,2.0,0.42,245708
2026-06-06T10:34:31.939455,1,312.5,20000.0,4200.0,245709
2026-06-06T10:34:31.939455,2,0.09,8.0,1.68,245703
2026-06-06T10:34:31.939455,3,0.01,1.0,0.21,245702
2026-06-06T10:34:31.939455,0,0.02,2.0,0.42,245709
2026-06-06T10:34:31.939455,1,312.5,20000.0,4200.0,245710
2026-06-06T10:34:31.939455,2,0.09,8.0,1.68,245704
2026-06-06T10:34:31.939455,3,0.01,1.0,0.21,245703
2026-06-06T10:34:31.939455,0,0.02,2.0,0.42,245710
2026-06-06T10:34:31.939455,1,312.5,20000.0,4200.0,245711
2026-06-06T10:34:31.939455,2,0.09,9.0,1.89,245705
2026-06-06T10:34:31.939455,3,0.01,1.0,0.21,245704
2026-06-06T10:34:31.939455,0,0.02,2.0,0.42,245711
2026-06-06T10:34:31.939455,1,312.5,20000.0,4200.0,245712
2026-06-06T10:34:31.939455,2,0.09,9.0,1.89,245706
2026-06-06T10:34:31.939455,3,0.01,1.0,0.21,245705
2026-06-06T10:34:31.939455,0,0.02,2.0,0.42,245712
2026-06-06T10:34:31.939455,1,312.5,20000.0,4200.0,245713
2026-06-06T10:34:31.939455,2,0.09,9.0,1.89,245707
2026-06-06T10:34:31.939455,3,0.01,1.0,0.21,245706
2026-06-06T10:34:31.939455,0,0.02,2.0,0.42,245713
2026-06-06T10:34:31.939455,1,312.5,20000.0,4200.0,245714
2026-06-06T10:34:31.939455,2,0.09,8.0,1.68,245708
2026-06-06T10:34:31.939455,3,0.01,1.0,0.21,245707
2026-06-06T10:34:31.939455,0,0.02,2.0,0.42,245714
2026-06-06T10:34:31.939455,1,312.5,20000.0,4200.0,245715
2026-06-06T10:34:31.939455,2,0.08,8.0,1.68,245709
2026-06-06T10:34:31.939455,3,0.01,1.0,0.21,245708
2026-06-06T10:34:31.939455,0,0.02,1.0,0.21,245715
2026-06-06T10:34:31.939455,1,312.5,20000.0,4200.0,245716
2026-06-06T10:34:31.939455,2,0.08,8.0,1.68,245710
2026-06-06T10:34:31.939455,3,0.01,1.0,0.21,245709
2026-06-06T10:34:31.939455,0,0.02,2.0,0.42,245716
2026-06-06T10:34:31.939455,1,312.5,20000.0,4200.0,245717
2026-06-06T10:34:31.939455,2,0.08,8.0,1.68,245711
2026-06-06T10:34:31.939455,3,0.01,1.0,0.21,245710
2026-06-06T10:34:31.939455,0,0.02,2.0,0.42,245717
2026-06-06T10:34:31.939455,1,312.5,20000.0,4200.0,245718
2026-06-06T10:34:31.939455,2,0.08,8.0,1.68,245712
2026-06-06T10:34:31.939455,3,0.01,1.0,0.21,245711
2026-06-06T10:34:31.939455,0,0.02,2.0,0.42,245718
2026-06-06T10:34:31.939455,1,312.5,20000.0,4200.0,245719
2026-06-06T10:34:31.939455,2,0.09,8.0,1.68,245713
2026-06-06T10:34:31.939455,3,0.01,1.0,0.21,245712
2026-06-06T10:34:31.939455,0,0.02,1.0,0.21,245719
2026-06-06T10:34:31.991094,1,312.5,20000.0,4200.0,245720
2026-06-06T10:34:31.991094,2,0.09,8.0,1.68,245714
2026-06-06T10:34:31.991094,3,0.01,1.0,0.21,245713
2026-06-06T10:34:31.991094,0,0.02,1.0,0.21,245720
2026-06-06T10:34:31.991094,1,312.5,20000.0,4200.0,245721
2026-06-06T10:34:31.991094,2,0.09,9.0,1.89,245715
2026-06-06T10:34:31.991094,3,0.01,1.0,0.21,245714
2026-06-06T10:34:31.991094,0,0.02,1.0,0.21,245721
2026-06-06T10:34:31.991094,1,312.5,20000.0,4200.0,245722
2026-06-06T10:34:31.991094,2,0.09,9.0,1.89,245716
2026-06-06T10:34:31.991094,3,0.01,1.0,0.21,245715
2026-06-06T10:34:31.991094,0,0.02,1.0,0.21,245722
2026-06-06T10:34:31.991094,1,312.5,20000.0,4200.0,245723
2026-06-06T10:34:31.991094,2,0.09,8.0,1.68,245717
2026-06-06T10:34:31.991094,3,0.01,1.0,0.21,245716
2026-06-06T10:34:31.991094,0,0.02,1.0,0.21,245723
2026-06-06T10:34:31.991094,1,312.5,20000.0,4200.0,245724
2026-06-06T10:34:31.991094,2,0.09,8.0,1.68,245718
2026-06-06T10:34:31.991094,3,0.01,1.0,0.21,245717
2026-06-06T10:34:31.991094,0,0.02,1.0,0.21,245724
2026-06-06T10:34:31.991094,1,312.5,20000.0,4200.0,245725
2026-06-06T10:34:31.991094,2,0.08,8.0,1.68,245719
2026-06-06T10:34:31.991094,3,0.01,1.0,0.21,245718
2026-06-06T10:34:31.991094,0,0.02,1.0,0.21,245725
2026-06-06T10:34:31.991094,1,312.5,20000.0,4200.0,245726
2026-06-06T10:34:31.991094,2,0.08,8.0,1.68,245720
2026-06-06T10:34:31.991094,3,0.01,1.0,0.21,245719
2026-06-06T10:34:31.991094,0,0.02,1.0,0.21,245726
2026-06-06T10:34:31.991094,1,312.5,20000.0,4200.0,245727
2026-06-06T10:34:31.991094,2,0.08,8.0,1.68,245721
2026-06-06T10:34:31.991094,3,0.01,0.0,0.0,245720
2026-06-06T10:34:31.991094,0,0.02,1.0,0.21,245727
2026-06-06T10:34:31.991094,1,312.5,20000.0,4200.0,245728
2026-06-06T10:34:31.991094,2,0.08,8.0,1.68,245722
2026-06-06T10:34:31.991094,3,0.01,0.0,0.0,245721
2026-06-06T10:34:31.991094,0,0.02,1.0,0.21,245728
2026-06-06T10:34:31.991094,1,312.5,20000.0,4200.0,245729
2026-06-06T10:34:31.991094,2,0.09,8.0,1.68,245723
2026-06-06T10:34:31.991094,3,0.01,1.0,0.21,245722
2026-06-06T10:34:31.991094,0,0.02,1.0,0.21,245729
2026-06-06T10:34:31.991094,1,312.5,20000.0,4200.0,245730
2026-06-06T10:34:31.991094,2,0.09,8.0,1.68,245724
2026-06-06T10:34:31.991094,3,0.01,0.0,0.0,245723
2026-06-06T10:34:31.991094,0,0.02,1.0,0.21,245730
2026-06-06T10:34:31.991094,1,312.5,20000.0,4200.0,245731
2026-06-06T10:34:31.991094,2,0.09,9.0,1.89,245725
2026-06-06T10:34:31.991094,3,0.01,1.0,0.21,245724
2026-06-06T10:34:31.991094,0,0.02,1.0,0.21,245731
2026-06-06T10:34:31.991094,1,312.5,20000.0,4200.0,245732
2026-06-06T10:34:31.991094,2,0.09,9.0,1.89,245726
2026-06-06T10:34:31.991094,3,0.01,1.0,0.21,245725
2026-06-06T10:34:31.991094,0,0.02,1.0,0.21,245732
2026-06-06T10:34:31.991094,1,312.5,20000.0,4200.0,245733
2026-06-06T10:34:31.991094,2,0.09,8.0,1.68,245727
2026-06-06T10:34:31.991094,3,0.01,1.0,0.21,245726
2026-06-06T10:34:31.991094,0,0.02,1.0,0.21,245733
2026-06-06T10:34:31.991094,1,312.5,20000.0,4200.0,245734
2026-06-06T10:34:31.991094,2,0.09,8.0,1.68,245728
2026-06-06T10:34:31.991094,3,0.01,1.0,0.21,245727
2026-06-06T10:34:31.991094,0,0.02,1.0,0.21,245734
2026-06-06T10:34:31.991094,1,312.5,20000.0,4200.0,245735
2026-06-06T10:34:31.991094,2,0.08,8.0,1.68,245729
2026-06-06T10:34:31.991094,3,0.01,1.0,0.21,245728
2026-06-06T10:34:31.991094,0,0.01,1.0,0.21,245735
2026-06-06T10:34:31.991094,1,312.5,20000.0,4200.0,245736
2026-06-06T10:34:31.991094,2,0.08,8.0,1.68,245730
2026-06-06T10:34:31.991094,3,0.01,1.0,0.21,245729
2026-06-06T10:34:31.991094,0,0.01,1.0,0.21,245736
2026-06-06T10:34:31.991094,1,312.5,20000.0,4200.0,245737
2026-06-06T10:34:31.991094,2,0.08,8.0,1.68,245731
2026-06-06T10:34:31.991094,3,0.01,1.0,0.21,245730
2026-06-06T10:34:31.991094,0,0.02,1.0,0.21,245737
2026-06-06T10:34:31.991094,1,312.5,20000.0,4200.0,245738
2026-06-06T10:34:31.991094,2,0.08,8.0,1.68,245732
2026-06-06T10:34:31.991094,3,0.01,1.0,0.21,245731
2026-06-06T10:34:31.991094,0,0.02,1.0,0.21,245738
2026-06-06T10:34:31.991094,1,312.5,20000.0,4200.0,245739
2026-06-06T10:34:31.991094,2,0.09,8.0,1.68,245733
2026-06-06T10:34:31.991094,3,0.01,1.0,0.21,245732
2026-06-06T10:34:31.991094,0,0.02,1.0,0.21,245739
2026-06-06T10:34:31.991094,1,312.5,20000.0,4200.0,245740
2026-06-06T10:34:32.025095,2,0.09,9.0,1.89,245734
2026-06-06T10:34:32.025095,3,0.01,1.0,0.21,245733
2026-06-06T10:34:32.025095,0,0.02,1.0,0.21,245740
2026-06-06T10:34:32.025095,1,312.5,20000.0,4200.0,245741
2026-06-06T10:34:32.025095,2,0.09,9.0,1.89,245735
2026-06-06T10:34:32.025095,3,0.01,1.0,0.21,245734
2026-06-06T10:34:32.025095,0,0.02,1.0,0.21,245741
2026-06-06T10:34:32.025095,1,312.5,20000.0,4200.0,245742
2026-06-06T10:34:32.025095,2,0.09,9.0,1.89,245736
2026-06-06T10:34:32.056584,3,0.01,1.0,0.21,245735
2026-06-06T10:34:32.056584,0,0.02,1.0,0.21,245742
2026-06-06T10:34:32.056584,1,312.5,20000.0,4200.0,245743
2026-06-06T10:34:32.056584,2,0.09,8.0,1.68,245737
2026-06-06T10:34:32.056584,3,0.01,1.0,0.21,245736
2026-06-06T10:34:32.056584,0,0.02,2.0,0.42,245743
2026-06-06T10:34:32.056584,1,312.5,20000.0,4200.0,245744
2026-06-06T10:34:32.056584,2,0.09,8.0,1.68,245738
2026-06-06T10:34:32.056584,3,0.01,1.0,0.21,245737
2026-06-06T10:34:32.093093,0,0.02,1.0,0.21,245744
2026-06-06T10:34:32.093093,1,312.5,20000.0,4200.0,245745
2026-06-06T10:34:32.093093,2,0.08,8.0,1.68,245739
2026-06-06T10:34:32.093093,3,0.01,1.0,0.21,245738
2026-06-06T10:34:32.093093,0,0.02,1.0,0.21,245745
2026-06-06T10:34:32.093093,1,312.5,20000.0,4200.0,245746
2026-06-06T10:34:32.093093,2,0.08,8.0,1.68,245740
2026-06-06T10:34:32.093093,3,0.01,1.0,0.21,245739
2026-06-06T10:34:32.093093,0,0.02,1.0,0.21,245746
2026-06-06T10:34:32.093093,1,312.5,20000.0,4200.0,245747
2026-06-06T10:34:32.093093,2,0.08,8.0,1.68,245741
2026-06-06T10:34:32.093093,3,0.01,1.0,0.21,245740
2026-06-06T10:34:32.093093,0,0.02,1.0,0.21,245747
2026-06-06T10:34:32.093093,1,312.5,20000.0,4200.0,245748
2026-06-06T10:34:32.093093,2,0.08,8.0,1.68,245742
2026-06-06T10:34:32.093093,3,0.01,1.0,0.21,245741
2026-06-06T10:34:32.093093,0,0.02,1.0,0.21,245748
2026-06-06T10:34:32.093093,1,312.5,20000.0,4200.0,245749
2026-06-06T10:34:32.125099,2,0.09,8.0,1.68,245743
2026-06-06T10:34:32.125099,3,0.01,1.0,0.21,245742
2026-06-06T10:34:32.125099,0,0.02,1.0,0.21,245749
2026-06-06T10:34:32.125099,1,312.5,20000.0,4200.0,245750
2026-06-06T10:34:32.125099,2,0.09,9.0,1.89,245744
2026-06-06T10:34:32.125099,3,0.01,1.0,0.21,245743
2026-06-06T10:34:32.125099,0,0.02,1.0,0.21,245750
2026-06-06T10:34:32.125099,1,312.5,20000.0,4200.0,245751
2026-06-06T10:34:32.125099,2,0.09,9.0,1.89,245745
2026-06-06T10:34:32.160232,3,0.01,1.0,0.21,245744
2026-06-06T10:34:32.160232,0,0.02,1.0,0.21,245751
2026-06-06T10:34:32.160232,1,312.5,20000.0,4200.0,245752
2026-06-06T10:34:32.160232,2,0.09,9.0,1.89,245746
2026-06-06T10:34:32.160232,3,0.01,1.0,0.21,245745
2026-06-06T10:34:32.160232,0,0.02,1.0,0.21,245752
2026-06-06T10:34:32.160232,1,312.5,20000.0,4200.0,245753
2026-06-06T10:34:32.160232,2,0.09,8.0,1.68,245747
2026-06-06T10:34:32.160232,3,0.01,1.0,0.21,245746
2026-06-06T10:34:32.190742,0,0.02,2.0,0.42,245753
2026-06-06T10:34:32.190742,1,312.5,20000.0,4200.0,245754
2026-06-06T10:34:32.190742,2,0.08,8.0,1.68,245748
2026-06-06T10:34:32.190742,3,0.01,1.0,0.21,245747
2026-06-06T10:34:32.190742,0,0.02,2.0,0.42,245754
2026-06-06T10:34:32.190742,1,312.5,20000.0,4200.0,245755
2026-06-06T10:34:32.190742,2,0.08,8.0,1.68,245749
2026-06-06T10:34:32.190742,3,0.01,1.0,0.21,245748
2026-06-06T10:34:32.190742,0,0.02,2.0,0.42,245755
2026-06-06T10:34:32.228741,1,312.5,20000.0,4200.0,245756
2026-06-06T10:34:32.228741,2,0.08,8.0,1.68,245750
2026-06-06T10:34:32.228741,3,0.01,1.0,0.21,245749
2026-06-06T10:34:32.228741,0,0.02,2.0,0.42,245756
2026-06-06T10:34:32.228741,1,312.5,20000.0,4200.0,245757
2026-06-06T10:34:32.228741,2,0.08,8.0,1.68,245751
2026-06-06T10:34:32.228741,3,0.01,1.0,0.21,245750
2026-06-06T10:34:32.228741,0,0.02,2.0,0.42,245757
2026-06-06T10:34:32.228741,1,312.5,20000.0,4200.0,245758
2026-06-06T10:34:32.228741,2,0.08,8.0,1.68,245752
2026-06-06T10:34:32.228741,3,0.01,1.0,0.21,245751
2026-06-06T10:34:32.228741,0,0.02,2.0,0.42,245758
2026-06-06T10:34:32.228741,1,312.5,20000.0,4200.0,245759
2026-06-06T10:34:32.228741,2,0.09,8.0,1.68,245753
2026-06-06T10:34:32.228741,3,0.01,1.0,0.21,245752
2026-06-06T10:34:32.228741,0,0.02,1.0,0.21,245759
2026-06-06T10:34:32.228741,1,312.5,20000.0,4200.0,245760
2026-06-06T10:34:32.228741,2,0.09,9.0,1.89,245754
2026-06-06T10:34:32.228741,3,0.01,1.0,0.21,245753
2026-06-06T10:34:32.228741,0,0.02,1.0,0.21,245760
2026-06-06T10:34:32.228741,1,312.5,20000.0,4200.0,245761
2026-06-06T10:34:32.228741,2,0.09,9.0,1.89,245755
2026-06-06T10:34:32.228741,3,0.01,1.0,0.21,245754
2026-06-06T10:34:32.228741,0,0.02,1.0,0.21,245761
2026-06-06T10:34:32.228741,1,312.5,20000.0,4200.0,245762
2026-06-06T10:34:32.228741,2,0.09,9.0,1.89,245756
2026-06-06T10:34:32.228741,3,0.01,1.0,0.21,245755
2026-06-06T10:34:32.279255,0,0.02,1.0,0.21,245762
2026-06-06T10:34:32.279255,1,312.5,20000.0,4200.0,245763
2026-06-06T10:34:32.279255,2,0.09,8.0,1.68,245757
2026-06-06T10:34:32.279255,3,0.01,1.0,0.21,245756
2026-06-06T10:34:32.279255,0,0.02,1.0,0.21,245763
2026-06-06T10:34:32.279255,1,312.5,20000.0,4200.0,245764
2026-06-06T10:34:32.279255,2,0.08,8.0,1.68,245758
2026-06-06T10:34:32.279255,3,0.01,1.0,0.21,245757
2026-06-06T10:34:32.279255,0,0.02,2.0,0.42,245764
2026-06-06T10:34:32.279255,1,312.5,20000.0,4200.0,245765
2026-06-06T10:34:32.279255,2,0.08,8.0,1.68,245759
2026-06-06T10:34:32.279255,3,0.01,1.0,0.21,245758
2026-06-06T10:34:32.279255,0,0.02,2.0,0.42,245765
2026-06-06T10:34:32.279255,1,312.5,20000.0,4200.0,245766
2026-06-06T10:34:32.279255,2,0.08,8.0,1.68,245760
2026-06-06T10:34:32.279255,3,0.01,1.0,0.21,245759
2026-06-06T10:34:32.279255,0,0.02,2.0,0.42,245766
2026-06-06T10:34:32.279255,1,312.5,20000.0,4200.0,245767
2026-06-06T10:34:32.279255,2,0.08,8.0,1.68,245761
2026-06-06T10:34:32.279255,3,0.01,1.0,0.21,245760
2026-06-06T10:34:32.279255,0,0.02,2.0,0.42,245767
2026-06-06T10:34:32.279255,1,312.5,20000.0,4200.0,245768
2026-06-06T10:34:32.279255,2,0.09,8.0,1.68,245762
2026-06-06T10:34:32.279255,3,0.01,1.0,0.21,245761
2026-06-06T10:34:32.279255,0,0.02,2.0,0.42,245768
2026-06-06T10:34:32.279255,1,312.5,20000.0,4200.0,245769
2026-06-06T10:34:32.279255,2,0.09,8.0,1.68,245763
2026-06-06T10:34:32.279255,3,0.01,1.0,0.21,245762
2026-06-06T10:34:32.279255,0,0.02,2.0,0.42,245769
2026-06-06T10:34:32.279255,1,312.5,20000.0,4200.0,245770
2026-06-06T10:34:32.279255,2,0.09,9.0,1.89,245764
2026-06-06T10:34:32.279255,3,0.01,1.0,0.21,245763
2026-06-06T10:34:32.279255,0,0.02,2.0,0.42,245770
2026-06-06T10:34:32.279255,1,312.5,20000.0,4200.0,245771
2026-06-06T10:34:32.279255,2,0.09,9.0,1.89,245765
2026-06-06T10:34:32.279255,3,0.01,1.0,0.21,245764
2026-06-06T10:34:32.279255,0,0.02,1.0,0.21,245771
2026-06-06T10:34:32.279255,1,312.5,20000.0,4200.0,245772
2026-06-06T10:34:32.279255,2,0.09,9.0,1.89,245766
2026-06-06T10:34:32.279255,3,0.01,1.0,0.21,245765
2026-06-06T10:34:32.279255,0,0.02,1.0,0.21,245772
2026-06-06T10:34:32.279255,1,312.5,20000.0,4200.0,245773
2026-06-06T10:34:32.279255,2,0.09,8.0,1.68,245767
2026-06-06T10:34:32.279255,3,0.01,1.0,0.21,245766
2026-06-06T10:34:32.279255,0,0.02,2.0,0.42,245773
2026-06-06T10:34:32.279255,1,312.5,20000.0,4200.0,245774
2026-06-06T10:34:32.279255,2,0.08,8.0,1.68,245768
2026-06-06T10:34:32.279255,3,0.01,1.0,0.21,245767
2026-06-06T10:34:32.279255,0,0.02,2.0,0.42,245774
2026-06-06T10:34:32.279255,1,312.5,20000.0,4200.0,245775
2026-06-06T10:34:32.279255,2,0.08,8.0,1.68,245769
2026-06-06T10:34:32.279255,3,0.01,1.0,0.21,245768
2026-06-06T10:34:32.279758,0,0.02,2.0,0.42,245775
2026-06-06T10:34:32.279758,1,312.5,20000.0,4200.0,245776
2026-06-06T10:34:32.279758,2,0.08,8.0,1.68,245770
2026-06-06T10:34:32.279758,3,0.01,1.0,0.21,245769
2026-06-06T10:34:32.279758,0,0.02,2.0,0.42,245776
2026-06-06T10:34:32.279758,1,312.5,20000.0,4200.0,245777
2026-06-06T10:34:32.279758,2,0.08,8.0,1.68,245771
2026-06-06T10:34:32.279758,3,0.01,1.0,0.21,245770
2026-06-06T10:34:32.279758,0,0.02,2.0,0.42,245777
2026-06-06T10:34:32.279758,1,312.5,20000.0,4200.0,245778
2026-06-06T10:34:32.279758,2,0.09,8.0,1.68,245772
2026-06-06T10:34:32.279758,3,0.01,1.0,0.21,245771
2026-06-06T10:34:32.279758,0,0.02,2.0,0.42,245778
2026-06-06T10:34:32.279758,1,312.5,20000.0,4200.0,245779
2026-06-06T10:34:32.279758,2,0.09,8.0,1.68,245773
2026-06-06T10:34:32.279758,3,0.01,1.0,0.21,245772
2026-06-06T10:34:32.279758,0,0.02,2.0,0.42,245779
2026-06-06T10:34:32.279758,1,312.5,20000.0,4200.0,245780
2026-06-06T10:34:32.279758,2,0.09,9.0,1.89,245774
2026-06-06T10:34:32.279758,3,0.01,1.0,0.21,245773
2026-06-06T10:34:32.279758,0,0.02,2.0,0.42,245780
2026-06-06T10:34:32.279758,1,312.5,20000.0,4200.0,245781
2026-06-06T10:34:32.279758,2,0.09,9.0,1.89,245775
2026-06-06T10:34:32.279758,3,0.01,1.0,0.21,245774
2026-06-06T10:34:32.279758,0,0.02,2.0,0.42,245781
2026-06-06T10:34:32.279758,1,312.5,20000.0,4200.0,245782
2026-06-06T10:34:32.279758,2,0.09,9.0,1.89,245776
2026-06-06T10:34:32.279758,3,0.01,1.0,0.21,245775
2026-06-06T10:34:32.279758,0,0.02,2.0,0.42,245782
2026-06-06T10:34:32.309763,1,312.5,20000.0,4200.0,245783
2026-06-06T10:34:32.309763,2,0.09,8.0,1.68,245777
2026-06-06T10:34:32.309763,3,0.01,1.0,0.21,245776
2026-06-06T10:34:32.309763,0,0.02,2.0,0.42,245783
2026-06-06T10:34:32.309763,1,312.5,20000.0,4200.0,245784
2026-06-06T10:34:32.309763,2,0.08,8.0,1.68,245778
2026-06-06T10:34:32.309763,3,0.01,1.0,0.21,245777
2026-06-06T10:34:32.309763,0,0.02,1.0,0.21,245784
2026-06-06T10:34:32.309763,1,312.5,20000.0,4200.0,245785
2026-06-06T10:34:32.347768,2,0.08,8.0,1.68,245779
2026-06-06T10:34:32.347768,3,0.01,1.0,0.21,245778
2026-06-06T10:34:32.347768,0,0.02,1.0,0.21,245785
2026-06-06T10:34:32.347768,1,312.5,20000.0,4200.0,245786
2026-06-06T10:34:32.347768,2,0.08,8.0,1.68,245780
2026-06-06T10:34:32.347768,3,0.01,1.0,0.21,245779
2026-06-06T10:34:32.347768,0,0.02,1.0,0.21,245786
2026-06-06T10:34:32.347768,1,312.5,20000.0,4200.0,245787
2026-06-06T10:34:32.347768,2,0.08,8.0,1.68,245781
2026-06-06T10:34:32.347768,3,0.01,1.0,0.21,245780
2026-06-06T10:34:32.347768,0,0.02,1.0,0.21,245787
2026-06-06T10:34:32.347768,1,312.5,20000.0,4200.0,245788
2026-06-06T10:34:32.347768,2,0.09,8.0,1.68,245782
2026-06-06T10:34:32.347768,3,0.01,1.0,0.21,245781
2026-06-06T10:34:32.347768,0,0.02,1.0,0.21,245788
2026-06-06T10:34:32.347768,1,312.5,20000.0,4200.0,245789
2026-06-06T10:34:32.347768,2,0.09,9.0,1.89,245783
2026-06-06T10:34:32.347768,3,0.01,1.0,0.21,245782
2026-06-06T10:34:32.347768,0,0.02,1.0,0.21,245789
2026-06-06T10:34:32.347768,1,312.5,20000.0,4200.0,245790
2026-06-06T10:34:32.347768,2,0.09,9.0,1.89,245784
2026-06-06T10:34:32.347768,3,0.01,1.0,0.21,245783
2026-06-06T10:34:32.347768,0,0.02,1.0,0.21,245790
2026-06-06T10:34:32.347768,1,312.5,20000.0,4200.0,245791
2026-06-06T10:34:32.347768,2,0.09,9.0,1.89,245785
2026-06-06T10:34:32.347768,3,0.01,1.0,0.21,245784
2026-06-06T10:34:32.347768,0,0.02,1.0,0.21,245791
2026-06-06T10:34:32.347768,1,312.5,20000.0,4200.0,245792
2026-06-06T10:34:32.347768,2,0.09,8.0,1.68,245786
2026-06-06T10:34:32.347768,3,0.01,1.0,0.21,245785
2026-06-06T10:34:32.347768,0,0.02,1.0,0.21,245792
2026-06-06T10:34:32.347768,1,312.5,20000.0,4200.0,245793
2026-06-06T10:34:32.347768,2,0.09,8.0,1.68,245787
2026-06-06T10:34:32.347768,3,0.01,1.0,0.21,245786
2026-06-06T10:34:32.347768,0,0.02,2.0,0.42,245793
2026-06-06T10:34:32.347768,1,312.5,20000.0,4200.0,245794
2026-06-06T10:34:32.347768,2,0.08,8.0,1.68,245788
2026-06-06T10:34:32.347768,3,0.01,1.0,0.21,245787
2026-06-06T10:34:32.347768,0,0.02,2.0,0.42,245794
2026-06-06T10:34:32.347768,1,312.5,20000.0,4200.0,245795
2026-06-06T10:34:32.347768,2,0.08,8.0,1.68,245789
2026-06-06T10:34:32.347768,3,0.01,1.0,0.21,245788
2026-06-06T10:34:32.347768,0,0.02,2.0,0.42,245795
2026-06-06T10:34:32.347768,1,312.5,20000.0,4200.0,245796
2026-06-06T10:34:32.347768,2,0.08,8.0,1.68,245790
2026-06-06T10:34:32.347768,3,0.01,1.0,0.21,245789
2026-06-06T10:34:32.347768,0,0.02,2.0,0.42,245796
2026-06-06T10:34:32.347768,1,312.5,20000.0,4200.0,245797
2026-06-06T10:34:32.347768,2,0.08,8.0,1.68,245791
2026-06-06T10:34:32.347768,3,0.01,1.0,0.21,245790
2026-06-06T10:34:32.347768,0,0.02,2.0,0.42,245797
2026-06-06T10:34:32.347768,1,312.5,20000.0,4200.0,245798
2026-06-06T10:34:32.347768,2,0.09,8.0,1.68,245792
2026-06-06T10:34:32.347768,3,0.01,1.0,0.21,245791
2026-06-06T10:34:32.381278,0,0.02,2.0,0.42,245798
2026-06-06T10:34:32.381278,1,312.5,20000.0,4200.0,245799
2026-06-06T10:34:32.381278,2,0.09,9.0,1.89,245793
2026-06-06T10:34:32.381278,3,0.01,1.0,0.21,245792
2026-06-06T10:34:32.381278,0,0.02,1.0,0.21,245799
2026-06-06T10:34:32.381278,1,312.5,20000.0,4200.0,245800
2026-06-06T10:34:32.381278,2,0.09,9.0,1.89,245794
2026-06-06T10:34:32.381278,3,0.01,1.0,0.21,245793
2026-06-06T10:34:32.381278,0,0.02,1.0,0.21,245800
2026-06-06T10:34:32.381278,1,312.5,20000.0,4200.0,245801
2026-06-06T10:34:32.381278,2,0.09,9.0,1.89,245795
2026-06-06T10:34:32.381278,3,0.01,1.0,0.21,245794
2026-06-06T10:34:32.381278,0,0.01,1.0,0.21,245801
2026-06-06T10:34:32.381278,1,312.5,20000.0,4200.0,245802
2026-06-06T10:34:32.381278,2,0.09,8.0,1.68,245796
2026-06-06T10:34:32.381278,3,0.01,1.0,0.21,245795
2026-06-06T10:34:32.381278,0,0.02,1.0,0.21,245802
2026-06-06T10:34:32.381278,1,312.5,20000.0,4200.0,245803
2026-06-06T10:34:32.381278,2,0.08,8.0,1.68,245797
2026-06-06T10:34:32.381278,3,0.01,1.0,0.21,245796
2026-06-06T10:34:32.381278,0,0.01,1.0,0.21,245803
2026-06-06T10:34:32.381278,1,312.5,20000.0,4200.0,245804
2026-06-06T10:34:32.381278,2,0.08,8.0,1.68,245798
2026-06-06T10:34:32.381278,3,0.01,1.0,0.21,245797
2026-06-06T10:34:32.381278,0,0.01,1.0,0.21,245804
2026-06-06T10:34:32.381278,1,312.5,20000.0,4200.0,245805
2026-06-06T10:34:32.381278,2,0.08,8.0,1.68,245799
2026-06-06T10:34:32.410158,3,0.01,1.0,0.21,245798
2026-06-06T10:34:32.410158,0,0.01,1.0,0.21,245805
2026-06-06T10:34:32.410158,1,312.5,20000.0,4200.0,245806
2026-06-06T10:34:32.410158,2,0.08,8.0,1.68,245800
2026-06-06T10:34:32.410158,3,0.01,1.0,0.21,245799
2026-06-06T10:34:32.410158,0,0.01,1.0,0.21,245806
2026-06-06T10:34:32.410158,1,312.5,20000.0,4200.0,245807
2026-06-06T10:34:32.410158,2,0.08,8.0,1.68,245801
2026-06-06T10:34:32.410158,3,0.01,1.0,0.21,245800
2026-06-06T10:34:32.450165,0,0.01,1.0,0.21,245807
2026-06-06T10:34:32.450165,1,312.5,20000.0,4200.0,245808
2026-06-06T10:34:32.450165,2,0.09,8.0,1.68,245802
2026-06-06T10:34:32.450165,3,0.01,1.0,0.21,245801
2026-06-06T10:34:32.450165,0,0.02,1.0,0.21,245808
2026-06-06T10:34:32.450165,1,312.5,20000.0,4200.0,245809
2026-06-06T10:34:32.450165,2,0.09,9.0,1.89,245803
2026-06-06T10:34:32.450165,3,0.01,1.0,0.21,245802
2026-06-06T10:34:32.450165,0,0.02,1.0,0.21,245809
2026-06-06T10:34:32.450165,1,312.5,20000.0,4200.0,245810
2026-06-06T10:34:32.450165,2,0.09,9.0,1.89,245804
2026-06-06T10:34:32.450165,3,0.01,1.0,0.21,245803
2026-06-06T10:34:32.450165,0,0.02,1.0,0.21,245810
2026-06-06T10:34:32.450165,1,312.5,20000.0,4200.0,245811
2026-06-06T10:34:32.450165,2,0.09,9.0,1.89,245805
2026-06-06T10:34:32.450165,3,0.01,1.0,0.21,245804
2026-06-06T10:34:32.450165,0,0.02,1.0,0.21,245811
2026-06-06T10:34:32.450165,1,312.5,20000.0,4200.0,245812
2026-06-06T10:34:32.450165,2,0.09,8.0,1.68,245806
2026-06-06T10:34:32.450165,3,0.01,1.0,0.21,245805
2026-06-06T10:34:32.450165,0,0.02,2.0,0.42,245812
2026-06-06T10:34:32.450165,1,312.5,20000.0,4200.0,245813
2026-06-06T10:34:32.450165,2,0.08,8.0,1.68,245807
2026-06-06T10:34:32.450165,3,0.01,1.0,0.21,245806
2026-06-06T10:34:32.450165,0,0.02,2.0,0.42,245813
2026-06-06T10:34:32.450165,1,312.5,20000.0,4200.0,245814
2026-06-06T10:34:32.450165,2,0.08,8.0,1.68,245808
2026-06-06T10:34:32.450165,3,0.01,1.0,0.21,245807
2026-06-06T10:34:32.450165,0,0.02,2.0,0.42,245814
2026-06-06T10:34:32.450165,1,312.5,20000.0,4200.0,245815
2026-06-06T10:34:32.450165,2,0.08,8.0,1.68,245809
2026-06-06T10:34:32.450165,3,0.01,1.0,0.21,245808
2026-06-06T10:34:32.450165,0,0.02,2.0,0.42,245815
2026-06-06T10:34:32.450165,1,312.5,20000.0,4200.0,245816
2026-06-06T10:34:32.450165,2,0.08,8.0,1.68,245810
2026-06-06T10:34:32.450165,3,0.01,1.0,0.21,245809
2026-06-06T10:34:32.450165,0,0.02,1.0,0.21,245816
2026-06-06T10:34:32.450165,1,312.5,20000.0,4200.0,245817
2026-06-06T10:34:32.450165,2,0.09,8.0,1.68,245811
2026-06-06T10:34:32.450165,3,0.01,1.0,0.21,245810
2026-06-06T10:34:32.450165,0,0.02,2.0,0.42,245817
2026-06-06T10:34:32.450165,1,312.5,20000.0,4200.0,245818
2026-06-06T10:34:32.450165,2,0.09,8.0,1.68,245812
2026-06-06T10:34:32.450165,3,0.01,1.0,0.21,245811
2026-06-06T10:34:32.450165,0,0.02,2.0,0.42,245818
2026-06-06T10:34:32.485184,1,312.5,20000.0,4200.0,245819
2026-06-06T10:34:32.485184,2,0.09,9.0,1.89,245813
2026-06-06T10:34:32.485184,3,0.01,1.0,0.21,245812
2026-06-06T10:34:32.485184,0,0.02,2.0,0.42,245819
2026-06-06T10:34:32.485184,1,312.5,20000.0,4200.0,245820
2026-06-06T10:34:32.485184,2,0.09,9.0,1.89,245814
2026-06-06T10:34:32.485184,3,0.01,1.0,0.21,245813
2026-06-06T10:34:32.485184,0,0.02,2.0,0.42,245820
2026-06-06T10:34:32.485184,1,312.5,20000.0,4200.0,245821
2026-06-06T10:34:32.534815,2,0.09,9.0,1.89,245815
2026-06-06T10:34:32.534815,3,0.01,1.0,0.21,245814
2026-06-06T10:34:32.534815,0,0.02,2.0,0.42,245821
2026-06-06T10:34:32.534815,1,312.5,20000.0,4200.0,245822
2026-06-06T10:34:32.534815,2,0.09,8.0,1.68,245816
2026-06-06T10:34:32.534815,3,0.01,1.0,0.21,245815
2026-06-06T10:34:32.534815,0,0.02,2.0,0.42,245822
2026-06-06T10:34:32.534815,1,312.5,20000.0,4200.0,245823
2026-06-06T10:34:32.534815,2,0.08,8.0,1.68,245817
2026-06-06T10:34:32.534815,3,0.01,1.0,0.21,245816
2026-06-06T10:34:32.534815,0,0.02,2.0,0.42,245823
2026-06-06T10:34:32.534815,1,312.5,20000.0,4200.0,245824
2026-06-06T10:34:32.534815,2,0.08,8.0,1.68,245818
2026-06-06T10:34:32.534815,3,0.01,1.0,0.21,245817
2026-06-06T10:34:32.534815,0,0.02,2.0,0.42,245824
2026-06-06T10:34:32.534815,1,312.5,20000.0,4200.0,245825
2026-06-06T10:34:32.534815,2,0.08,8.0,1.68,245819
2026-06-06T10:34:32.534815,3,0.01,1.0,0.21,245818
2026-06-06T10:34:32.534815,0,0.02,1.0,0.21,245825
2026-06-06T10:34:32.534815,1,312.5,20000.0,4200.0,245826
2026-06-06T10:34:32.534815,2,0.08,8.0,1.68,245820
2026-06-06T10:34:32.534815,3,0.01,1.0,0.21,245819
2026-06-06T10:34:32.534815,0,0.02,1.0,0.21,245826
2026-06-06T10:34:32.534815,1,312.5,20000.0,4200.0,245827
2026-06-06T10:34:32.534815,2,0.09,8.0,1.68,245821
2026-06-06T10:34:32.534815,3,0.01,1.0,0.21,245820
2026-06-06T10:34:32.534815,0,0.02,1.0,0.21,245827
2026-06-06T10:34:32.534815,1,312.5,20000.0,4200.0,245828
2026-06-06T10:34:32.534815,2,0.09,8.0,1.68,245822
2026-06-06T10:34:32.534815,3,0.01,1.0,0.21,245821
2026-06-06T10:34:32.534815,0,0.02,1.0,0.21,245828
2026-06-06T10:34:32.534815,1,312.5,20000.0,4200.0,245829
2026-06-06T10:34:32.534815,2,0.09,9.0,1.89,245823
2026-06-06T10:34:32.534815,3,0.01,1.0,0.21,245822
2026-06-06T10:34:32.534815,0,0.02,1.0,0.21,245829
2026-06-06T10:34:32.534815,1,312.5,20000.0,4200.0,245830
2026-06-06T10:34:32.534815,2,0.09,9.0,1.89,245824
2026-06-06T10:34:32.534815,3,0.01,1.0,0.21,245823
2026-06-06T10:34:32.534815,0,0.02,1.0,0.21,245830
2026-06-06T10:34:32.534815,1,312.5,20000.0,4200.0,245831
2026-06-06T10:34:32.534815,2,0.09,8.0,1.68,245825
2026-06-06T10:34:32.534815,3,0.01,1.0,0.21,245824
2026-06-06T10:34:32.534815,0,0.02,1.0,0.21,245831
2026-06-06T10:34:32.534815,1,312.5,20000.0,4200.0,245832
2026-06-06T10:34:32.534815,2,0.09,8.0,1.68,245826
2026-06-06T10:34:32.534815,3,0.01,1.0,0.21,245825
2026-06-06T10:34:32.534815,0,0.02,2.0,0.42,245832
2026-06-06T10:34:32.534815,1,312.5,20000.0,4200.0,245833
2026-06-06T10:34:32.534815,2,0.08,8.0,1.68,245827
2026-06-06T10:34:32.534815,3,0.01,1.0,0.21,245826
2026-06-06T10:34:32.534815,0,0.02,2.0,0.42,245833
2026-06-06T10:34:32.534815,1,312.5,20000.0,4200.0,245834
2026-06-06T10:34:32.534815,2,0.08,8.0,1.68,245828
2026-06-06T10:34:32.534815,3,0.01,1.0,0.21,245827
2026-06-06T10:34:32.534815,0,0.02,2.0,0.42,245834
2026-06-06T10:34:32.534815,1,312.5,20000.0,4200.0,245835
2026-06-06T10:34:32.534815,2,0.08,8.0,1.68,245829
2026-06-06T10:34:32.534815,3,0.01,1.0,0.21,245828
2026-06-06T10:34:32.534815,0,0.02,2.0,0.42,245835
2026-06-06T10:34:32.534815,1,312.5,20000.0,4200.0,245836
2026-06-06T10:34:32.534815,2,0.08,8.0,1.68,245830
2026-06-06T10:34:32.534815,3,0.01,1.0,0.21,245829
2026-06-06T10:34:32.534815,0,0.02,2.0,0.42,245836
2026-06-06T10:34:32.534815,1,312.5,20000.0,4200.0,245837
2026-06-06T10:34:32.534815,2,0.09,8.0,1.68,245831
2026-06-06T10:34:32.534815,3,0.01,1.0,0.21,245830
2026-06-06T10:34:32.534815,0,0.02,1.0,0.21,245837
2026-06-06T10:34:32.534815,1,312.5,20000.0,4200.0,245838
2026-06-06T10:34:32.534815,2,0.09,9.0,1.89,245832
2026-06-06T10:34:32.534815,3,0.01,1.0,0.21,245831
2026-06-06T10:34:32.534815,0,0.02,1.0,0.21,245838
2026-06-06T10:34:32.534815,1,312.5,20000.0,4200.0,245839
2026-06-06T10:34:32.534815,2,0.09,9.0,1.89,245833
2026-06-06T10:34:32.534815,3,0.01,1.0,0.21,245832
2026-06-06T10:34:32.534815,0,0.02,2.0,0.42,245839
2026-06-06T10:34:32.534815,1,312.5,20000.0,4200.0,245840
2026-06-06T10:34:32.534815,2,0.09,9.0,1.89,245834
2026-06-06T10:34:32.534815,3,0.01,1.0,0.21,245833
2026-06-06T10:34:32.534815,0,0.02,2.0,0.42,245840
2026-06-06T10:34:32.534815,1,312.5,20000.0,4200.0,245841
2026-06-06T10:34:32.534815,2,0.09,8.0,1.68,245835
2026-06-06T10:34:32.565839,3,0.01,1.0,0.21,245834
2026-06-06T10:34:32.565839,0,0.02,2.0,0.42,245841
2026-06-06T10:34:32.565839,1,312.5,20000.0,4200.0,245842
2026-06-06T10:34:32.565839,2,0.09,8.0,1.68,245836
2026-06-06T10:34:32.565839,3,0.01,1.0,0.21,245835
2026-06-06T10:34:32.565839,0,0.02,2.0,0.42,245842
2026-06-06T10:34:32.565839,1,312.5,20000.0,4200.0,245843
2026-06-06T10:34:32.565839,2,0.08,8.0,1.68,245837
2026-06-06T10:34:32.565839,3,0.01,1.0,0.21,245836
2026-06-06T10:34:32.602839,0,0.02,2.0,0.42,245843
2026-06-06T10:34:32.602839,1,312.5,20000.0,4200.0,245844
2026-06-06T10:34:32.602839,2,0.08,8.0,1.68,245838
2026-06-06T10:34:32.602839,3,0.01,1.0,0.21,245837
2026-06-06T10:34:32.602839,0,0.02,2.0,0.42,245844
2026-06-06T10:34:32.602839,1,312.5,20000.0,4200.0,245845
2026-06-06T10:34:32.602839,2,0.08,8.0,1.68,245839
2026-06-06T10:34:32.602839,3,0.01,1.0,0.21,245838
2026-06-06T10:34:32.602839,0,0.02,2.0,0.42,245845
2026-06-06T10:34:32.637838,1,312.5,20000.0,4200.0,245846
2026-06-06T10:34:32.637838,2,0.08,8.0,1.68,245840
2026-06-06T10:34:32.637838,3,0.01,1.0,0.21,245839
2026-06-06T10:34:32.637838,0,0.02,2.0,0.42,245846
2026-06-06T10:34:32.637838,1,312.5,20000.0,4200.0,245847
2026-06-06T10:34:32.637838,2,0.09,8.0,1.68,245841
2026-06-06T10:34:32.637838,3,0.01,1.0,0.21,245840
2026-06-06T10:34:32.637838,0,0.02,1.0,0.21,245847
2026-06-06T10:34:32.637838,1,312.5,20000.0,4200.0,245848
2026-06-06T10:34:32.687351,2,0.09,9.0,1.89,245842
2026-06-06T10:34:32.687351,3,0.01,1.0,0.21,245841
2026-06-06T10:34:32.687351,0,0.02,1.0,0.21,245848
2026-06-06T10:34:32.687351,1,312.5,20000.0,4200.0,245849
2026-06-06T10:34:32.687351,2,0.09,9.0,1.89,245843
2026-06-06T10:34:32.687351,3,0.01,1.0,0.21,245842
2026-06-06T10:34:32.687351,0,0.02,1.0,0.21,245849
2026-06-06T10:34:32.687351,1,312.5,20000.0,4200.0,245850
2026-06-06T10:34:32.687351,2,0.09,9.0,1.89,245844
2026-06-06T10:34:32.687351,3,0.01,1.0,0.21,245843
2026-06-06T10:34:32.687351,0,0.02,1.0,0.21,245850
2026-06-06T10:34:32.687351,1,312.5,20000.0,4200.0,245851
2026-06-06T10:34:32.687351,2,0.09,8.0,1.68,245845
2026-06-06T10:34:32.687351,3,0.01,1.0,0.21,245844
2026-06-06T10:34:32.687351,0,0.02,1.0,0.21,245851
2026-06-06T10:34:32.687351,1,312.5,20000.0,4200.0,245852
2026-06-06T10:34:32.687351,2,0.09,8.0,1.68,245846
2026-06-06T10:34:32.687351,3,0.01,1.0,0.21,245845
2026-06-06T10:34:32.687351,0,0.02,1.0,0.21,245852
2026-06-06T10:34:32.687351,1,312.5,20000.0,4200.0,245853
2026-06-06T10:34:32.687351,2,0.08,8.0,1.68,245847
2026-06-06T10:34:32.687351,3,0.01,1.0,0.21,245846
2026-06-06T10:34:32.687351,0,0.02,1.0,0.21,245853
2026-06-06T10:34:32.687351,1,312.5,20000.0,4200.0,245854
2026-06-06T10:34:32.687351,2,0.08,8.0,1.68,245848
2026-06-06T10:34:32.687351,3,0.01,1.0,0.21,245847
2026-06-06T10:34:32.687351,0,0.02,1.0,0.21,245854
2026-06-06T10:34:32.687351,1,312.5,20000.0,4200.0,245855
2026-06-06T10:34:32.687351,2,0.08,8.0,1.68,245849
2026-06-06T10:34:32.687351,3,0.01,1.0,0.21,245848
2026-06-06T10:34:32.687351,0,0.02,2.0,0.42,245855
2026-06-06T10:34:32.687351,1,312.5,20000.0,4200.0,245856
2026-06-06T10:34:32.687351,2,0.08,8.0,1.68,245850
2026-06-06T10:34:32.687351,3,0.01,1.0,0.21,245849
2026-06-06T10:34:32.687351,0,0.02,2.0,0.42,245856
2026-06-06T10:34:32.687351,1,312.5,20000.0,4200.0,245857
2026-06-06T10:34:32.687351,2,0.09,8.0,1.68,245851
2026-06-06T10:34:32.687351,3,0.01,1.0,0.21,245850
2026-06-06T10:34:32.687351,0,0.02,2.0,0.42,245857
2026-06-06T10:34:32.687351,1,312.5,20000.0,4200.0,245858
2026-06-06T10:34:32.687351,2,0.09,9.0,1.89,245852
2026-06-06T10:34:32.687351,3,0.01,1.0,0.21,245851
2026-06-06T10:34:32.687351,0,0.02,2.0,0.42,245858
2026-06-06T10:34:32.687351,1,312.5,20000.0,4200.0,245859
2026-06-06T10:34:32.687351,2,0.09,9.0,1.89,245853
2026-06-06T10:34:32.687351,3,0.01,1.0,0.21,245852
2026-06-06T10:34:32.687351,0,0.02,2.0,0.42,245859
2026-06-06T10:34:32.687351,1,312.5,20000.0,4200.0,245860
2026-06-06T10:34:32.687351,2,0.09,9.0,1.89,245854
2026-06-06T10:34:32.687351,3,0.01,1.0,0.21,245853
2026-06-06T10:34:32.687351,0,0.02,2.0,0.42,245860
2026-06-06T10:34:32.687351,1,312.5,20000.0,4200.0,245861
2026-06-06T10:34:32.687351,2,0.09,8.0,1.68,245855
2026-06-06T10:34:32.687351,3,0.01,1.0,0.21,245854
2026-06-06T10:34:32.687351,0,0.02,2.0,0.42,245861
2026-06-06T10:34:32.687351,1,312.5,20000.0,4200.0,245862
2026-06-06T10:34:32.687351,2,0.08,8.0,1.68,245856
2026-06-06T10:34:32.687351,3,0.01,1.0,0.21,245855
2026-06-06T10:34:32.687351,0,0.02,2.0,0.42,245862
2026-06-06T10:34:32.687351,1,312.5,20000.0,4200.0,245863
2026-06-06T10:34:32.687351,2,0.08,8.0,1.68,245857
2026-06-06T10:34:32.687351,3,0.01,1.0,0.21,245856
2026-06-06T10:34:32.687351,0,0.02,1.0,0.21,245863
2026-06-06T10:34:32.687351,1,312.5,20000.0,4200.0,245864
2026-06-06T10:34:32.687351,2,0.08,8.0,1.68,245858
2026-06-06T10:34:32.687351,3,0.01,1.0,0.21,245857
2026-06-06T10:34:32.687351,0,0.02,1.0,0.21,245864
2026-06-06T10:34:32.687351,1,312.5,20000.0,4200.0,245865
2026-06-06T10:34:32.687351,2,0.08,8.0,1.68,245859
2026-06-06T10:34:32.687351,3,0.01,1.0,0.21,245858
2026-06-06T10:34:32.687351,0,0.02,1.0,0.21,245865
2026-06-06T10:34:32.687351,1,312.5,20000.0,4200.0,245866
2026-06-06T10:34:32.687351,2,0.09,8.0,1.68,245860
2026-06-06T10:34:32.687351,3,0.01,1.0,0.21,245859
2026-06-06T10:34:32.687351,0,0.02,1.0,0.21,245866
2026-06-06T10:34:32.687351,1,312.5,20000.0,4200.0,245867
2026-06-06T10:34:32.687351,2,0.09,8.0,1.68,245861
2026-06-06T10:34:32.687351,3,0.01,1.0,0.21,245860
2026-06-06T10:34:32.687351,0,0.02,1.0,0.21,245867
2026-06-06T10:34:32.687351,1,312.5,20000.0,4200.0,245868
2026-06-06T10:34:32.687351,2,0.09,9.0,1.89,245862
2026-06-06T10:34:32.714351,3,0.01,1.0,0.21,245861
2026-06-06T10:34:32.714351,0,0.02,1.0,0.21,245868
2026-06-06T10:34:32.714351,1,312.5,20000.0,4200.0,245869
2026-06-06T10:34:32.714351,2,0.09,9.0,1.89,245863
2026-06-06T10:34:32.714351,3,0.01,1.0,0.21,245862
2026-06-06T10:34:32.714351,0,0.02,1.0,0.21,245869
2026-06-06T10:34:32.714351,1,312.5,20000.0,4200.0,245870
2026-06-06T10:34:32.714351,2,0.09,9.0,1.89,245864
2026-06-06T10:34:32.714351,3,0.01,1.0,0.21,245863
2026-06-06T10:34:32.755357,0,0.02,1.0,0.21,245870
2026-06-06T10:34:32.755357,1,312.5,20000.0,4200.0,245871
2026-06-06T10:34:32.755357,2,0.09,8.0,1.68,245865
2026-06-06T10:34:32.755357,3,0.01,1.0,0.21,245864
2026-06-06T10:34:32.755357,0,0.02,1.0,0.21,245871
2026-06-06T10:34:32.755357,1,312.5,20000.0,4200.0,245872
2026-06-06T10:34:32.755357,2,0.08,8.0,1.68,245866
2026-06-06T10:34:32.755357,3,0.01,1.0,0.21,245865
2026-06-06T10:34:32.755357,0,0.02,2.0,0.42,245872
2026-06-06T10:34:32.755357,1,312.5,20000.0,4200.0,245873
2026-06-06T10:34:32.755357,2,0.08,8.0,1.68,245867
2026-06-06T10:34:32.755357,3,0.01,1.0,0.21,245866
2026-06-06T10:34:32.755357,0,0.02,2.0,0.42,245873
2026-06-06T10:34:32.755357,1,312.5,20000.0,4200.0,245874
2026-06-06T10:34:32.755357,2,0.08,8.0,1.68,245868
2026-06-06T10:34:32.755357,3,0.01,1.0,0.21,245867
2026-06-06T10:34:32.755357,0,0.02,1.0,0.21,245874
2026-06-06T10:34:32.755357,1,312.5,20000.0,4200.0,245875
2026-06-06T10:34:32.755357,2,0.08,8.0,1.68,245869
2026-06-06T10:34:32.755357,3,0.01,1.0,0.21,245868
2026-06-06T10:34:32.755357,0,0.02,1.0,0.21,245875
2026-06-06T10:34:32.755357,1,312.5,20000.0,4200.0,245876
2026-06-06T10:34:32.755357,2,0.09,8.0,1.68,245870
2026-06-06T10:34:32.755357,3,0.01,1.0,0.21,245869
2026-06-06T10:34:32.755357,0,0.02,2.0,0.42,245876
2026-06-06T10:34:32.755357,1,312.5,20000.0,4200.0,245877
2026-06-06T10:34:32.755357,2,0.09,9.0,1.89,245871
2026-06-06T10:34:32.755357,3,0.01,1.0,0.21,245870
2026-06-06T10:34:32.755357,0,0.02,2.0,0.42,245877
2026-06-06T10:34:32.755357,1,312.5,20000.0,4200.0,245878
2026-06-06T10:34:32.755357,2,0.09,9.0,1.89,245872
2026-06-06T10:34:32.755357,3,0.01,1.0,0.21,245871
2026-06-06T10:34:32.755357,0,0.02,2.0,0.42,245878
2026-06-06T10:34:32.755357,1,312.5,20000.0,4200.0,245879
2026-06-06T10:34:32.755357,2,0.09,9.0,1.89,245873
2026-06-06T10:34:32.755357,3,0.01,1.0,0.21,245872
2026-06-06T10:34:32.755357,0,0.02,2.0,0.42,245879
2026-06-06T10:34:32.755357,1,312.5,20000.0,4200.0,245880
2026-06-06T10:34:32.755357,2,0.09,9.0,1.89,245874
2026-06-06T10:34:32.755357,3,0.01,1.0,0.21,245873
2026-06-06T10:34:32.755357,0,0.02,2.0,0.42,245880
2026-06-06T10:34:32.755357,1,312.5,20000.0,4200.0,245881
2026-06-06T10:34:32.755357,2,0.09,8.0,1.68,245875
2026-06-06T10:34:32.755357,3,0.01,1.0,0.21,245874
2026-06-06T10:34:32.755357,0,0.02,2.0,0.42,245881
2026-06-06T10:34:32.755357,1,312.5,20000.0,4200.0,245882
2026-06-06T10:34:32.755357,2,0.08,8.0,1.68,245876
2026-06-06T10:34:32.755357,3,0.01,1.0,0.21,245875
2026-06-06T10:34:32.755357,0,0.02,2.0,0.42,245882
2026-06-06T10:34:32.755357,1,312.5,20000.0,4200.0,245883
2026-06-06T10:34:32.755357,2,0.08,8.0,1.68,245877
2026-06-06T10:34:32.755357,3,0.01,1.0,0.21,245876
2026-06-06T10:34:32.755357,0,0.02,2.0,0.42,245883
2026-06-06T10:34:32.755357,1,312.5,20000.0,4200.0,245884
2026-06-06T10:34:32.755357,2,0.08,8.0,1.68,245878
2026-06-06T10:34:32.755357,3,0.01,1.0,0.21,245877
2026-06-06T10:34:32.755357,0,0.02,2.0,0.42,245884
2026-06-06T10:34:32.755357,1,312.5,20000.0,4200.0,245885
2026-06-06T10:34:32.755357,2,0.08,8.0,1.68,245879
2026-06-06T10:34:32.755357,3,0.01,1.0,0.21,245878
2026-06-06T10:34:32.755357,0,0.02,1.0,0.21,245885
2026-06-06T10:34:32.755357,1,312.5,20000.0,4200.0,245886
2026-06-06T10:34:32.755357,2,0.09,8.0,1.68,245880
2026-06-06T10:34:32.755357,3,0.01,1.0,0.21,245879
2026-06-06T10:34:32.755357,0,0.02,2.0,0.42,245886
2026-06-06T10:34:32.755357,1,312.5,20000.0,4200.0,245887
2026-06-06T10:34:32.755357,2,0.09,8.0,1.68,245881
2026-06-06T10:34:32.755357,3,0.01,1.0,0.21,245880
2026-06-06T10:34:32.755357,0,0.02,1.0,0.21,245887
2026-06-06T10:34:32.755357,1,312.5,20000.0,4200.0,245888
2026-06-06T10:34:32.755357,2,0.09,9.0,1.89,245882
2026-06-06T10:34:32.755357,3,0.01,1.0,0.21,245881
2026-06-06T10:34:32.755357,0,0.02,1.0,0.21,245888
2026-06-06T10:34:32.755357,1,312.5,20000.0,4200.0,245889
2026-06-06T10:34:32.755357,2,0.09,9.0,1.89,245883
2026-06-06T10:34:32.755357,3,0.01,1.0,0.21,245882
2026-06-06T10:34:32.755357,0,0.02,1.0,0.21,245889
2026-06-06T10:34:32.755357,1,312.5,20000.0,4200.0,245890
2026-06-06T10:34:32.755357,2,0.09,8.0,1.68,245884
2026-06-06T10:34:32.755357,3,0.01,1.0,0.21,245883
2026-06-06T10:34:32.755357,0,0.02,2.0,0.42,245890
2026-06-06T10:34:32.789864,1,312.5,20000.0,4200.0,245891
2026-06-06T10:34:32.789864,2,0.09,8.0,1.68,245885
2026-06-06T10:34:32.789864,3,0.01,1.0,0.21,245884
2026-06-06T10:34:32.789864,0,0.02,2.0,0.42,245891
2026-06-06T10:34:32.789864,1,312.5,20000.0,4200.0,245892
2026-06-06T10:34:32.789864,2,0.08,8.0,1.68,245886
2026-06-06T10:34:32.789864,3,0.01,1.0,0.21,245885
2026-06-06T10:34:32.789864,0,0.02,2.0,0.42,245892
2026-06-06T10:34:32.789864,1,312.5,20000.0,4200.0,245893
2026-06-06T10:34:32.789864,2,0.08,8.0,1.68,245887
2026-06-06T10:34:32.789864,3,0.01,1.0,0.21,245886
2026-06-06T10:34:32.789864,0,0.02,1.0,0.21,245893
2026-06-06T10:34:32.789864,1,312.5,20000.0,4200.0,245894
2026-06-06T10:34:32.789864,2,0.08,8.0,1.68,245888
2026-06-06T10:34:32.789864,3,0.01,1.0,0.21,245887
2026-06-06T10:34:32.789864,0,0.02,2.0,0.42,245894
2026-06-06T10:34:32.789864,1,312.5,20000.0,4200.0,245895
2026-06-06T10:34:32.789864,2,0.08,8.0,1.68,245889
2026-06-06T10:34:32.789864,3,0.01,1.0,0.21,245888
2026-06-06T10:34:32.789864,0,0.02,2.0,0.42,245895
2026-06-06T10:34:32.789864,1,312.5,20000.0,4200.0,245896
2026-06-06T10:34:32.789864,2,0.09,8.0,1.68,245890
2026-06-06T10:34:32.789864,3,0.01,1.0,0.21,245889
2026-06-06T10:34:32.789864,0,0.02,2.0,0.42,245896
2026-06-06T10:34:32.789864,1,312.5,20000.0,4200.0,245897
2026-06-06T10:34:32.789864,2,0.09,9.0,1.89,245891
2026-06-06T10:34:32.789864,3,0.01,1.0,0.21,245890
2026-06-06T10:34:32.789864,0,0.02,2.0,0.42,245897
2026-06-06T10:34:32.789864,1,312.5,20000.0,4200.0,245898
2026-06-06T10:34:32.789864,2,0.09,9.0,1.89,245892
2026-06-06T10:34:32.789864,3,0.01,1.0,0.21,245891
2026-06-06T10:34:32.789864,0,0.02,2.0,0.42,245898
2026-06-06T10:34:32.789864,1,312.5,20000.0,4200.0,245899
2026-06-06T10:34:32.789864,2,0.09,9.0,1.89,245893
2026-06-06T10:34:32.789864,3,0.01,1.0,0.21,245892
2026-06-06T10:34:32.789864,0,0.02,2.0,0.42,245899
2026-06-06T10:34:32.789864,1,312.5,20000.0,4200.0,245900
2026-06-06T10:34:32.789864,2,0.09,8.0,1.68,245894
2026-06-06T10:34:32.789864,3,0.01,1.0,0.21,245893
2026-06-06T10:34:32.789864,0,0.02,2.0,0.42,245900
2026-06-06T10:34:32.789864,1,312.5,20000.0,4200.0,245901
2026-06-06T10:34:32.789864,2,0.09,8.0,1.68,245895
2026-06-06T10:34:32.789864,3,0.01,1.0,0.21,245894
2026-06-06T10:34:32.789864,0,0.02,2.0,0.42,245901
2026-06-06T10:34:32.789864,1,312.5,20000.0,4200.0,245902
2026-06-06T10:34:32.789864,2,0.08,8.0,1.68,245896
2026-06-06T10:34:32.789864,3,0.01,1.0,0.21,245895
2026-06-06T10:34:32.789864,0,0.02,2.0,0.42,245902
2026-06-06T10:34:32.789864,1,312.5,20000.0,4200.0,245903
2026-06-06T10:34:32.789864,2,0.08,8.0,1.68,245897
2026-06-06T10:34:32.789864,3,0.01,1.0,0.21,245896
2026-06-06T10:34:32.789864,0,0.02,2.0,0.42,245903
2026-06-06T10:34:32.789864,1,312.5,20000.0,4200.0,245904
2026-06-06T10:34:32.789864,2,0.08,8.0,1.68,245898
2026-06-06T10:34:32.823685,3,0.01,1.0,0.21,245897
2026-06-06T10:34:32.823685,0,0.02,2.0,0.42,245904
2026-06-06T10:34:32.823685,1,312.5,20000.0,4200.0,245905
2026-06-06T10:34:32.823685,2,0.09,8.0,1.68,245899
2026-06-06T10:34:32.823685,3,0.01,1.0,0.21,245898
2026-06-06T10:34:32.823685,0,0.02,2.0,0.42,245905
2026-06-06T10:34:32.823685,1,312.5,20000.0,4200.0,245906
2026-06-06T10:34:32.823685,2,0.09,8.0,1.68,245900
2026-06-06T10:34:32.823685,3,0.01,1.0,0.21,245899
2026-06-06T10:34:32.823685,0,0.02,2.0,0.42,245906
2026-06-06T10:34:32.823685,1,312.5,20000.0,4200.0,245907
2026-06-06T10:34:32.823685,2,0.09,9.0,1.89,245901
2026-06-06T10:34:32.823685,3,0.01,1.0,0.21,245900
2026-06-06T10:34:32.823685,0,0.02,2.0,0.42,245907
2026-06-06T10:34:32.823685,1,312.5,20000.0,4200.0,245908
2026-06-06T10:34:32.823685,2,0.09,9.0,1.89,245902
2026-06-06T10:34:32.823685,3,0.01,1.0,0.21,245901
2026-06-06T10:34:32.823685,0,0.02,2.0,0.42,245908
2026-06-06T10:34:32.823685,1,312.5,20000.0,4200.0,245909
2026-06-06T10:34:32.823685,2,0.09,9.0,1.89,245903
2026-06-06T10:34:32.823685,3,0.01,1.0,0.21,245902
2026-06-06T10:34:32.823685,0,0.02,2.0,0.42,245909
2026-06-06T10:34:32.823685,1,312.5,20000.0,4200.0,245910
2026-06-06T10:34:32.823685,2,0.09,8.0,1.68,245904
2026-06-06T10:34:32.823685,3,0.01,1.0,0.21,245903
2026-06-06T10:34:32.823685,0,0.02,2.0,0.42,245910
2026-06-06T10:34:32.823685,1,312.5,20000.0,4200.0,245911
2026-06-06T10:34:32.823685,2,0.08,8.0,1.68,245905
2026-06-06T10:34:32.823685,3,0.01,1.0,0.21,245904
2026-06-06T10:34:32.823685,0,0.02,2.0,0.42,245911
2026-06-06T10:34:32.823685,1,312.5,20000.0,4200.0,245912
2026-06-06T10:34:32.823685,2,0.08,8.0,1.68,245906
2026-06-06T10:34:32.823685,3,0.01,1.0,0.21,245905
2026-06-06T10:34:32.823685,0,0.02,2.0,0.42,245912
2026-06-06T10:34:32.823685,1,312.5,20000.0,4200.0,245913
2026-06-06T10:34:32.823685,2,0.08,8.0,1.68,245907
2026-06-06T10:34:32.823685,3,0.01,1.0,0.21,245906
2026-06-06T10:34:32.823685,0,0.02,2.0,0.42,245913
2026-06-06T10:34:32.823685,1,312.5,20000.0,4200.0,245914
2026-06-06T10:34:32.823685,2,0.08,8.0,1.68,245908
2026-06-06T10:34:32.823685,3,0.01,1.0,0.21,245907
2026-06-06T10:34:32.823685,0,0.02,2.0,0.42,245914
2026-06-06T10:34:32.823685,1,312.5,20000.0,4200.0,245915
2026-06-06T10:34:32.823685,2,0.09,8.0,1.68,245909
2026-06-06T10:34:32.823685,3,0.01,1.0,0.21,245908
2026-06-06T10:34:32.823685,0,0.02,2.0,0.42,245915
2026-06-06T10:34:32.823685,1,312.5,20000.0,4200.0,245916
2026-06-06T10:34:32.823685,2,0.09,8.0,1.68,245910
2026-06-06T10:34:32.823685,3,0.01,1.0,0.21,245909
2026-06-06T10:34:32.823685,0,0.02,2.0,0.42,245916
2026-06-06T10:34:32.823685,1,312.5,20000.0,4200.0,245917
2026-06-06T10:34:32.823685,2,0.09,9.0,1.89,245911
2026-06-06T10:34:32.823685,3,0.01,1.0,0.21,245910
2026-06-06T10:34:32.823685,0,0.02,2.0,0.42,245917
2026-06-06T10:34:32.857690,1,312.5,20000.0,4200.0,245918
2026-06-06T10:34:32.857690,2,0.09,9.0,1.89,245912
2026-06-06T10:34:32.857690,3,0.01,1.0,0.21,245911
2026-06-06T10:34:32.857690,0,0.02,2.0,0.42,245918
2026-06-06T10:34:32.857690,1,312.5,20000.0,4200.0,245919
2026-06-06T10:34:32.857690,2,0.09,9.0,1.89,245913
2026-06-06T10:34:32.857690,3,0.01,1.0,0.21,245912
2026-06-06T10:34:32.857690,0,0.02,2.0,0.42,245919
2026-06-06T10:34:32.857690,1,312.5,20000.0,4200.0,245920
2026-06-06T10:34:32.857690,2,0.09,8.0,1.68,245914
2026-06-06T10:34:32.857690,3,0.01,1.0,0.21,245913
2026-06-06T10:34:32.857690,0,0.02,1.0,0.21,245920
2026-06-06T10:34:32.857690,1,312.5,20000.0,4200.0,245921
2026-06-06T10:34:32.857690,2,0.08,8.0,1.68,245915
2026-06-06T10:34:32.857690,3,0.01,1.0,0.21,245914
2026-06-06T10:34:32.857690,0,0.02,1.0,0.21,245921
2026-06-06T10:34:32.857690,1,312.5,20000.0,4200.0,245922
2026-06-06T10:34:32.857690,2,0.08,8.0,1.68,245916
2026-06-06T10:34:32.857690,3,0.01,1.0,0.21,245915
2026-06-06T10:34:32.857690,0,0.02,1.0,0.21,245922
2026-06-06T10:34:32.857690,1,312.5,20000.0,4200.0,245923
2026-06-06T10:34:32.857690,2,0.08,8.0,1.68,245917
2026-06-06T10:34:32.857690,3,0.01,1.0,0.21,245916
2026-06-06T10:34:32.857690,0,0.02,1.0,0.21,245923
2026-06-06T10:34:32.857690,1,312.5,20000.0,4200.0,245924
2026-06-06T10:34:32.857690,2,0.08,8.0,1.68,245918
2026-06-06T10:34:32.857690,3,0.01,1.0,0.21,245917
2026-06-06T10:34:32.857690,0,0.02,1.0,0.21,245924
2026-06-06T10:34:32.857690,1,312.5,20000.0,4200.0,245925
2026-06-06T10:34:32.857690,2,0.09,8.0,1.68,245919
2026-06-06T10:34:32.857690,3,0.01,1.0,0.21,245918
2026-06-06T10:34:32.857690,0,0.02,1.0,0.21,245925
2026-06-06T10:34:32.857690,1,312.5,20000.0,4200.0,245926
2026-06-06T10:34:32.857690,2,0.09,8.0,1.68,245920
2026-06-06T10:34:32.857690,3,0.01,1.0,0.21,245919
2026-06-06T10:34:32.857690,0,0.02,2.0,0.42,245926
2026-06-06T10:34:32.857690,1,312.5,20000.0,4200.0,245927
2026-06-06T10:34:32.857690,2,0.09,9.0,1.89,245921
2026-06-06T10:34:32.857690,3,0.01,1.0,0.21,245920
2026-06-06T10:34:32.857690,0,0.02,2.0,0.42,245927
2026-06-06T10:34:32.857690,1,312.5,20000.0,4200.0,245928
2026-06-06T10:34:32.857690,2,0.09,9.0,1.89,245922
2026-06-06T10:34:32.857690,3,0.01,1.0,0.21,245921
2026-06-06T10:34:32.857690,0,0.02,2.0,0.42,245928
2026-06-06T10:34:32.857690,1,312.5,20000.0,4200.0,245929
2026-06-06T10:34:32.857690,2,0.09,9.0,1.89,245923
2026-06-06T10:34:32.857690,3,0.01,1.0,0.21,245922
2026-06-06T10:34:32.857690,0,0.02,2.0,0.42,245929
2026-06-06T10:34:32.857690,1,312.5,20000.0,4200.0,245930
2026-06-06T10:34:32.857690,2,0.09,8.0,1.68,245924
2026-06-06T10:34:32.857690,3,0.01,1.0,0.21,245923
2026-06-06T10:34:32.857690,0,0.02,2.0,0.42,245930
2026-06-06T10:34:32.857690,1,312.5,20000.0,4200.0,245931
2026-06-06T10:34:32.857690,2,0.08,8.0,1.68,245925
2026-06-06T10:34:32.882708,3,0.01,1.0,0.21,245924
2026-06-06T10:34:32.882708,0,0.02,2.0,0.42,245931
2026-06-06T10:34:32.882708,1,312.5,20000.0,4200.0,245932
2026-06-06T10:34:32.882708,2,0.08,8.0,1.68,245926
2026-06-06T10:34:32.882708,3,0.01,1.0,0.21,245925
2026-06-06T10:34:32.882708,0,0.02,2.0,0.42,245932
2026-06-06T10:34:32.882708,1,312.5,20000.0,4200.0,245933
2026-06-06T10:34:32.882708,2,0.08,8.0,1.68,245927
2026-06-06T10:34:32.882708,3,0.01,1.0,0.21,245926
2026-06-06T10:34:32.908707,0,0.02,2.0,0.42,245933
2026-06-06T10:34:32.908707,1,312.5,20000.0,4200.0,245934
2026-06-06T10:34:32.908707,2,0.08,8.0,1.68,245928
2026-06-06T10:34:32.908707,3,0.01,1.0,0.21,245927
2026-06-06T10:34:32.908707,0,0.02,2.0,0.42,245934
2026-06-06T10:34:32.908707,1,312.5,20000.0,4200.0,245935
2026-06-06T10:34:32.908707,2,0.09,8.0,1.68,245929
2026-06-06T10:34:32.908707,3,0.01,1.0,0.21,245928
2026-06-06T10:34:32.908707,0,0.02,2.0,0.42,245935
2026-06-06T10:34:32.942709,1,312.5,20000.0,4200.0,245936
2026-06-06T10:34:32.942709,2,0.09,8.0,1.68,245930
2026-06-06T10:34:32.942709,3,0.01,1.0,0.21,245929
2026-06-06T10:34:32.942709,0,0.02,2.0,0.42,245936
2026-06-06T10:34:32.942709,1,312.5,20000.0,4200.0,245937
2026-06-06T10:34:32.942709,2,0.09,9.0,1.89,245931
2026-06-06T10:34:32.942709,3,0.01,1.0,0.21,245930
2026-06-06T10:34:32.942709,0,0.02,2.0,0.42,245937
2026-06-06T10:34:32.942709,1,312.5,20000.0,4200.0,245938
2026-06-06T10:34:32.942709,2,0.09,9.0,1.89,245932
2026-06-06T10:34:32.942709,3,0.01,1.0,0.21,245931
2026-06-06T10:34:32.942709,0,0.02,2.0,0.42,245938
2026-06-06T10:34:32.942709,1,312.5,20000.0,4200.0,245939
2026-06-06T10:34:32.942709,2,0.09,8.0,1.68,245933
2026-06-06T10:34:32.942709,3,0.01,1.0,0.21,245932
2026-06-06T10:34:32.942709,0,0.02,1.0,0.21,245939
2026-06-06T10:34:32.942709,1,312.5,20000.0,4200.0,245940
2026-06-06T10:34:32.942709,2,0.09,8.0,1.68,245934
2026-06-06T10:34:32.942709,3,0.01,1.0,0.21,245933
2026-06-06T10:34:32.942709,0,0.02,1.0,0.21,245940
2026-06-06T10:34:32.942709,1,312.5,20000.0,4200.0,245941
2026-06-06T10:34:32.942709,2,0.08,8.0,1.68,245935
2026-06-06T10:34:32.942709,3,0.01,1.0,0.21,245934
2026-06-06T10:34:32.942709,0,0.02,1.0,0.21,245941
2026-06-06T10:34:32.942709,1,312.5,20000.0,4200.0,245942
2026-06-06T10:34:32.942709,2,0.08,8.0,1.68,245936
2026-06-06T10:34:32.942709,3,0.01,1.0,0.21,245935
2026-06-06T10:34:32.942709,0,0.02,1.0,0.21,245942
2026-06-06T10:34:32.942709,1,312.5,20000.0,4200.0,245943
2026-06-06T10:34:32.942709,2,0.08,8.0,1.68,245937
2026-06-06T10:34:32.942709,3,0.01,1.0,0.21,245936
2026-06-06T10:34:32.942709,0,0.02,1.0,0.21,245943
2026-06-06T10:34:32.942709,1,312.5,20000.0,4200.0,245944
2026-06-06T10:34:32.942709,2,0.08,8.0,1.68,245938
2026-06-06T10:34:32.942709,3,0.01,1.0,0.21,245937
2026-06-06T10:34:32.942709,0,0.02,1.0,0.21,245944
2026-06-06T10:34:32.942709,1,312.5,20000.0,4200.0,245945
2026-06-06T10:34:32.942709,2,0.09,8.0,1.68,245939
2026-06-06T10:34:32.942709,3,0.01,1.0,0.21,245938
2026-06-06T10:34:32.942709,0,0.02,1.0,0.21,245945
2026-06-06T10:34:32.942709,1,312.5,20000.0,4200.0,245946
2026-06-06T10:34:32.942709,2,0.09,9.0,1.89,245940
2026-06-06T10:34:32.942709,3,0.01,1.0,0.21,245939
2026-06-06T10:34:32.942709,0,0.02,1.0,0.21,245946
2026-06-06T10:34:32.942709,1,312.5,20000.0,4200.0,245947
2026-06-06T10:34:32.942709,2,0.09,9.0,1.89,245941
2026-06-06T10:34:32.942709,3,0.01,1.0,0.21,245940
2026-06-06T10:34:32.942709,0,0.02,1.0,0.21,245947
2026-06-06T10:34:32.942709,1,312.5,20000.0,4200.0,245948
2026-06-06T10:34:32.942709,2,0.09,9.0,1.89,245942
2026-06-06T10:34:32.942709,3,0.01,1.0,0.21,245941
2026-06-06T10:34:32.942709,0,0.02,1.0,0.21,245948
2026-06-06T10:34:32.942709,1,312.5,20000.0,4200.0,245949
2026-06-06T10:34:32.942709,2,0.09,8.0,1.68,245943
2026-06-06T10:34:32.976221,3,0.01,1.0,0.21,245942
2026-06-06T10:34:32.976221,0,0.02,1.0,0.21,245949
2026-06-06T10:34:32.976221,1,312.5,20000.0,4200.0,245950
2026-06-06T10:34:32.976221,2,0.09,8.0,1.68,245944
2026-06-06T10:34:32.976221,3,0.01,1.0,0.21,245943
2026-06-06T10:34:32.976221,0,0.02,1.0,0.21,245950
2026-06-06T10:34:32.976221,1,312.5,20000.0,4200.0,245951
2026-06-06T10:34:32.976221,2,0.08,8.0,1.68,245945
2026-06-06T10:34:32.976221,3,0.01,1.0,0.21,245944
2026-06-06T10:34:32.976221,0,0.02,1.0,0.21,245951
2026-06-06T10:34:32.976221,1,312.5,20000.0,4200.0,245952
2026-06-06T10:34:32.976221,2,0.08,8.0,1.68,245946
2026-06-06T10:34:32.976221,3,0.01,1.0,0.21,245945
2026-06-06T10:34:32.976221,0,0.02,2.0,0.42,245952
2026-06-06T10:34:32.976221,1,312.5,20000.0,4200.0,245953
2026-06-06T10:34:32.976221,2,0.08,8.0,1.68,245947
2026-06-06T10:34:32.976221,3,0.01,1.0,0.21,245946
2026-06-06T10:34:32.976221,0,0.02,2.0,0.42,245953
2026-06-06T10:34:32.976221,1,312.5,20000.0,4200.0,245954
2026-06-06T10:34:32.976221,2,0.08,8.0,1.68,245948
2026-06-06T10:34:32.976221,3,0.01,1.0,0.21,245947
2026-06-06T10:34:32.976221,0,0.02,2.0,0.42,245954
2026-06-06T10:34:32.976221,1,312.5,20000.0,4200.0,245955
2026-06-06T10:34:32.976221,2,0.09,8.0,1.68,245949
2026-06-06T10:34:32.976221,3,0.01,1.0,0.21,245948
2026-06-06T10:34:32.976221,0,0.02,2.0,0.42,245955
2026-06-06T10:34:32.976221,1,312.5,20000.0,4200.0,245956
2026-06-06T10:34:32.976221,2,0.09,9.0,1.89,245950
2026-06-06T10:34:32.976221,3,0.01,1.0,0.21,245949
2026-06-06T10:34:32.976221,0,0.02,2.0,0.42,245956
2026-06-06T10:34:32.976221,1,312.5,20000.0,4200.0,245957
2026-06-06T10:34:32.976221,2,0.09,9.0,1.89,245951
2026-06-06T10:34:32.976221,3,0.01,1.0,0.21,245950
2026-06-06T10:34:32.976221,0,0.02,2.0,0.42,245957
2026-06-06T10:34:32.976221,1,312.5,20000.0,4200.0,245958
2026-06-06T10:34:32.976221,2,0.09,9.0,1.89,245952
2026-06-06T10:34:33.005222,3,0.01,1.0,0.21,245951
2026-06-06T10:34:33.005222,0,0.02,2.0,0.42,245958
2026-06-06T10:34:33.005222,1,312.5,20000.0,4200.0,245959
2026-06-06T10:34:33.005222,2,0.09,8.0,1.68,245953
2026-06-06T10:34:33.005222,3,0.01,1.0,0.21,245952
2026-06-06T10:34:33.005222,0,0.02,2.0,0.42,245959
2026-06-06T10:34:33.005222,1,312.5,20000.0,4200.0,245960
2026-06-06T10:34:33.005222,2,0.09,8.0,1.68,245954
2026-06-06T10:34:33.005222,3,0.01,1.0,0.21,245953
2026-06-06T10:34:33.044221,0,0.02,2.0,0.42,245960
2026-06-06T10:34:33.044221,1,312.5,20000.0,4200.0,245961
2026-06-06T10:34:33.044221,2,0.08,8.0,1.68,245955
2026-06-06T10:34:33.044221,3,0.01,1.0,0.21,245954
2026-06-06T10:34:33.044221,0,0.02,1.0,0.21,245961
2026-06-06T10:34:33.044221,1,312.5,20000.0,4200.0,245962
2026-06-06T10:34:33.044221,2,0.08,8.0,1.68,245956
2026-06-06T10:34:33.044221,3,0.01,1.0,0.21,245955
2026-06-06T10:34:33.044221,0,0.02,1.0,0.21,245962
2026-06-06T10:34:33.044221,1,312.5,20000.0,4200.0,245963
2026-06-06T10:34:33.044221,2,0.08,8.0,1.68,245957
2026-06-06T10:34:33.044221,3,0.01,1.0,0.21,245956
2026-06-06T10:34:33.044221,0,0.02,1.0,0.21,245963
2026-06-06T10:34:33.044221,1,312.5,20000.0,4200.0,245964
2026-06-06T10:34:33.044221,2,0.09,8.0,1.68,245958
2026-06-06T10:34:33.044221,3,0.01,1.0,0.21,245957
2026-06-06T10:34:33.044221,0,0.02,1.0,0.21,245964
2026-06-06T10:34:33.044221,1,312.5,20000.0,4200.0,245965
2026-06-06T10:34:33.044221,2,0.09,8.0,1.68,245959
2026-06-06T10:34:33.044221,3,0.01,1.0,0.21,245958
2026-06-06T10:34:33.044221,0,0.02,1.0,0.21,245965
2026-06-06T10:34:33.044221,1,312.5,20000.0,4200.0,245966
2026-06-06T10:34:33.044221,2,0.09,9.0,1.89,245960
2026-06-06T10:34:33.044221,3,0.01,1.0,0.21,245959
2026-06-06T10:34:33.044221,0,0.02,1.0,0.21,245966
2026-06-06T10:34:33.044221,1,312.5,20000.0,4200.0,245967
2026-06-06T10:34:33.044221,2,0.09,9.0,1.89,245961
2026-06-06T10:34:33.078737,3,0.01,1.0,0.21,245960
2026-06-06T10:34:33.078737,0,0.02,1.0,0.21,245967
2026-06-06T10:34:33.078737,1,312.5,20000.0,4200.0,245968
2026-06-06T10:34:33.078737,2,0.09,9.0,1.89,245962
2026-06-06T10:34:33.078737,3,0.01,1.0,0.21,245961
2026-06-06T10:34:33.078737,0,0.02,1.0,0.21,245968
2026-06-06T10:34:33.078737,1,312.5,20000.0,4200.0,245969
2026-06-06T10:34:33.078737,2,0.09,8.0,1.68,245963
2026-06-06T10:34:33.078737,3,0.01,1.0,0.21,245962
2026-06-06T10:34:33.129737,0,0.02,2.0,0.42,245969
2026-06-06T10:34:33.129737,1,312.5,20000.0,4200.0,245970
2026-06-06T10:34:33.129737,2,0.08,8.0,1.68,245964
2026-06-06T10:34:33.129737,3,0.01,1.0,0.21,245963
2026-06-06T10:34:33.129737,0,0.02,2.0,0.42,245970
2026-06-06T10:34:33.129737,1,312.5,20000.0,4200.0,245971
2026-06-06T10:34:33.129737,2,0.08,8.0,1.68,245965
2026-06-06T10:34:33.129737,3,0.01,1.0,0.21,245964
2026-06-06T10:34:33.129737,0,0.02,2.0,0.42,245971
2026-06-06T10:34:33.129737,1,312.5,20000.0,4200.0,245972
2026-06-06T10:34:33.129737,2,0.08,8.0,1.68,245966
2026-06-06T10:34:33.129737,3,0.01,1.0,0.21,245965
2026-06-06T10:34:33.129737,0,0.02,2.0,0.42,245972
2026-06-06T10:34:33.129737,1,312.5,20000.0,4200.0,245973
2026-06-06T10:34:33.129737,2,0.08,8.0,1.68,245967
2026-06-06T10:34:33.129737,3,0.01,1.0,0.21,245966
2026-06-06T10:34:33.129737,0,0.02,2.0,0.42,245973
2026-06-06T10:34:33.129737,1,312.5,20000.0,4200.0,245974
2026-06-06T10:34:33.129737,2,0.09,8.0,1.68,245968
2026-06-06T10:34:33.129737,3,0.01,1.0,0.21,245967
2026-06-06T10:34:33.129737,0,0.02,2.0,0.42,245974
2026-06-06T10:34:33.129737,1,312.5,20000.0,4200.0,245975
2026-06-06T10:34:33.129737,2,0.09,8.0,1.68,245969
2026-06-06T10:34:33.129737,3,0.01,1.0,0.21,245968
2026-06-06T10:34:33.129737,0,0.02,2.0,0.42,245975
2026-06-06T10:34:33.129737,1,312.5,20000.0,4200.0,245976
2026-06-06T10:34:33.129737,2,0.09,9.0,1.89,245970
2026-06-06T10:34:33.129737,3,0.01,1.0,0.21,245969
2026-06-06T10:34:33.129737,0,0.02,2.0,0.42,245976
2026-06-06T10:34:33.129737,1,312.5,20000.0,4200.0,245977
2026-06-06T10:34:33.129737,2,0.09,9.0,1.89,245971
2026-06-06T10:34:33.129737,3,0.01,1.0,0.21,245970
2026-06-06T10:34:33.129737,0,0.02,2.0,0.42,245977
2026-06-06T10:34:33.129737,1,312.5,20000.0,4200.0,245978
2026-06-06T10:34:33.129737,2,0.09,9.0,1.89,245972
2026-06-06T10:34:33.129737,3,0.01,1.0,0.21,245971
2026-06-06T10:34:33.129737,0,0.02,2.0,0.42,245978
2026-06-06T10:34:33.129737,1,312.5,20000.0,4200.0,245979
2026-06-06T10:34:33.129737,2,0.09,8.0,1.68,245973
2026-06-06T10:34:33.129737,3,0.01,1.0,0.21,245972
2026-06-06T10:34:33.129737,0,0.02,2.0,0.42,245979
2026-06-06T10:34:33.129737,1,312.5,20000.0,4200.0,245980
2026-06-06T10:34:33.129737,2,0.08,8.0,1.68,245974
2026-06-06T10:34:33.129737,3,0.01,1.0,0.21,245973
2026-06-06T10:34:33.129737,0,0.02,2.0,0.42,245980
2026-06-06T10:34:33.129737,1,312.5,20000.0,4200.0,245981
2026-06-06T10:34:33.129737,2,0.08,8.0,1.68,245975
2026-06-06T10:34:33.129737,3,0.01,1.0,0.21,245974
2026-06-06T10:34:33.129737,0,0.02,2.0,0.42,245981
2026-06-06T10:34:33.129737,1,312.5,20000.0,4200.0,245982
2026-06-06T10:34:33.129737,2,0.08,8.0,1.68,245976
2026-06-06T10:34:33.129737,3,0.01,1.0,0.21,245975
2026-06-06T10:34:33.129737,0,0.02,2.0,0.42,245982
2026-06-06T10:34:33.129737,1,312.5,20000.0,4200.0,245983
2026-06-06T10:34:33.129737,2,0.08,8.0,1.68,245977
2026-06-06T10:34:33.129737,3,0.01,1.0,0.21,245976
2026-06-06T10:34:33.129737,0,0.02,2.0,0.42,245983
2026-06-06T10:34:33.129737,1,312.5,20000.0,4200.0,245984
2026-06-06T10:34:33.129737,2,0.09,8.0,1.68,245978
2026-06-06T10:34:33.129737,3,0.01,1.0,0.21,245977
2026-06-06T10:34:33.129737,0,0.02,2.0,0.42,245984
2026-06-06T10:34:33.129737,1,312.5,20000.0,4200.0,245985
2026-06-06T10:34:33.129737,2,0.09,8.0,1.68,245979
2026-06-06T10:34:33.129737,3,0.01,1.0,0.21,245978
2026-06-06T10:34:33.129737,0,0.02,2.0,0.42,245985
2026-06-06T10:34:33.129737,1,312.5,20000.0,4200.0,245986
2026-06-06T10:34:33.129737,2,0.09,9.0,1.89,245980
2026-06-06T10:34:33.129737,3,0.01,1.0,0.21,245979
2026-06-06T10:34:33.129737,0,0.02,2.0,0.42,245986
2026-06-06T10:34:33.129737,1,312.5,20000.0,4200.0,245987
2026-06-06T10:34:33.129737,2,0.09,9.0,1.89,245981
2026-06-06T10:34:33.129737,3,0.01,1.0,0.21,245980
2026-06-06T10:34:33.129737,0,0.02,2.0,0.42,245987
2026-06-06T10:34:33.129737,1,312.5,20000.0,4200.0,245988
2026-06-06T10:34:33.129737,2,0.09,8.0,1.68,245982
2026-06-06T10:34:33.129737,3,0.01,1.0,0.21,245981
2026-06-06T10:34:33.129737,0,0.02,2.0,0.42,245988
2026-06-06T10:34:33.129737,1,312.5,20000.0,4200.0,245989
2026-06-06T10:34:33.129737,2,0.09,8.0,1.68,245983
2026-06-06T10:34:33.129737,3,0.01,1.0,0.21,245982
2026-06-06T10:34:33.129737,0,0.02,2.0,0.42,245989
2026-06-06T10:34:33.157739,1,312.5,20000.0,4200.0,245990
2026-06-06T10:34:33.157739,2,0.08,8.0,1.68,245984
2026-06-06T10:34:33.157739,3,0.01,1.0,0.21,245983
2026-06-06T10:34:33.157739,0,0.02,1.0,0.21,245990
2026-06-06T10:34:33.157739,1,312.5,20000.0,4200.0,245991
2026-06-06T10:34:33.157739,2,0.08,8.0,1.68,245985
2026-06-06T10:34:33.157739,3,0.01,1.0,0.21,245984
2026-06-06T10:34:33.157739,0,0.02,2.0,0.42,245991
2026-06-06T10:34:33.157739,1,312.5,20000.0,4200.0,245992
2026-06-06T10:34:33.197250,2,0.08,8.0,1.68,245986
2026-06-06T10:34:33.197250,3,0.01,1.0,0.21,245985
2026-06-06T10:34:33.197250,0,0.02,1.0,0.21,245992
2026-06-06T10:34:33.197250,1,312.5,20000.0,4200.0,245993
2026-06-06T10:34:33.197250,2,0.08,8.0,1.68,245987
2026-06-06T10:34:33.197250,3,0.01,1.0,0.21,245986
2026-06-06T10:34:33.197250,0,0.02,1.0,0.21,245993
2026-06-06T10:34:33.197250,1,312.5,20000.0,4200.0,245994
2026-06-06T10:34:33.197250,2,0.09,8.0,1.68,245988
2026-06-06T10:34:33.197250,3,0.01,1.0,0.21,245987
2026-06-06T10:34:33.197250,0,0.02,1.0,0.21,245994
2026-06-06T10:34:33.197250,1,312.5,20000.0,4200.0,245995
2026-06-06T10:34:33.197250,2,0.09,9.0,1.89,245989
2026-06-06T10:34:33.197250,3,0.01,1.0,0.21,245988
2026-06-06T10:34:33.197250,0,0.02,1.0,0.21,245995
2026-06-06T10:34:33.197250,1,312.5,20000.0,4200.0,245996
2026-06-06T10:34:33.197250,2,0.09,9.0,1.89,245990
2026-06-06T10:34:33.197250,3,0.01,1.0,0.21,245989
2026-06-06T10:34:33.197250,0,0.02,1.0,0.21,245996
2026-06-06T10:34:33.197250,1,312.5,20000.0,4200.0,245997
2026-06-06T10:34:33.197250,2,0.09,9.0,1.89,245991
2026-06-06T10:34:33.197250,3,0.01,1.0,0.21,245990
2026-06-06T10:34:33.197250,0,0.02,1.0,0.21,245997
2026-06-06T10:34:33.197250,1,312.5,20000.0,4200.0,245998
2026-06-06T10:34:33.197250,2,0.09,9.0,1.89,245992
2026-06-06T10:34:33.197250,3,0.01,1.0,0.21,245991
2026-06-06T10:34:33.197250,0,0.02,1.0,0.21,245998
2026-06-06T10:34:33.197250,1,312.5,20000.0,4200.0,245999
2026-06-06T10:34:33.197250,2,0.09,8.0,1.68,245993
2026-06-06T10:34:33.197250,3,0.01,1.0,0.21,245992
2026-06-06T10:34:33.197250,0,0.02,1.0,0.21,245999
2026-06-06T10:34:33.197250,1,312.5,20000.0,4200.0,246000
2026-06-06T10:34:33.197250,2,0.08,8.0,1.68,245994
2026-06-06T10:34:33.197250,3,0.01,1.0,0.21,245993
2026-06-06T10:34:33.197250,0,0.02,1.0,0.21,246000
2026-06-06T10:34:33.197250,1,312.5,20000.0,4200.0,246001
2026-06-06T10:34:33.197250,2,0.08,8.0,1.68,245995
2026-06-06T10:34:33.197250,3,0.01,1.0,0.21,245994
2026-06-06T10:34:33.197250,0,0.02,1.0,0.21,246001
2026-06-06T10:34:33.197250,1,312.5,20000.0,4200.0,246002
2026-06-06T10:34:33.197250,2,0.08,8.0,1.68,245996
2026-06-06T10:34:33.197250,3,0.01,1.0,0.21,245995
2026-06-06T10:34:33.197250,0,0.02,1.0,0.21,246002
2026-06-06T10:34:33.197250,1,312.5,20000.0,4200.0,246003
2026-06-06T10:34:33.197250,2,0.08,8.0,1.68,245997
2026-06-06T10:34:33.197250,3,0.01,1.0,0.21,245996
2026-06-06T10:34:33.197250,0,0.02,1.0,0.21,246003
2026-06-06T10:34:33.197250,1,312.5,20000.0,4200.0,246004
2026-06-06T10:34:33.197250,2,0.09,8.0,1.68,245998
2026-06-06T10:34:33.197250,3,0.01,1.0,0.21,245997
2026-06-06T10:34:33.197250,0,0.02,1.0,0.21,246004
2026-06-06T10:34:33.197250,1,312.5,20000.0,4200.0,246005
2026-06-06T10:34:33.197250,2,0.09,9.0,1.89,245999
2026-06-06T10:34:33.197250,3,0.01,1.0,0.21,245998
2026-06-06T10:34:33.197250,0,0.02,1.0,0.21,246005
2026-06-06T10:34:33.197250,1,312.5,20000.0,4200.0,246006
2026-06-06T10:34:33.197250,2,0.09,9.0,1.89,246000
2026-06-06T10:34:33.197250,3,0.01,1.0,0.21,245999
2026-06-06T10:34:33.197250,0,0.02,2.0,0.42,246006
2026-06-06T10:34:33.197250,1,312.5,20000.0,4200.0,246007
2026-06-06T10:34:33.197250,2,0.09,9.0,1.89,246001
2026-06-06T10:34:33.197250,3,0.01,1.0,0.21,246000
2026-06-06T10:34:33.197250,0,0.02,2.0,0.42,246007
2026-06-06T10:34:33.197250,1,312.5,20000.0,4200.0,246008
2026-06-06T10:34:33.197250,2,0.09,8.0,1.68,246002
2026-06-06T10:34:33.197250,3,0.01,1.0,0.21,246001
2026-06-06T10:34:33.197250,0,0.02,2.0,0.42,246008
2026-06-06T10:34:33.197250,1,312.5,20000.0,4200.0,246009
2026-06-06T10:34:33.197250,2,0.09,8.0,1.68,246003
2026-06-06T10:34:33.197250,3,0.01,1.0,0.21,246002
2026-06-06T10:34:33.197250,0,0.02,2.0,0.42,246009
2026-06-06T10:34:33.197250,1,312.5,20000.0,4200.0,246010
2026-06-06T10:34:33.197250,2,0.08,8.0,1.68,246004
2026-06-06T10:34:33.197250,3,0.01,1.0,0.21,246003
2026-06-06T10:34:33.197250,0,0.02,2.0,0.42,246010
2026-06-06T10:34:33.197250,1,312.5,20000.0,4200.0,246011
2026-06-06T10:34:33.197250,2,0.08,8.0,1.68,246005
2026-06-06T10:34:33.197250,3,0.01,1.0,0.21,246004
2026-06-06T10:34:33.197250,0,0.02,2.0,0.42,246011
2026-06-06T10:34:33.197250,1,312.5,20000.0,4200.0,246012
2026-06-06T10:34:33.197250,2,0.08,8.0,1.68,246006
2026-06-06T10:34:33.231251,3,0.01,1.0,0.21,246005
2026-06-06T10:34:33.231251,0,0.02,2.0,0.42,246012
2026-06-06T10:34:33.231251,1,312.5,20000.0,4200.0,246013
2026-06-06T10:34:33.231251,2,0.08,8.0,1.68,246007
2026-06-06T10:34:33.231251,3,0.01,1.0,0.21,246006
2026-06-06T10:34:33.231251,0,0.02,1.0,0.21,246013
2026-06-06T10:34:33.231251,1,312.5,20000.0,4200.0,246014
2026-06-06T10:34:33.231251,2,0.09,8.0,1.68,246008
2026-06-06T10:34:33.231251,3,0.01,1.0,0.21,246007
2026-06-06T10:34:33.231251,0,0.02,1.0,0.21,246014
2026-06-06T10:34:33.231251,1,312.5,20000.0,4200.0,246015
2026-06-06T10:34:33.231251,2,0.09,9.0,1.89,246009
2026-06-06T10:34:33.231251,3,0.01,1.0,0.21,246008
2026-06-06T10:34:33.231251,0,0.02,1.0,0.21,246015
2026-06-06T10:34:33.231251,1,312.5,20000.0,4200.0,246016
2026-06-06T10:34:33.231251,2,0.09,9.0,1.89,246010
2026-06-06T10:34:33.231251,3,0.01,1.0,0.21,246009
2026-06-06T10:34:33.231251,0,0.02,1.0,0.21,246016
2026-06-06T10:34:33.231251,1,312.5,20000.0,4200.0,246017
2026-06-06T10:34:33.231251,2,0.09,9.0,1.89,246011
2026-06-06T10:34:33.231251,3,0.01,1.0,0.21,246010
2026-06-06T10:34:33.231251,0,0.02,1.0,0.21,246017
2026-06-06T10:34:33.231251,1,312.5,20000.0,4200.0,246018
2026-06-06T10:34:33.231251,2,0.09,8.0,1.68,246012
2026-06-06T10:34:33.231251,3,0.01,0.0,0.0,246011
2026-06-06T10:34:33.231251,0,0.02,1.0,0.21,246018
2026-06-06T10:34:33.231251,1,312.5,20000.0,4200.0,246019
2026-06-06T10:34:33.231251,2,0.08,8.0,1.68,246013
2026-06-06T10:34:33.231251,3,0.01,1.0,0.21,246012
2026-06-06T10:34:33.231251,0,0.02,1.0,0.21,246019
2026-06-06T10:34:33.231251,1,312.5,20000.0,4200.0,246020
2026-06-06T10:34:33.231251,2,0.08,8.0,1.68,246014
2026-06-06T10:34:33.231251,3,0.01,1.0,0.21,246013
2026-06-06T10:34:33.231251,0,0.02,1.0,0.21,246020
2026-06-06T10:34:33.231251,1,312.5,20000.0,4200.0,246021
2026-06-06T10:34:33.231251,2,0.08,8.0,1.68,246015
2026-06-06T10:34:33.231251,3,0.01,1.0,0.21,246014
2026-06-06T10:34:33.231251,0,0.02,2.0,0.42,246021
2026-06-06T10:34:33.231251,1,312.5,20000.0,4200.0,246022
2026-06-06T10:34:33.231251,2,0.08,8.0,1.68,246016
2026-06-06T10:34:33.231251,3,0.01,1.0,0.21,246015
2026-06-06T10:34:33.231251,0,0.02,1.0,0.21,246022
2026-06-06T10:34:33.231251,1,312.5,20000.0,4200.0,246023
2026-06-06T10:34:33.231251,2,0.09,8.0,1.68,246017
2026-06-06T10:34:33.231251,3,0.01,1.0,0.21,246016
2026-06-06T10:34:33.265254,0,0.02,1.0,0.21,246023
2026-06-06T10:34:33.265254,1,312.5,20000.0,4200.0,246024
2026-06-06T10:34:33.265254,2,0.09,8.0,1.68,246018
2026-06-06T10:34:33.265254,3,0.01,1.0,0.21,246017
2026-06-06T10:34:33.265254,0,0.02,2.0,0.42,246024
2026-06-06T10:34:33.265254,1,312.5,20000.0,4200.0,246025
2026-06-06T10:34:33.265254,2,0.09,9.0,1.89,246019
2026-06-06T10:34:33.265254,3,0.01,1.0,0.21,246018
2026-06-06T10:34:33.265254,0,0.02,1.0,0.21,246025
2026-06-06T10:34:33.265254,1,312.5,20000.0,4200.0,246026
2026-06-06T10:34:33.265254,2,0.09,9.0,1.89,246020
2026-06-06T10:34:33.265254,3,0.01,1.0,0.21,246019
2026-06-06T10:34:33.265254,0,0.02,1.0,0.21,246026
2026-06-06T10:34:33.265254,1,312.5,20000.0,4200.0,246027
2026-06-06T10:34:33.265254,2,0.09,9.0,1.89,246021
2026-06-06T10:34:33.265254,3,0.01,1.0,0.21,246020
2026-06-06T10:34:33.265254,0,0.02,1.0,0.21,246027
2026-06-06T10:34:33.265254,1,312.5,20000.0,4200.0,246028
2026-06-06T10:34:33.265254,2,0.09,8.0,1.68,246022
2026-06-06T10:34:33.265254,3,0.01,1.0,0.21,246021
2026-06-06T10:34:33.265254,0,0.02,1.0,0.21,246028
2026-06-06T10:34:33.265254,1,312.5,20000.0,4200.0,246029
2026-06-06T10:34:33.265254,2,0.08,8.0,1.68,246023
2026-06-06T10:34:33.265254,3,0.01,1.0,0.21,246022
2026-06-06T10:34:33.265254,0,0.02,2.0,0.42,246029
2026-06-06T10:34:33.265254,1,312.5,20000.0,4200.0,246030
2026-06-06T10:34:33.265254,2,0.08,8.0,1.68,246024
2026-06-06T10:34:33.265254,3,0.01,1.0,0.21,246023
2026-06-06T10:34:33.265254,0,0.02,2.0,0.42,246030
2026-06-06T10:34:33.265254,1,312.5,20000.0,4200.0,246031
2026-06-06T10:34:33.265254,2,0.08,8.0,1.68,246025
2026-06-06T10:34:33.265254,3,0.01,1.0,0.21,246024
2026-06-06T10:34:33.265254,0,0.02,2.0,0.42,246031
2026-06-06T10:34:33.265254,1,312.5,20000.0,4200.0,246032
2026-06-06T10:34:33.265254,2,0.08,8.0,1.68,246026
2026-06-06T10:34:33.265254,3,0.01,1.0,0.21,246025
2026-06-06T10:34:33.299673,0,0.02,2.0,0.42,246032
2026-06-06T10:34:33.299673,1,312.5,20000.0,4200.0,246033
2026-06-06T10:34:33.299673,2,0.09,8.0,1.68,246027
2026-06-06T10:34:33.299673,3,0.01,1.0,0.21,246026
2026-06-06T10:34:33.299673,0,0.02,2.0,0.42,246033
2026-06-06T10:34:33.299673,1,312.5,20000.0,4200.0,246034
2026-06-06T10:34:33.299673,2,0.09,8.0,1.68,246028
2026-06-06T10:34:33.299673,3,0.01,1.0,0.21,246027
2026-06-06T10:34:33.299673,0,0.02,2.0,0.42,246034
2026-06-06T10:34:33.299673,1,312.5,20000.0,4200.0,246035
2026-06-06T10:34:33.299673,2,0.09,9.0,1.89,246029
2026-06-06T10:34:33.299673,3,0.01,0.0,0.0,246028
2026-06-06T10:34:33.299673,0,0.02,2.0,0.42,246035
2026-06-06T10:34:33.299673,1,312.5,20000.0,4200.0,246036
2026-06-06T10:34:33.299673,2,0.09,9.0,1.89,246030
2026-06-06T10:34:33.299673,3,0.01,0.0,0.0,246029
2026-06-06T10:34:33.299673,0,0.02,2.0,0.42,246036
2026-06-06T10:34:33.299673,1,312.5,20000.0,4200.0,246037
2026-06-06T10:34:33.299673,2,0.09,9.0,1.89,246031
2026-06-06T10:34:33.299673,3,0.0,0.0,0.0,246030
2026-06-06T10:34:33.299673,0,0.02,2.0,0.42,246037
2026-06-06T10:34:33.299673,1,312.5,20000.0,4200.0,246038
2026-06-06T10:34:33.299673,2,0.09,8.0,1.68,246032
2026-06-06T10:34:33.299673,3,0.0,0.0,0.0,246031
2026-06-06T10:34:33.299673,0,0.02,2.0,0.42,246038
2026-06-06T10:34:33.299673,1,312.5,20000.0,4200.0,246039
2026-06-06T10:34:33.299673,2,0.08,8.0,1.68,246033
2026-06-06T10:34:33.299673,3,0.01,0.0,0.0,246032
2026-06-06T10:34:33.299673,0,0.02,2.0,0.42,246039
2026-06-06T10:34:33.299673,1,312.5,20000.0,4200.0,246040
2026-06-06T10:34:33.299673,2,0.08,8.0,1.68,246034
2026-06-06T10:34:33.299673,3,0.01,0.0,0.0,246033
2026-06-06T10:34:33.299673,0,0.02,1.0,0.21,246040
2026-06-06T10:34:33.299673,1,312.5,20000.0,4200.0,246041
2026-06-06T10:34:33.299673,2,0.08,8.0,1.68,246035
2026-06-06T10:34:33.299673,3,0.01,1.0,0.21,246034
2026-06-06T10:34:33.299673,0,0.02,1.0,0.21,246041
2026-06-06T10:34:33.299673,1,312.5,20000.0,4200.0,246042
2026-06-06T10:34:33.299673,2,0.08,8.0,1.68,246036
2026-06-06T10:34:33.299673,3,0.01,1.0,0.21,246035
2026-06-06T10:34:33.299673,0,0.02,1.0,0.21,246042
2026-06-06T10:34:33.299673,1,312.5,20000.0,4200.0,246043
2026-06-06T10:34:33.299673,2,0.09,8.0,1.68,246037
2026-06-06T10:34:33.299673,3,0.01,1.0,0.21,246036
2026-06-06T10:34:33.299673,0,0.02,1.0,0.21,246043
2026-06-06T10:34:33.333674,1,312.5,20000.0,4200.0,246044
2026-06-06T10:34:33.333674,2,0.09,9.0,1.89,246038
2026-06-06T10:34:33.333674,3,0.01,1.0,0.21,246037
2026-06-06T10:34:33.333674,0,0.02,1.0,0.21,246044
2026-06-06T10:34:33.333674,1,312.5,20000.0,4200.0,246045
2026-06-06T10:34:33.333674,2,0.09,9.0,1.89,246039
2026-06-06T10:34:33.333674,3,0.01,1.0,0.21,246038
2026-06-06T10:34:33.333674,0,0.02,1.0,0.21,246045
2026-06-06T10:34:33.333674,1,312.5,20000.0,4200.0,246046
2026-06-06T10:34:33.333674,2,0.09,9.0,1.89,246040
2026-06-06T10:34:33.333674,3,0.01,1.0,0.21,246039
2026-06-06T10:34:33.333674,0,0.02,1.0,0.21,246046
2026-06-06T10:34:33.333674,1,312.5,20000.0,4200.0,246047
2026-06-06T10:34:33.333674,2,0.09,8.0,1.68,246041
2026-06-06T10:34:33.333674,3,0.01,1.0,0.21,246040
2026-06-06T10:34:33.333674,0,0.02,2.0,0.42,246047
2026-06-06T10:34:33.333674,1,312.5,20000.0,4200.0,246048
2026-06-06T10:34:33.333674,2,0.09,8.0,1.68,246042
2026-06-06T10:34:33.333674,3,0.01,1.0,0.21,246041
2026-06-06T10:34:33.333674,0,0.02,2.0,0.42,246048
2026-06-06T10:34:33.333674,1,312.5,20000.0,4200.0,246049
2026-06-06T10:34:33.333674,2,0.08,8.0,1.68,246043
2026-06-06T10:34:33.333674,3,0.01,1.0,0.21,246042
2026-06-06T10:34:33.333674,0,0.02,2.0,0.42,246049
2026-06-06T10:34:33.333674,1,312.5,20000.0,4200.0,246050
2026-06-06T10:34:33.333674,2,0.08,8.0,1.68,246044
2026-06-06T10:34:33.333674,3,0.01,1.0,0.21,246043
2026-06-06T10:34:33.333674,0,0.02,2.0,0.42,246050
2026-06-06T10:34:33.333674,1,312.5,20000.0,4200.0,246051
2026-06-06T10:34:33.333674,2,0.08,8.0,1.68,246045
2026-06-06T10:34:33.333674,3,0.01,1.0,0.21,246044
2026-06-06T10:34:33.333674,0,0.02,2.0,0.42,246051
2026-06-06T10:34:33.333674,1,312.5,20000.0,4200.0,246052
2026-06-06T10:34:33.333674,2,0.08,8.0,1.68,246046
2026-06-06T10:34:33.333674,3,0.01,1.0,0.21,246045
2026-06-06T10:34:33.333674,0,0.02,2.0,0.42,246052
2026-06-06T10:34:33.368185,1,312.5,20000.0,4200.0,246053
2026-06-06T10:34:33.368185,2,0.09,8.0,1.68,246047
2026-06-06T10:34:33.368185,3,0.01,1.0,0.21,246046
2026-06-06T10:34:33.368185,0,0.02,2.0,0.42,246053
2026-06-06T10:34:33.368185,1,312.5,20000.0,4200.0,246054
2026-06-06T10:34:33.368185,2,0.09,9.0,1.89,246048
2026-06-06T10:34:33.368185,3,0.01,1.0,0.21,246047
2026-06-06T10:34:33.368185,0,0.02,1.0,0.21,246054
2026-06-06T10:34:33.368185,1,312.5,20000.0,4200.0,246055
2026-06-06T10:34:33.368185,2,0.09,9.0,1.89,246049
2026-06-06T10:34:33.368185,3,0.01,1.0,0.21,246048
2026-06-06T10:34:33.368185,0,0.02,1.0,0.21,246055
2026-06-06T10:34:33.368185,1,312.5,20000.0,4200.0,246056
2026-06-06T10:34:33.368185,2,0.09,9.0,1.89,246050
2026-06-06T10:34:33.368185,3,0.01,1.0,0.21,246049
2026-06-06T10:34:33.368185,0,0.02,1.0,0.21,246056
2026-06-06T10:34:33.368185,1,312.5,20000.0,4200.0,246057
2026-06-06T10:34:33.368185,2,0.09,8.0,1.68,246051
2026-06-06T10:34:33.368185,3,0.01,1.0,0.21,246050
2026-06-06T10:34:33.368185,0,0.02,1.0,0.21,246057
2026-06-06T10:34:33.368185,1,312.5,20000.0,4200.0,246058
2026-06-06T10:34:33.368185,2,0.08,8.0,1.68,246052
2026-06-06T10:34:33.368185,3,0.01,1.0,0.21,246051
2026-06-06T10:34:33.368185,0,0.02,1.0,0.21,246058
2026-06-06T10:34:33.368185,1,312.5,20000.0,4200.0,246059
2026-06-06T10:34:33.368185,2,0.08,8.0,1.68,246053
2026-06-06T10:34:33.368185,3,0.01,1.0,0.21,246052
2026-06-06T10:34:33.368185,0,0.02,1.0,0.21,246059
2026-06-06T10:34:33.368185,1,312.5,20000.0,4200.0,246060
2026-06-06T10:34:33.368185,2,0.08,8.0,1.68,246054
2026-06-06T10:34:33.368185,3,0.01,1.0,0.21,246053
2026-06-06T10:34:33.368185,0,0.02,1.0,0.21,246060
2026-06-06T10:34:33.368185,1,312.5,20000.0,4200.0,246061
2026-06-06T10:34:33.368185,2,0.08,8.0,1.68,246055
2026-06-06T10:34:33.368185,3,0.01,1.0,0.21,246054
2026-06-06T10:34:33.368185,0,0.02,1.0,0.21,246061
2026-06-06T10:34:33.368185,1,312.5,20000.0,4200.0,246062
2026-06-06T10:34:33.368185,2,0.08,8.0,1.68,246056
2026-06-06T10:34:33.368185,3,0.01,1.0,0.21,246055
2026-06-06T10:34:33.368185,0,0.02,1.0,0.21,246062
2026-06-06T10:34:33.368185,1,312.5,20000.0,4200.0,246063
2026-06-06T10:34:33.368185,2,0.09,8.0,1.68,246057
2026-06-06T10:34:33.368185,3,0.01,1.0,0.21,246056
2026-06-06T10:34:33.368185,0,0.02,2.0,0.42,246063
2026-06-06T10:34:33.368185,1,312.5,20000.0,4200.0,246064
2026-06-06T10:34:33.368185,2,0.09,9.0,1.89,246058
2026-06-06T10:34:33.368185,3,0.01,1.0,0.21,246057
2026-06-06T10:34:33.368185,0,0.02,2.0,0.42,246064
2026-06-06T10:34:33.368185,1,312.5,20000.0,4200.0,246065
2026-06-06T10:34:33.368185,2,0.09,9.0,1.89,246059
2026-06-06T10:34:33.368185,3,0.01,1.0,0.21,246058
2026-06-06T10:34:33.368185,0,0.02,2.0,0.42,246065
2026-06-06T10:34:33.368185,1,312.5,20000.0,4200.0,246066
2026-06-06T10:34:33.368185,2,0.09,9.0,1.89,246060
